timestamp,level,currency,divisor
2013-03-15,1000.0,USD,1.0
2013-03-18,995.2367205542726,USD,1.0
2013-03-19,993.5848088273032,USD,1.0
2013-03-20,999.3504618937645,USD,1.0
2013-03-21,992.1975237362074,USD,1.0
2013-03-22,999.1660251475495,USD,1.0
2013-03-25,996.1188093405184,USD,1.0
2013-03-26,1002.2292789325123,USD,1.0
2013-03-27,1002.4377726456248,USD,1.0
2013-03-28,1004.5227097767514,USD,1.0
2013-04-01,1002.2833608791113,USD,1.0
2013-04-02,1006.3843558422743,USD,1.0
2013-04-03,997.3959671538936,USD,1.0
2013-04-04,1001.5608343502159,USD,1.0
2013-04-05,998.0456558562807,USD,1.0
2013-04-08,1003.4548862488873,USD,1.0
2013-04-09,1006.424235649744,USD,1.0
2013-04-10,1016.9775964968918,USD,1.0
2013-04-11,1019.8665480419755,USD,1.0
2013-04-12,1018.0444949341094,USD,1.0
2013-04-15,999.1562541126366,USD,1.0
2013-04-16,1011.0382951347676,USD,1.0
2013-04-17,998.0884071297785,USD,1.0
2013-04-18,993.4846558127396,USD,1.0
2013-04-19,1000.7789740149747,USD,1.0
2013-04-22,1004.4987919354875,USD,1.0
2013-04-23,1012.9903790871492,USD,1.0
2013-04-24,1013.6329716255643,USD,1.0
2013-04-25,1017.6012806202787,USD,1.0
2013-04-26,1015.673272596372,USD,1.0
2013-04-29,1019.9714650332501,USD,1.0
2013-04-30,1021.3485633907094,USD,1.0
2013-05-01,1015.9949944330319,USD,1.0
2013-05-02,1022.2636000355819,USD,1.0
2013-05-03,1027.467978961883,USD,1.0
2013-05-06,1029.158985734338,USD,1.0
2013-05-07,1031.0317435348843,USD,1.0
2013-05-08,1030.9532193305192,USD,1.0
2013-05-09,1031.6694662939976,USD,1.0
2013-05-10,1031.9487862137921,USD,1.0
2013-05-13,1032.5374309772565,USD,1.0
2013-05-14,1040.6490624878033,USD,1.0
2013-05-15,1044.7953394078197,USD,1.0
2013-05-16,1041.9967337808323,USD,1.0
2013-05-17,1047.9987357247887,USD,1.0
2013-05-20,1048.2418187944409,USD,1.0
2013-05-21,1049.2908866626215,USD,1.0
2013-05-22,1045.5330987601121,USD,1.0
2013-05-23,1044.74889434129,USD,1.0
2013-05-24,1044.4908673350085,USD,1.0
2013-05-28,1049.8269221783848,USD,1.0
2013-05-29,1045.1988916732662,USD,1.0
2013-05-30,1048.7628366780284,USD,1.0
2013-05-31,1035.8367777936892,USD,1.0
2013-06-03,1042.8124857857276,USD,1.0
2013-06-04,1038.1767230356722,USD,1.0
2013-06-05,1024.6331451413278,USD,1.0
2013-06-06,1032.8985860227808,USD,1.0
2013-06-07,1045.6257877166395,USD,1.0
2013-06-10,1045.2656700700736,USD,1.0
2013-06-11,1036.7073697945139,USD,1.0
2013-06-12,1029.8582114761941,USD,1.0
2013-06-13,1043.287856741857,USD,1.0
2013-06-14,1037.7743382601961,USD,1.0
2013-06-17,1045.2058156450473,USD,1.0
2013-06-18,1051.2798998871776,USD,1.0
2013-06-19,1039.6104287250537,USD,1.0
2013-06-20,1015.539195292218,USD,1.0
2013-06-21,1019.1947149627983,USD,1.0
2013-06-24,1012.6720071416735,USD,1.0
2013-06-25,1019.9184865446473,USD,1.0
2013-06-26,1026.0738937066433,USD,1.0
2013-06-27,1028.5373869528441,USD,1.0
2013-06-28,1025.2302636678555,USD,1.0
2013-07-01,1031.4322938793835,USD,1.0
2013-07-02,1030.7960882734012,USD,1.0
2013-07-03,1030.9095722961797,USD,1.0
2013-07-05,1036.1069797289263,USD,1.0
2013-07-08,1039.2931745047333,USD,1.0
2013-07-09,1043.0165247733946,USD,1.0
2013-07-10,1043.0442927059964,USD,1.0
2013-07-11,1047.7445191349757,USD,1.0
2013-07-12,1048.9839478259762,USD,1.0
2013-07-15,1049.5505966376318,USD,1.0
2013-07-16,1049.348021994488,USD,1.0
2013-07-17,1050.131301844407,USD,1.0
2013-07-18,1052.8269273951948,USD,1.0
2013-07-19,1049.6927151116718,USD,1.0
2013-07-22,1051.4763483672743,USD,1.0
2013-07-23,1049.6657241841606,USD,1.0
2013-07-24,1046.7033788696374,USD,1.0
2013-07-25,1049.0955820824377,USD,1.0
2013-07-26,1049.8744112706202,USD,1.0
2013-07-29,1046.7388801571626,USD,1.0
2013-07-30,1046.7627321391424,USD,1.0
2013-07-31,1046.9949247261252,USD,1.0
2013-08-01,1057.7969287201856,USD,1.0
2013-08-02,1059.1635247085717,USD,1.0
2013-08-05,1058.5499182787826,USD,1.0
2013-08-06,1053.2831541534015,USD,1.0
2013-08-07,1050.745708879164,USD,1.0
2013-08-08,1054.0365466446804,USD,1.0
2013-08-09,1051.7241461298695,USD,1.0
2013-08-12,1050.4570335482667,USD,1.0
2013-08-13,1053.6473477018926,USD,1.0
2013-08-14,1048.6618606360923,USD,1.0
2013-08-15,1036.0266918661778,USD,1.0
2013-08-16,1033.681148733007,USD,1.0
2013-08-19,1028.6331593904301,USD,1.0
2013-08-20,1032.882473060305,USD,1.0
2013-08-21,1028.6925417509453,USD,1.0
2013-08-22,1035.4039870217462,USD,1.0
2013-08-23,1038.2922836533521,USD,1.0
2013-08-26,1035.4363116438171,USD,1.0
2013-08-27,1022.5405663114439,USD,1.0
2013-08-28,1026.142198904804,USD,1.0
2013-08-29,1028.0235916147567,USD,1.0
2013-08-30,1024.9600222447616,USD,1.0
2013-09-03,1028.3932102965057,USD,1.0
2013-09-04,1033.7669863505048,USD,1.0
2013-09-05,1034.5194661853675,USD,1.0
2013-09-06,1035.985028653699,USD,1.0
2013-09-09,1040.6002075725871,USD,1.0
2013-09-10,1041.3150389960824,USD,1.0
2013-09-11,1040.8480561420788,USD,1.0
2013-09-12,1041.6321039007314,USD,1.0
2013-09-13,1041.5812388471095,USD,1.0
2013-09-16,1046.5376056584523,USD,1.0
2013-09-17,1049.4708951025216,USD,1.0
2013-09-18,1057.5594881938566,USD,1.0
2013-09-19,1056.8900796603723,USD,1.0
2013-09-20,1052.479830360618,USD,1.0
2013-09-23,1050.9482400694167,USD,1.0
2013-09-24,1048.4360462071047,USD,1.0
2013-09-25,1046.1683686973752,USD,1.0
2013-09-26,1048.4945042700313,USD,1.0
2013-09-27,1045.2683298200232,USD,1.0
2013-09-30,1042.434410440907,USD,1.0
2013-10-01,1047.9467388826017,USD,1.0
2013-10-02,1048.2109178696464,USD,1.0
2013-10-03,1042.6490915868383,USD,1.0
2013-10-04,1047.2979810416687,USD,1.0
2013-10-07,1042.8970833516346,USD,1.0
2013-10-08,1034.545455333313,USD,1.0
2013-10-09,1034.6675000522207,USD,1.0
2013-10-10,1049.8422564400648,USD,1.0
2013-10-11,1053.5296858433123,USD,1.0
2013-10-14,1056.2540905168019,USD,1.0
2013-10-15,1051.6816653134658,USD,1.0
2013-10-16,1060.468120230978,USD,1.0
2013-10-17,1062.757057140286,USD,1.0
2013-10-18,1065.455145702169,USD,1.0
2013-10-21,1066.1849767250958,USD,1.0
2013-10-22,1065.657482166566,USD,1.0
2013-10-23,1066.7095122239982,USD,1.0
2013-10-24,1066.3993025595248,USD,1.0
2013-10-25,1067.0515695764154,USD,1.0
2013-10-28,1068.471921586034,USD,1.0
2013-10-29,1072.6991582767819,USD,1.0
2013-10-30,1069.042292933166,USD,1.0
2013-10-31,1066.496389186972,USD,1.0
2013-11-01,1069.126666850638,USD,1.0
2013-11-04,1072.3322238838073,USD,1.0
2013-11-05,1069.8340713416278,USD,1.0
2013-11-06,1074.1853584635471,USD,1.0
2013-11-07,1063.2071820564202,USD,1.0
2013-11-08,1074.9632264699642,USD,1.0
2013-11-11,1074.7977973699005,USD,1.0
2013-11-12,1073.7491395712466,USD,1.0
2013-11-13,1080.0949673110777,USD,1.0
2013-11-14,1084.7944912070498,USD,1.0
2013-11-15,1088.9234201862641,USD,1.0
2013-11-18,1086.602196221884,USD,1.0
2013-11-19,1084.8111005240507,USD,1.0
2013-11-20,1082.0070528629844,USD,1.0
2013-11-21,1089.197865488186,USD,1.0
2013-11-22,1093.6668595244453,USD,1.0
2013-11-25,1093.1824794666647,USD,1.0
2013-11-26,1092.8742905533677,USD,1.0
2013-11-27,1095.6866509161043,USD,1.0
2013-11-29,1095.0369931101036,USD,1.0
2013-12-02,1092.8078182939948,USD,1.0
2013-12-03,1089.4284147824014,USD,1.0
2013-12-04,1088.1656669991096,USD,1.0
2013-12-05,1084.6489016889,USD,1.0
2013-12-06,1094.2407210001418,USD,1.0
2013-12-09,1096.464930114909,USD,1.0
2013-12-10,1093.2714633931294,USD,1.0
2013-12-11,1083.3706295316351,USD,1.0
2013-12-12,1080.2210377533156,USD,1.0
2013-12-13,1080.2439192756606,USD,1.0
2013-12-16,1086.4132488119824,USD,1.0
2013-12-17,1082.794730190106,USD,1.0
2013-12-18,1098.6522298788661,USD,1.0
2013-12-19,1097.9545642478618,USD,1.0
2013-12-20,1103.5970205476162,USD,1.0
2013-12-23,1107.5948822393573,USD,1.0
2013-12-24,1108.4870477972759,USD,1.0
2013-12-26,1112.2340580388743,USD,1.0
2013-12-27,1112.386333199258,USD,1.0
2013-12-30,1113.6194474620854,USD,1.0
2013-12-31,1115.0748648588074,USD,1.0
2014-01-02,1110.2555236911742,USD,1.0
2014-01-03,1110.0426179421675,USD,1.0
2014-01-06,1107.255195466988,USD,1.0
2014-01-07,1111.9255928115838,USD,1.0
2014-01-08,1112.0763120580455,USD,1.0
2014-01-09,1112.6569701630788,USD,1.0
2014-01-10,1115.1467093675378,USD,1.0
2014-01-13,1103.5303636267631,USD,1.0
2014-01-14,1113.8281505751447,USD,1.0
2014-01-15,1118.768507867793,USD,1.0
2014-01-16,1118.0460183036812,USD,1.0
2014-01-17,1113.591044576546,USD,1.0
2014-01-21,1115.887913918671,USD,1.0
2014-01-22,1116.4212584574616,USD,1.0
2014-01-23,1109.6945702458975,USD,1.0
2014-01-24,1093.2860415267817,USD,1.0
2014-01-27,1088.5243847116665,USD,1.0
2014-01-28,1092.447128508571,USD,1.0
2014-01-29,1084.3018292128936,USD,1.0
2014-01-30,1095.2310728871953,USD,1.0
2014-01-31,1090.0768213411545,USD,1.0
2014-02-03,1078.6851972120483,USD,1.0
2014-02-04,1083.126110640906,USD,1.0
2014-02-05,1082.2175056790447,USD,1.0
2014-02-06,1089.7333196180025,USD,1.0
2014-02-07,1096.3601366078644,USD,1.0
2014-02-10,1098.622096465704,USD,1.0
2014-02-11,1103.7376932582597,USD,1.0
2014-02-12,1104.062322294926,USD,1.0
2014-02-13,1105.6990957353664,USD,1.0
2014-02-14,1104.292339451953,USD,1.0
2014-02-18,1105.4286238029663,USD,1.0
2014-02-19,1100.5942379308583,USD,1.0
2014-02-20,1105.399441319883,USD,1.0
2014-02-21,1104.7204435606739,USD,1.0
2014-02-24,1108.6291827417513,USD,1.0
2014-02-25,1108.288531177931,USD,1.0
2014-02-26,1109.3952326863923,USD,1.0
2014-02-27,1114.251181797878,USD,1.0
2014-02-28,1116.701769348932,USD,1.0
2014-03-03,1112.0505629352988,USD,1.0
2014-03-04,1122.513993331057,USD,1.0
2014-03-05,1122.9349822264824,USD,1.0
2014-03-06,1126.2932543010572,USD,1.0
2014-03-07,1126.8194273681738,USD,1.0
2014-03-10,1127.4593661708116,USD,1.0
2014-03-11,1123.459669523623,USD,1.0
2014-03-12,1123.446965887421,USD,1.0
2014-03-13,1113.3070935792543,USD,1.0
2014-03-14,1111.3314003619005,USD,1.0
2014-03-17,1118.2693187739346,USD,1.0
2014-03-18,1123.446724049728,USD,1.0
2014-03-19,1120.166828128143,USD,1.0
2014-03-20,1123.995293739381,USD,1.0
2014-03-21,1122.126686546894,USD,1.0
2014-03-24,1119.363968904966,USD,1.0
2014-03-25,1122.8060416158287,USD,1.0
2014-03-26,1118.185738917678,USD,1.0
2014-03-27,1115.743332090518,USD,1.0
2014-03-28,1119.2480880270145,USD,1.0
2014-03-31,1125.2173409962254,USD,1.0
2014-04-01,1127.2984211653186,USD,1.0
2014-04-02,1128.9669134655437,USD,1.0
2014-04-03,1127.3966954235455,USD,1.0
2014-04-04,1122.8870472210658,USD,1.0
2014-04-07,1115.7470302047707,USD,1.0
2014-04-08,1118.9771779881676,USD,1.0
2014-04-09,1127.1465168364703,USD,1.0
2014-04-10,1110.1394290152052,USD,1.0
2014-04-11,1103.2497218431618,USD,1.0
2014-04-14,1108.5451331110794,USD,1.0
2014-04-15,1110.4383285334166,USD,1.0
2014-04-16,1115.8290152948605,USD,1.0
2014-04-17,1115.5780332482602,USD,1.0
2014-04-21,1116.393081515708,USD,1.0
2014-04-22,1115.742812580578,USD,1.0
2014-04-23,1114.4930550912768,USD,1.0
2014-04-24,1116.534013208786,USD,1.0
2014-04-25,1118.594484388848,USD,1.0
2014-04-28,1120.5856088820597,USD,1.0
2014-04-29,1124.2290760573926,USD,1.0
2014-04-30,1126.8358930697095,USD,1.0
2014-05-01,1126.7292028715021,USD,1.0
2014-05-02,1127.446609492207,USD,1.0
2014-05-05,1129.5482564875927,USD,1.0
2014-05-06,1122.04617444463,USD,1.0
2014-05-07,1126.5089336230524,USD,1.0
2014-05-08,1125.8054853501965,USD,1.0
2014-05-09,1127.0589063469815,USD,1.0
2014-05-12,1133.545071604133,USD,1.0
2014-05-13,1134.4271289995077,USD,1.0
2014-05-14,1131.2777476034782,USD,1.0
2014-05-15,1124.7819323517178,USD,1.0
2014-05-16,1127.4976770528601,USD,1.0
2014-05-19,1129.5816421987236,USD,1.0
2014-05-20,1124.4740994540107,USD,1.0
2014-05-21,1131.4155919140899,USD,1.0
2014-05-22,1133.8560694308321,USD,1.0
2014-05-23,1137.8026823487378,USD,1.0
2014-05-27,1142.9322857034845,USD,1.0
2014-05-28,1142.1726227492704,USD,1.0
2014-05-29,1146.7863526812616,USD,1.0
2014-05-30,1148.2664944478252,USD,1.0
2014-06-02,1149.9853002714449,USD,1.0
2014-06-03,1149.0572599609964,USD,1.0
2014-06-04,1150.0776234412097,USD,1.0
2014-06-05,1153.974146144959,USD,1.0
2014-06-06,1154.5241288931875,USD,1.0
2014-06-09,1155.6862783657116,USD,1.0
2014-06-10,1155.8131150579206,USD,1.0
2014-06-11,1152.6155813761218,USD,1.0
2014-06-12,1146.1218941419984,USD,1.0
2014-06-13,1149.3201808136662,USD,1.0
2014-06-16,1150.0147254544706,USD,1.0
2014-06-17,1152.588201425947,USD,1.0
2014-06-18,1159.1391110768664,USD,1.0
2014-06-19,1160.1648300382863,USD,1.0
2014-06-20,1162.5717634831944,USD,1.0
2014-06-23,1162.4759918156753,USD,1.0
2014-06-24,1157.4254756971516,USD,1.0
2014-06-25,1161.4474831584332,USD,1.0
2014-06-26,1160.4453538346752,USD,1.0
2014-06-27,1161.9694668040813,USD,1.0
2014-06-30,1160.9977938145678,USD,1.0
2014-07-01,1167.3832327034527,USD,1.0
2014-07-02,1167.4350910672692,USD,1.0
2014-07-03,1172.0152909294816,USD,1.0
2014-07-07,1169.1957916880829,USD,1.0
2014-07-08,1163.6738706573053,USD,1.0
2014-07-09,1167.480320271337,USD,1.0
2014-07-10,1164.8351960430832,USD,1.0
2014-07-11,1165.0640953494985,USD,1.0
2014-07-14,1169.309613119379,USD,1.0
2014-07-15,1167.65831853999,USD,1.0
2014-07-16,1170.5083529918923,USD,1.0
2014-07-17,1161.7818737390833,USD,1.0
2014-07-18,1170.1939966636062,USD,1.0
2014-07-21,1168.6623959563553,USD,1.0
2014-07-22,1172.2990721983044,USD,1.0
2014-07-23,1174.4629104483597,USD,1.0
2014-07-24,1174.7774342149773,USD,1.0
2014-07-25,1170.8912056243312,USD,1.0
2014-07-28,1170.8013771135459,USD,1.0
2014-07-29,1167.0558907361676,USD,1.0
2014-07-30,1166.7712675912885,USD,1.0
2014-07-31,1151.0891154888955,USD,1.0
2014-08-01,1149.7702761432934,USD,1.0
2014-08-04,1154.341102192736,USD,1.0
2014-08-05,1149.5520978347147,USD,1.0
2014-08-06,1149.8495792898723,USD,1.0
2014-08-07,1145.612221620659,USD,1.0
2014-08-08,1154.7601857357026,USD,1.0
2014-08-11,1155.3608817313639,USD,1.0
2014-08-12,1154.3280781566048,USD,1.0
2014-08-13,1158.6903692958215,USD,1.0
2014-08-14,1161.754940904295,USD,1.0
2014-08-15,1162.4652743040438,USD,1.0
2014-08-18,1168.154741429027,USD,1.0
2014-08-19,1172.0225564097454,USD,1.0
2014-08-20,1172.9571126046376,USD,1.0
2014-08-21,1173.8432780748444,USD,1.0
2014-08-22,1173.6543304632348,USD,1.0
2014-08-25,1177.302834529853,USD,1.0
2014-08-26,1177.061224691632,USD,1.0
2014-08-27,1178.0770774184512,USD,1.0
2014-08-28,1178.5463626661738,USD,1.0
2014-08-29,1179.8987850947583,USD,1.0
2014-09-02,1179.1245195294402,USD,1.0
2014-09-03,1178.50284415084,USD,1.0
2014-09-04,1176.8722361604478,USD,1.0
2014-09-05,1180.8337098019895,USD,1.0
2014-09-08,1178.3155658530127,USD,1.0
2014-09-09,1172.0228116484643,USD,1.0
2014-09-10,1175.723690831644,USD,1.0
2014-09-11,1176.894800120103,USD,1.0
2014-09-12,1171.2122617743953,USD,1.0
2014-09-15,1170.8174535347753,USD,1.0
2014-09-16,1176.9378209181978,USD,1.0
2014-09-17,1177.8804545576731,USD,1.0
2014-09-18,1182.4993491876394,USD,1.0
2014-09-19,1182.1742592750595,USD,1.0
2014-09-22,1175.7569811494393,USD,1.0
2014-09-23,1172.395454074315,USD,1.0
2014-09-24,1177.3760057963414,USD,1.0
2014-09-25,1164.965685592148,USD,1.0
2014-09-26,1170.9878398680892,USD,1.0
2014-09-29,1171.3834996169455,USD,1.0
2014-09-30,1170.0834463890567,USD,1.0
2014-10-01,1160.1497169951158,USD,1.0
2014-10-02,1160.4568393013735,USD,1.0
2014-10-03,1166.8615833309207,USD,1.0
2014-10-06,1166.559523526187,USD,1.0
2014-10-07,1157.2392354928982,USD,1.0
2014-10-08,1166.8090201342336,USD,1.0
2014-10-09,1153.9721607461224,USD,1.0
2014-10-10,1147.4222956352558,USD,1.0
2014-10-13,1146.183298499653,USD,1.0
2014-10-14,1144.2785334230655,USD,1.0
2014-10-15,1147.7839538527599,USD,1.0
2014-10-16,1144.92093679257,USD,1.0
2014-10-17,1145.748022330812,USD,1.0
2014-10-20,1150.2176655239439,USD,1.0
2014-10-21,1156.2787479098877,USD,1.0
2014-10-22,1156.1823307112195,USD,1.0
2014-10-23,1159.4617265390275,USD,1.0
2014-10-24,1160.566872361956,USD,1.0
2014-10-27,1159.550690564692,USD,1.0
2014-10-28,1164.7605456930432,USD,1.0
2014-10-29,1166.503631839383,USD,1.0
2014-10-30,1168.3738590455987,USD,1.0
2014-10-31,1171.365675416255,USD,1.0
2014-11-03,1172.3116752857666,USD,1.0
2014-11-04,1172.121970538132,USD,1.0
2014-11-05,1173.0734889366372,USD,1.0
2014-11-06,1171.793935051622,USD,1.0
2014-11-07,1172.7319970306255,USD,1.0
2014-11-10,1174.4210852545275,USD,1.0
2014-11-11,1174.954563455964,USD,1.0
2014-11-12,1174.4330205484578,USD,1.0
2014-11-13,1176.5929998415195,USD,1.0
2014-11-14,1176.3499502222737,USD,1.0
2014-11-17,1176.90561908106,USD,1.0
2014-11-18,1182.076655997554,USD,1.0
2014-11-19,1180.993670184055,USD,1.0
2014-11-20,1182.5793366738012,USD,1.0
2014-11-21,1188.2105335796255,USD,1.0
2014-11-24,1190.1723367060606,USD,1.0
2014-11-25,1190.2169932640445,USD,1.0
2014-11-26,1191.842351761439,USD,1.0
2014-11-28,1190.6869032397315,USD,1.0
2014-12-01,1184.7055681850736,USD,1.0
2014-12-02,1189.686148408068,USD,1.0
2014-12-03,1193.3142683822605,USD,1.0
2014-12-04,1191.7594506283488,USD,1.0
2014-12-05,1193.340408041017,USD,1.0
2014-12-08,1188.2829321654074,USD,1.0
2014-12-09,1187.9952045707366,USD,1.0
2014-12-10,1174.7702133625526,USD,1.0
2014-12-11,1182.5838671552665,USD,1.0
2014-12-12,1169.3440262266954,USD,1.0
2014-12-15,1160.3225193742817,USD,1.0
2014-12-16,1155.4615853557582,USD,1.0
2014-12-17,1168.9610878990816,USD,1.0
2014-12-18,1190.742556862957,USD,1.0
2014-12-19,1193.8026420145043,USD,1.0
2014-12-22,1197.82219767648,USD,1.0
2014-12-23,1198.9693014243321,USD,1.0
2014-12-24,1200.3068777719047,USD,1.0
2014-12-26,1201.1410654457097,USD,1.0
2014-12-29,1202.8143423761287,USD,1.0
2014-12-30,1199.04741857686,USD,1.0
2014-12-31,1192.493420258841,USD,1.0
2015-01-02,1192.5467165953562,USD,1.0
2015-01-05,1179.6159234017166,USD,1.0
2015-01-06,1173.4626833175448,USD,1.0
2015-01-07,1181.1445364690787,USD,1.0
2015-01-08,1192.7498203457276,USD,1.0
2015-01-09,1187.8687723166765,USD,1.0
2015-01-12,1182.2714192827589,USD,1.0
2015-01-13,1180.4009487224653,USD,1.0
2015-01-14,1175.58224066031,USD,1.0
2015-01-15,1168.1179480671617,USD,1.0
2015-01-16,1178.6654624946473,USD,1.0
2015-01-20,1180.2456439540722,USD,1.0
2015-01-21,1181.9135093142029,USD,1.0
2015-01-22,1187.1866909086925,USD,1.0
2015-01-23,1187.3160737229334,USD,1.0
2015-01-26,1186.9995459140785,USD,1.0
2015-01-27,1181.7916035203907,USD,1.0
2015-01-28,1178.429680820493,USD,1.0
2015-01-29,1182.3070381084453,USD,1.0
2015-01-30,1175.1822948446147,USD,1.0
2015-02-02,1179.516792867696,USD,1.0
2015-02-03,1184.462934007997,USD,1.0
2015-02-04,1186.5699668243979,USD,1.0
2015-02-05,1186.1596844022502,USD,1.0
2015-02-06,1185.6071257979374,USD,1.0
2015-02-09,1187.6853472367989,USD,1.0
2015-02-10,1188.1088327861814,USD,1.0
2015-02-11,1187.3527297402254,USD,1.0
2015-02-12,1184.5172202581323,USD,1.0
2015-02-13,1182.9158063849886,USD,1.0
2015-02-17,1185.0684213363866,USD,1.0
2015-02-18,1185.3197546052622,USD,1.0
2015-02-19,1184.4431908999557,USD,1.0
2015-02-20,1188.979040584898,USD,1.0
2015-02-23,1188.388972534191,USD,1.0
2015-02-24,1190.0790140283398,USD,1.0
2015-02-25,1189.441978491097,USD,1.0
2015-02-26,1188.0479786709236,USD,1.0
2015-02-27,1184.351858323601,USD,1.0
2015-03-02,1189.7927231341457,USD,1.0
2015-03-03,1186.8740180795965,USD,1.0
2015-03-04,1182.7778199348206,USD,1.0
2015-03-05,1183.658695043228,USD,1.0
2015-03-06,1170.8478988899624,USD,1.0
2015-03-09,1174.6228677128065,USD,1.0
2015-03-10,1161.2568578096627,USD,1.0
2015-03-11,1159.0493015221234,USD,1.0
2015-03-12,1169.5772054193158,USD,1.0
2015-03-13,1164.6702516640241,USD,1.0
2015-03-16,1173.691032141986,USD,1.0
2015-03-17,1170.646202042783,USD,1.0
2015-03-18,1176.214535120525,USD,1.0
2015-03-19,1176.7927822386623,USD,1.0
2015-03-20,1182.1658746764876,USD,1.0
2015-03-23,1182.253132409046,USD,1.0
2015-03-24,1180.3212582582062,USD,1.0
2015-03-25,1172.2957273821105,USD,1.0
2015-03-26,1170.374409685705,USD,1.0
2015-03-27,1171.8628814366866,USD,1.0
2015-03-30,1178.1529251594477,USD,1.0
2015-03-31,1174.7100035662932,USD,1.0
2015-04-01,1172.525710138026,USD,1.0
2015-04-02,1174.703905308177,USD,1.0
2015-04-06,1179.239924639963,USD,1.0
2015-04-07,1177.747566288342,USD,1.0
2015-04-08,1179.8614451975257,USD,1.0
2015-04-09,1181.8639206903874,USD,1.0
2015-04-10,1186.0062029681503,USD,1.0
2015-04-13,1182.7272673347532,USD,1.0
2015-04-14,1183.8591132507356,USD,1.0
2015-04-15,1187.184229496904,USD,1.0
2015-04-16,1186.7641637705324,USD,1.0
2015-04-17,1178.3698883347574,USD,1.0
2015-04-20,1185.414211761878,USD,1.0
2015-04-21,1183.6374901938307,USD,1.0
2015-04-22,1187.5693425085694,USD,1.0
2015-04-23,1189.6223707591823,USD,1.0
2015-04-24,1191.6449341519924,USD,1.0
2015-04-27,1188.0155759088711,USD,1.0
2015-04-28,1189.8620989853894,USD,1.0
2015-04-29,1187.579618727886,USD,1.0
2015-04-30,1179.7956006507657,USD,1.0
2015-05-01,1187.6126511778643,USD,1.0
2015-05-04,1189.9566202114115,USD,1.0
2015-05-05,1180.8632112202472,USD,1.0
2015-05-06,1177.8530534896918,USD,1.0
2015-05-07,1180.7796158448145,USD,1.0
2015-05-08,1191.2301492039337,USD,1.0
2015-05-11,1187.2882239792423,USD,1.0
2015-05-12,1184.2237610526179,USD,1.0
2015-05-13,1184.4317745755661,USD,1.0
2015-05-14,1192.4447899010595,USD,1.0
2015-05-15,1193.3032508902895,USD,1.0
2015-05-18,1195.3307125668816,USD,1.0
2015-05-19,1194.8211762241117,USD,1.0
2015-05-20,1193.839019824417,USD,1.0
2015-05-21,1195.8356874265733,USD,1.0
2015-05-22,1193.494993218048,USD,1.0
2015-05-26,1183.9262846146146,USD,1.0
2015-05-27,1192.1022312506284,USD,1.0
2015-05-28,1191.0187808372336,USD,1.0
2015-05-29,1185.602430040867,USD,1.0
2015-06-01,1187.2227649971312,USD,1.0
2015-06-02,1186.8863411358248,USD,1.0
2015-06-03,1188.3500365176974,USD,1.0
2015-06-04,1182.0829399461447,USD,1.0
2015-06-05,1179.9638225536726,USD,1.0
2015-06-08,1175.9599155150902,USD,1.0
2015-06-09,1175.2736160902434,USD,1.0
2015-06-10,1182.9630207329972,USD,1.0
2015-06-11,1186.1897995828606,USD,1.0
2015-06-12,1180.7804038960908,USD,1.0
2015-06-15,1177.8423755866834,USD,1.0
2015-06-16,1181.8944945376911,USD,1.0
2015-06-17,1183.8153652125857,USD,1.0
2015-06-18,1192.360089875737,USD,1.0
2015-06-19,1189.5055803887344,USD,1.0
2015-06-22,1190.9681582980581,USD,1.0
2015-06-23,1190.4248580383507,USD,1.0
2015-06-24,1185.854804695369,USD,1.0
2015-06-25,1183.6406885838646,USD,1.0
2015-06-26,1182.8108033214567,USD,1.0
2015-06-29,1171.401392901637,USD,1.0
2015-06-30,1171.9023137566498,USD,1.0
2015-07-01,1175.3735983708598,USD,1.0
2015-07-02,1176.018703592695,USD,1.0
2015-07-06,1175.690931008191,USD,1.0
2015-07-07,1178.9205233309387,USD,1.0
2015-07-08,1171.386919510003,USD,1.0
2015-07-09,1173.5890160535819,USD,1.0
2015-07-10,1177.860269559328,USD,1.0
2015-07-13,1181.9926529573797,USD,1.0
2015-07-14,1184.8185456006656,USD,1.0
2015-07-15,1184.2842608577746,USD,1.0
2015-07-16,1187.9985215649453,USD,1.0
2015-07-17,1187.700963608187,USD,1.0
2015-07-20,1187.361817291426,USD,1.0
2015-07-21,1184.0562188691642,USD,1.0
2015-07-22,1182.8586605919725,USD,1.0
2015-07-23,1178.35131523281,USD,1.0
2015-07-24,1170.5500550393892,USD,1.0
2015-07-27,1168.1543395660808,USD,1.0
2015-07-28,1175.3422660414653,USD,1.0
2015-07-29,1180.2648519765235,USD,1.0
2015-07-30,1179.696432518567,USD,1.0
2015-07-31,1178.57775456615,USD,1.0
2015-08-03,1176.5172441745076,USD,1.0
2015-08-04,1175.8555218692377,USD,1.0
2015-08-05,1177.1008447231382,USD,1.0
2015-08-06,1171.202708530471,USD,1.0
2015-08-07,1169.813681546062,USD,1.0
2015-08-10,1178.3244003115212,USD,1.0
2015-08-11,1172.825138303113,USD,1.0
2015-08-12,1173.2163144318106,USD,1.0
2015-08-13,1172.1427107443396,USD,1.0
2015-08-14,1174.1473486959985,USD,1.0
2015-08-17,1178.2856013430176,USD,1.0
2015-08-18,1176.5660313508533,USD,1.0
2015-08-19,1172.6546165742068,USD,1.0
2015-08-20,1160.724417515863,USD,1.0
2015-08-21,1146.2453582645549,USD,1.0
2015-08-24,1144.2181580556862,USD,1.0
2015-08-25,1129.5240980842666,USD,1.0
2015-08-26,1142.532983473358,USD,1.0
2015-08-27,1150.038811423713,USD,1.0
2015-08-28,1150.7604188146038,USD,1.0
2015-08-31,1156.65733115776,USD,1.0
2015-09-01,1146.225926864026,USD,1.0
2015-09-02,1151.6711343117154,USD,1.0
2015-09-03,1153.3134845348154,USD,1.0
2015-09-04,1147.644438267841,USD,1.0
2015-09-08,1155.8054120989145,USD,1.0
2015-09-09,1149.3624776948877,USD,1.0
2015-09-10,1152.5600475444235,USD,1.0
2015-09-11,1152.1392282126862,USD,1.0
2015-09-14,1152.2591203953223,USD,1.0
2015-09-15,1150.084635568631,USD,1.0
2015-09-16,1148.264641862241,USD,1.0
2015-09-17,1154.221739961923,USD,1.0
2015-09-18,1151.303215574552,USD,1.0
2015-09-21,1151.6341357902604,USD,1.0
2015-09-22,1150.6011382494007,USD,1.0
2015-09-23,1149.3263429005608,USD,1.0
2015-09-24,1150.4129680271556,USD,1.0
2015-09-25,1150.4390083882993,USD,1.0
2015-09-28,1147.2116153200488,USD,1.0
2015-09-29,1147.5868856180077,USD,1.0
2015-09-30,1153.5818741761364,USD,1.0
2015-10-01,1150.2447762894776,USD,1.0
2015-10-02,1152.5889902187937,USD,1.0
2015-10-05,1151.240209309519,USD,1.0
2015-10-06,1153.8287624627205,USD,1.0
2015-10-07,1148.6525605559602,USD,1.0
2015-10-08,1141.3924890303983,USD,1.0
2015-10-09,1142.098580176557,USD,1.0
2015-10-12,1140.7124409645812,USD,1.0
2015-10-13,1141.4044212905947,USD,1.0
2015-10-14,1140.1801701816873,USD,1.0
2015-10-15,1143.5322288692012,USD,1.0
2015-10-16,1145.7604107826162,USD,1.0
2015-10-19,1144.5946915359978,USD,1.0
2015-10-20,1146.2606164494716,USD,1.0
2015-10-21,1144.0703253620904,USD,1.0
2015-10-22,1144.9474410941173,USD,1.0
2015-10-23,1147.2578228855027,USD,1.0
2015-10-26,1146.2584840241886,USD,1.0
2015-10-27,1144.0209123424077,USD,1.0
2015-10-28,1148.9488627828998,USD,1.0
2015-10-29,1149.1400314642606,USD,1.0
2015-10-30,1147.806028492327,USD,1.0
2015-11-02,1153.617792692022,USD,1.0
2015-11-03,1154.2681465914202,USD,1.0
2015-11-04,1154.9658938493724,USD,1.0
2015-11-05,1154.3476504517062,USD,1.0
2015-11-06,1154.3898826670597,USD,1.0
2015-11-09,1149.8369383751751,USD,1.0
2015-11-10,1150.5052601506786,USD,1.0
2015-11-11,1148.6609637730432,USD,1.0
2015-11-12,1141.797762128666,USD,1.0
2015-11-13,1136.2679761090421,USD,1.0
2015-11-16,1143.5359056918178,USD,1.0
2015-11-17,1142.1060700973735,USD,1.0
2015-11-18,1151.7347471646945,USD,1.0
2015-11-19,1151.7031588043596,USD,1.0
2015-11-20,1153.272221342866,USD,1.0
2015-11-23,1152.4106471472817,USD,1.0
2015-11-24,1154.2046229963973,USD,1.0
2015-11-25,1152.30001547623,USD,1.0
2015-11-27,1153.309600689196,USD,1.0
2015-11-30,1150.3168699944515,USD,1.0
2015-12-01,1156.0390504035076,USD,1.0
2015-12-02,1148.5029793289182,USD,1.0
2015-12-03,1140.4137237590464,USD,1.0
2015-12-04,1152.620744540003,USD,1.0
2015-12-07,1146.6029811058163,USD,1.0
2015-12-08,1146.5766085300816,USD,1.0
2015-12-09,1142.7831662301226,USD,1.0
2015-12-10,1143.6555151625678,USD,1.0
2015-12-11,1136.2888144394065,USD,1.0
2015-12-14,1138.1176927689446,USD,1.0
2015-12-15,1139.7260744672421,USD,1.0
2015-12-16,1147.2610079195665,USD,1.0
2015-12-17,1139.8623430800649,USD,1.0
2015-12-18,1131.268370623804,USD,1.0
2015-12-21,1130.8338536717756,USD,1.0
2015-12-22,1130.487224116097,USD,1.0
2015-12-23,1134.9073906291767,USD,1.0
2015-12-24,1134.6870620245961,USD,1.0
2015-12-28,1133.6896860798627,USD,1.0
2015-12-29,1129.1196090174992,USD,1.0
2015-12-30,1135.488741241551,USD,1.0
2015-12-31,1139.8597797547918,USD,1.0
2016-01-04,1135.4802150204105,USD,1.0
2016-01-05,1136.3256501911274,USD,1.0
2016-01-06,1131.5905573103225,USD,1.0
2016-01-07,1124.9432762091806,USD,1.0
2016-01-08,1120.2932184716624,USD,1.0
2016-01-11,1119.7142209865701,USD,1.0
2016-01-12,1123.7289479892097,USD,1.0
2016-01-13,1115.422121306946,USD,1.0
2016-01-14,1118.1079188015974,USD,1.0
2016-01-15,1112.2760226804496,USD,1.0
2016-01-19,1116.2715290930923,USD,1.0
2016-01-20,1114.6034366492927,USD,1.0
2016-01-21,1117.929230185507,USD,1.0
2016-01-22,1118.9057128284853,USD,1.0
2016-01-25,1120.684039528745,USD,1.0
2016-01-26,1121.0245451139967,USD,1.0
2016-01-27,1122.3472100453994,USD,1.0
2016-01-28,1125.8143446299728,USD,1.0
2016-01-29,1119.786310751744,USD,1.0
2016-02-01,1118.4086603166368,USD,1.0
2016-02-02,1115.7023277706705,USD,1.0
2016-02-03,1116.9266163121847,USD,1.0
2016-02-04,1120.1652572521987,USD,1.0
2016-02-05,1115.357274445106,USD,1.0
2016-02-08,1111.8120395818821,USD,1.0
2016-02-09,1114.0685210983572,USD,1.0
2016-02-10,1114.2647939731567,USD,1.0
2016-02-11,1111.8089095356142,USD,1.0
2016-02-12,1117.3175198966828,USD,1.0
2016-02-16,1117.657481375759,USD,1.0
2016-02-17,1109.1293578543325,USD,1.0
2016-02-18,1110.5498341682596,USD,1.0
2016-02-19,1112.4260870461526,USD,1.0
2016-02-22,1110.6942560006978,USD,1.0
2016-02-23,1114.6487000130296,USD,1.0
2016-02-24,1107.8630521986188,USD,1.0
2016-02-25,1101.9124314689755,USD,1.0
2016-02-26,1105.8331199872464,USD,1.0
2016-02-29,1104.2367471475056,USD,1.0
2016-03-01,1102.997993387412,USD,1.0
2016-03-02,1105.0526359531389,USD,1.0
2016-03-03,1103.9824851283204,USD,1.0
2016-03-04,1104.973715125946,USD,1.0
2016-03-07,1104.3990935592606,USD,1.0
2016-03-08,1105.3190292426968,USD,1.0
2016-03-09,1107.0050601123157,USD,1.0
2016-03-10,1110.0894904465313,USD,1.0
2016-03-11,1100.8659668217529,USD,1.0
2016-03-14,1099.665871987896,USD,1.0
2016-03-15,1099.0721139179286,USD,1.0
2016-03-16,1100.8043388143808,USD,1.0
2016-03-17,1103.2416831676214,USD,1.0
2016-03-18,1104.6433218461273,USD,1.0
2016-03-21,1103.7800473480822,USD,1.0
2016-03-22,1103.649742995566,USD,1.0
2016-03-23,1100.166079176409,USD,1.0
2016-03-24,1099.7083086047935,USD,1.0
2016-03-28,1100.8540188892664,USD,1.0
2016-03-29,1103.9604144284683,USD,1.0
2016-03-30,1104.8835238802837,USD,1.0
2016-03-31,1102.9856712083988,USD,1.0
2016-04-01,1105.3901138387757,USD,1.0
2016-04-04,1106.8686502139408,USD,1.0
2016-04-05,1103.2574881835435,USD,1.0
2016-04-06,1107.8254009868049,USD,1.0
2016-04-07,1104.3391288897265,USD,1.0
2016-04-08,1105.3785442019168,USD,1.0
2016-04-11,1104.9839159885487,USD,1.0
2016-04-12,1108.0941921487718,USD,1.0
2016-04-13,1110.720549221805,USD,1.0
2016-04-14,1110.4802130767719,USD,1.0
2016-04-15,1110.287698788861,USD,1.0
2016-04-18,1112.2452346866596,USD,1.0
2016-04-19,1112.1933411570587,USD,1.0
2016-04-20,1111.0397494849444,USD,1.0
2016-04-21,1115.1543774542918,USD,1.0
2016-04-22,1115.4908526226004,USD,1.0
2016-04-25,1114.3553278010463,USD,1.0
2016-04-26,1114.556098312582,USD,1.0
2016-04-27,1115.9185431956246,USD,1.0
2016-04-28,1110.9216020747567,USD,1.0
2016-04-29,1108.2826762725188,USD,1.0
2016-05-02,1113.4774886191342,USD,1.0
2016-05-03,1107.8842696425058,USD,1.0
2016-05-04,1104.1594968034244,USD,1.0
2016-05-05,1104.8807757840198,USD,1.0
2016-05-06,1105.8538592606142,USD,1.0
2016-05-09,1106.105478092477,USD,1.0
2016-05-10,1111.4347576909486,USD,1.0
2016-05-11,1108.370597996788,USD,1.0
2016-05-12,1108.2326608519247,USD,1.0
2016-05-13,1102.9439927402732,USD,1.0
2016-05-16,1108.66529028079,USD,1.0
2016-05-17,1103.1967399421405,USD,1.0
2016-05-18,1104.2523710643059,USD,1.0
2016-05-19,1101.6812250445314,USD,1.0
2016-05-20,1104.6911474733934,USD,1.0
2016-05-23,1104.616803522381,USD,1.0
2016-05-24,1107.5821135074443,USD,1.0
2016-05-25,1109.7155593581874,USD,1.0
2016-05-26,1109.4689970657773,USD,1.0
2016-05-27,1110.5925226387424,USD,1.0
2016-05-31,1111.7521601962765,USD,1.0
2016-06-01,1111.7356034685126,USD,1.0
2016-06-02,1112.0641077662772,USD,1.0
2016-06-03,1113.5669949059115,USD,1.0
2016-06-06,1116.9462405726251,USD,1.0
2016-06-07,1118.1892420707597,USD,1.0
2016-06-08,1120.25204611915,USD,1.0
2016-06-09,1120.0180422170274,USD,1.0
2016-06-10,1114.985065480796,USD,1.0
2016-06-13,1112.954611465582,USD,1.0
2016-06-14,1111.4180740847203,USD,1.0
2016-06-15,1109.4975625967536,USD,1.0
2016-06-16,1109.8536986893014,USD,1.0
2016-06-17,1108.4095035117903,USD,1.0
2016-06-20,1108.9645243771122,USD,1.0
2016-06-21,1109.2766342104912,USD,1.0
2016-06-22,1107.1501126124508,USD,1.0
2016-06-23,1109.878184886513,USD,1.0
2016-06-24,1103.6792263374425,USD,1.0
2016-06-27,1092.054692298938,USD,1.0
2016-06-28,1097.6217355738129,USD,1.0
2016-06-29,1107.3610528679917,USD,1.0
2016-06-30,1118.373455706042,USD,1.0
2016-07-01,1118.8290702108047,USD,1.0
2016-07-05,1114.2566885072117,USD,1.0
2016-07-06,1119.558915897482,USD,1.0
2016-07-07,1118.2170489666755,USD,1.0
2016-07-08,1127.6508333522436,USD,1.0
2016-07-11,1128.6275327240596,USD,1.0
2016-07-12,1129.7747136907499,USD,1.0
2016-07-13,1129.8773510205688,USD,1.0
2016-07-14,1130.5527021412483,USD,1.0
2016-07-15,1131.7956036296632,USD,1.0
2016-07-18,1133.6168914553755,USD,1.0
2016-07-19,1132.5649971387732,USD,1.0
2016-07-20,1136.111758779353,USD,1.0
2016-07-21,1133.6768880788516,USD,1.0
2016-07-22,1137.7460444485578,USD,1.0
2016-07-25,1135.5810545831116,USD,1.0
2016-07-26,1135.8951170655678,USD,1.0
2016-07-27,1134.9616284583187,USD,1.0
2016-07-28,1135.9098898752666,USD,1.0
2016-07-29,1136.3202618335476,USD,1.0
2016-08-01,1135.9357372241766,USD,1.0
2016-08-02,1130.6080276765915,USD,1.0
2016-08-03,1133.5177873708612,USD,1.0
2016-08-04,1133.7387271109887,USD,1.0
2016-08-05,1140.1984450471853,USD,1.0
2016-08-08,1139.4195769907424,USD,1.0
2016-08-09,1139.8040131879222,USD,1.0
2016-08-10,1137.3237300533633,USD,1.0
2016-08-11,1142.1788657677657,USD,1.0
2016-08-12,1140.8952431577559,USD,1.0
2016-08-15,1143.9414688233712,USD,1.0
2016-08-16,1139.4555759070397,USD,1.0
2016-08-17,1141.123465534206,USD,1.0
2016-08-18,1143.2052643817406,USD,1.0
2016-08-19,1141.346366774286,USD,1.0
2016-08-22,1141.0806682192358,USD,1.0
2016-08-23,1142.926890753131,USD,1.0
2016-08-24,1138.588445344439,USD,1.0
2016-08-25,1137.449395842648,USD,1.0
2016-08-26,1135.7119618343552,USD,1.0
2016-08-29,1139.8486390127196,USD,1.0
2016-08-30,1138.5106993829704,USD,1.0
2016-08-31,1136.408239250465,USD,1.0
2016-09-01,1136.5581220648255,USD,1.0
2016-09-02,1140.4157034130571,USD,1.0
2016-09-06,1143.1220910293184,USD,1.0
2016-09-07,1142.4397580922146,USD,1.0
2016-09-08,1140.632362247929,USD,1.0
2016-09-09,1120.6787282676146,USD,1.0
2016-09-12,1129.2317153231102,USD,1.0
2016-09-13,1119.0447259442806,USD,1.0
2016-09-14,1121.0499435233476,USD,1.0
2016-09-15,1127.5498538142385,USD,1.0
2016-09-16,1124.192705615915,USD,1.0
2016-09-19,1123.842685287738,USD,1.0
2016-09-20,1124.5380141286435,USD,1.0
2016-09-21,1131.7684128570038,USD,1.0
2016-09-22,1135.992133792494,USD,1.0
2016-09-23,1131.9969788651358,USD,1.0
2016-09-26,1126.781987335867,USD,1.0
2016-09-27,1130.7564652771864,USD,1.0
2016-09-28,1134.281676915167,USD,1.0
2016-09-29,1126.927251484848,USD,1.0
2016-09-30,1133.4216806495801,USD,1.0
2016-10-03,1130.7945577206442,USD,1.0
2016-10-04,1126.0990191684741,USD,1.0
2016-10-05,1129.6012147812278,USD,1.0
2016-10-06,1129.495364861911,USD,1.0
2016-10-07,1127.3751493356383,USD,1.0
2016-10-10,1130.4226576198078,USD,1.0
2016-10-11,1121.193263817445,USD,1.0
2016-10-12,1123.309124022741,USD,1.0
2016-10-13,1121.1116022692036,USD,1.0
2016-10-14,1121.2932014451042,USD,1.0
2016-10-17,1117.6670361816718,USD,1.0
2016-10-18,1122.5129981257057,USD,1.0
2016-10-19,1123.7475186178885,USD,1.0
2016-10-20,1121.1038666157096,USD,1.0
2016-10-21,1121.5013126864521,USD,1.0
2016-10-24,1123.8040499217916,USD,1.0
2016-10-25,1120.8886384380355,USD,1.0
2016-10-26,1120.0833078565363,USD,1.0
2016-10-27,1119.530293820276,USD,1.0
2016-10-28,1116.5015704971431,USD,1.0
2016-10-31,1116.8226436731695,USD,1.0
2016-11-01,1112.7120038591868,USD,1.0
2016-11-02,1107.9896666368077,USD,1.0
2016-11-03,1105.267386752877,USD,1.0
2016-11-04,1105.171944657942,USD,1.0
2016-11-07,1107.0255787194965,USD,1.0
2016-11-08,1109.6392909727265,USD,1.0
2016-11-09,1111.7971166045281,USD,1.0
2016-11-10,1112.9628048007685,USD,1.0
2016-11-11,1113.605518690395,USD,1.0
2016-11-14,1116.0105496575525,USD,1.0
2016-11-15,1112.93430284252,USD,1.0
2016-11-16,1115.3672649372656,USD,1.0
2016-11-17,1113.3285031341693,USD,1.0
2016-11-18,1113.8456752655597,USD,1.0
2016-11-21,1120.203062047881,USD,1.0
2016-11-22,1121.1604563675228,USD,1.0
2016-11-23,1121.9917076926772,USD,1.0
2016-11-25,1124.5042348156244,USD,1.0
2016-11-28,1121.440907076667,USD,1.0
2016-11-29,1123.405778929787,USD,1.0
2016-11-30,1121.401324875413,USD,1.0
2016-12-01,1118.641407964413,USD,1.0
2016-12-02,1119.292625289891,USD,1.0
2016-12-05,1123.7806481123916,USD,1.0
2016-12-06,1126.491358303334,USD,1.0
2016-12-07,1133.9070980263223,USD,1.0
2016-12-08,1132.5669974685347,USD,1.0
2016-12-09,1134.9593290439186,USD,1.0
2016-12-12,1136.172126143973,USD,1.0
2016-12-13,1135.274871258817,USD,1.0
2016-12-14,1134.3010731143152,USD,1.0
2016-12-15,1135.7628582355546,USD,1.0
2016-12-16,1142.6963798372897,USD,1.0
2016-12-19,1144.2700926146617,USD,1.0
2016-12-20,1147.6624246116414,USD,1.0
2016-12-21,1145.332614280778,USD,1.0
2016-12-22,1144.0660817093399,USD,1.0
2016-12-23,1145.2990855388348,USD,1.0
2016-12-27,1147.6818533108883,USD,1.0
2016-12-28,1140.6091483174591,USD,1.0
2016-12-29,1140.7968390344686,USD,1.0
2016-12-30,1138.5669303865022,USD,1.0
2017-01-03,1142.4939185416758,USD,1.0
2017-01-04,1145.707232697309,USD,1.0
2017-01-05,1145.1006962005479,USD,1.0
2017-01-06,1147.5084308006783,USD,1.0
2017-01-09,1145.873554127132,USD,1.0
2017-01-10,1146.369036216133,USD,1.0
2017-01-11,1148.5065968460653,USD,1.0
2017-01-12,1147.3273936632695,USD,1.0
2017-01-13,1149.1697771496533,USD,1.0
2017-01-17,1146.3166940036576,USD,1.0
2017-01-18,1148.2386101896252,USD,1.0
2017-01-19,1144.1995207211987,USD,1.0
2017-01-20,1147.4555023901385,USD,1.0
2017-01-23,1144.4665107649646,USD,1.0
2017-01-24,1149.3801573063868,USD,1.0
2017-01-25,1157.3488250272126,USD,1.0
2017-01-26,1156.282819052774,USD,1.0
2017-01-27,1155.0831569111347,USD,1.0
2017-01-30,1149.6896772397831,USD,1.0
2017-01-31,1149.730588764911,USD,1.0
2017-02-01,1149.9104665749828,USD,1.0
2017-02-02,1150.6850979016222,USD,1.0
2017-02-03,1156.5688757596724,USD,1.0
2017-02-06,1154.9737495890126,USD,1.0
2017-02-07,1154.8255435610458,USD,1.0
2017-02-08,1156.53612369946,USD,1.0
2017-02-09,1162.008316524838,USD,1.0
2017-02-10,1165.8046028045474,USD,1.0
2017-02-13,1170.5264382301277,USD,1.0
2017-02-14,1173.1675342145188,USD,1.0
2017-02-15,1176.262291019671,USD,1.0
2017-02-16,1177.1370145767607,USD,1.0
2017-02-17,1179.7932891793776,USD,1.0
2017-02-21,1184.3186245070654,USD,1.0
2017-02-22,1183.8116589380322,USD,1.0
2017-02-23,1185.1709170288348,USD,1.0
2017-02-24,1186.701096860687,USD,1.0
2017-02-27,1187.756273307099,USD,1.0
2017-02-28,1185.210542588773,USD,1.0
2017-03-01,1198.1148713274622,USD,1.0
2017-03-02,1192.7363040551402,USD,1.0
2017-03-03,1193.2181390875078,USD,1.0
2017-03-06,1190.0886663487895,USD,1.0
2017-03-07,1186.9319560426588,USD,1.0
2017-03-08,1184.7663311821354,USD,1.0
2017-03-09,1186.461430178451,USD,1.0
2017-03-10,1190.0250766906831,USD,1.0
2017-03-13,1190.2981489046729,USD,1.0
2017-03-14,1186.0211946819545,USD,1.0
2017-03-15,1195.1803998200348,USD,1.0
2017-03-16,1192.497467286682,USD,1.0
2017-03-17,1190.4518593665457,USD,1.0
2017-03-20,1189.4065789387953,USD,1.0
2017-03-21,1177.7039824990927,USD,1.0
2017-03-22,1180.4251620797177,USD,1.0
2017-03-23,1179.5176719742217,USD,1.0
2017-03-24,1177.522828480461,USD,1.0
2017-03-27,1177.142763447839,USD,1.0
2017-03-28,1182.9698695099878,USD,1.0
2017-03-29,1182.8680403325309,USD,1.0
2017-03-30,1185.3884227463639,USD,1.0
2017-03-31,1184.083759973097,USD,1.0
2017-04-03,1182.2388607611388,USD,1.0
2017-04-04,1182.4870767734458,USD,1.0
2017-04-05,1180.9286481677264,USD,1.0
2017-04-06,1182.878434775582,USD,1.0
2017-04-07,1182.1723164261275,USD,1.0
2017-04-10,1183.497847664994,USD,1.0
2017-04-11,1182.681810489351,USD,1.0
2017-04-12,1178.823081911246,USD,1.0
2017-04-13,1172.8972305641146,USD,1.0
2017-04-17,1180.1323520500328,USD,1.0
2017-04-18,1177.3087879528773,USD,1.0
2017-04-19,1175.6871157181063,USD,1.0
2017-04-20,1182.4936152232256,USD,1.0
2017-04-21,1179.33834039487,USD,1.0
2017-04-24,1188.0823939906031,USD,1.0
2017-04-25,1191.2876956517252,USD,1.0
2017-04-26,1191.5954019848327,USD,1.0
2017-04-27,1192.3370128991528,USD,1.0
2017-04-28,1191.838653987824,USD,1.0
2017-05-01,1193.2418849453927,USD,1.0
2017-05-02,1194.262748730348,USD,1.0
2017-05-03,1194.2932679487621,USD,1.0
2017-05-04,1195.3272381288484,USD,1.0
2017-05-05,1198.7246944379153,USD,1.0
2017-05-08,1198.5104902134397,USD,1.0
2017-05-09,1197.6073275148885,USD,1.0
2017-05-10,1200.018155695736,USD,1.0
2017-05-11,1198.1430291043112,USD,1.0
2017-05-12,1196.4402714862465,USD,1.0
2017-05-15,1202.072308889413,USD,1.0
2017-05-16,1200.9688716609871,USD,1.0
2017-05-17,1185.578818353403,USD,1.0
2017-05-18,1189.2068589237201,USD,1.0
2017-05-19,1193.9637638348518,USD,1.0
2017-05-22,1198.236107701566,USD,1.0
2017-05-23,1200.0018187164528,USD,1.0
2017-05-24,1202.1853082260468,USD,1.0
2017-05-25,1206.2933371518186,USD,1.0
2017-05-26,1206.4549859644644,USD,1.0
2017-05-30,1206.1120335880498,USD,1.0
2017-05-31,1205.6180533961415,USD,1.0
2017-06-01,1212.0123006746662,USD,1.0
2017-06-02,1212.324032946545,USD,1.0
2017-06-05,1211.945167753096,USD,1.0
2017-06-06,1208.5116880179903,USD,1.0
2017-06-07,1210.6954564277748,USD,1.0
2017-06-08,1210.9744011641033,USD,1.0
2017-06-09,1209.2111597158873,USD,1.0
2017-06-12,1209.2095921066975,USD,1.0
2017-06-13,1214.0588680673322,USD,1.0
2017-06-14,1212.6514725800102,USD,1.0
2017-06-15,1210.3914706899154,USD,1.0
2017-06-16,1210.551553703814,USD,1.0
2017-06-19,1217.1619748513615,USD,1.0
2017-06-20,1210.698432200948,USD,1.0
2017-06-21,1210.92100503095,USD,1.0
2017-06-22,1210.2893143015392,USD,1.0
2017-06-23,1211.1331286152736,USD,1.0
2017-06-26,1211.2625636867535,USD,1.0
2017-06-27,1203.8247232660017,USD,1.0
2017-06-28,1212.0675116554924,USD,1.0
2017-06-29,1203.8969237990198,USD,1.0
2017-06-30,1206.0006033270568,USD,1.0
2017-07-03,1207.298408901726,USD,1.0
2017-07-05,1209.884570724867,USD,1.0
2017-07-06,1201.8339174702887,USD,1.0
2017-07-07,1207.3162284467874,USD,1.0
2017-07-10,1207.829441410353,USD,1.0
2017-07-11,1206.4535980108362,USD,1.0
2017-07-12,1213.4773383676777,USD,1.0
2017-07-13,1214.6153084060936,USD,1.0
2017-07-14,1218.811995688269,USD,1.0
2017-07-17,1218.2282235789053,USD,1.0
2017-07-18,1218.9095889274154,USD,1.0
2017-07-19,1223.755181769515,USD,1.0
2017-07-20,1224.3644502770326,USD,1.0
2017-07-21,1223.5956460756076,USD,1.0
2017-07-24,1222.9143219315877,USD,1.0
2017-07-25,1225.1004718325707,USD,1.0
2017-07-26,1225.0762267600742,USD,1.0
2017-07-27,1223.8738102861846,USD,1.0
2017-07-28,1222.7659538012742,USD,1.0
2017-07-31,1221.733490955172,USD,1.0
2017-08-01,1223.9368630419244,USD,1.0
2017-08-02,1224.6998849363147,USD,1.0
2017-08-03,1222.9318384304747,USD,1.0
2017-08-04,1225.3829422766285,USD,1.0
2017-08-07,1226.8056323300398,USD,1.0
2017-08-08,1224.941492840595,USD,1.0
2017-08-09,1225.2407644096043,USD,1.0
2017-08-10,1214.3543963571374,USD,1.0
2017-08-11,1215.8420793751177,USD,1.0
2017-08-14,1221.67890262111,USD,1.0
2017-08-15,1221.1945069330932,USD,1.0
2017-08-16,1222.571336939229,USD,1.0
2017-08-17,1210.4476639818113,USD,1.0
2017-08-18,1208.6109396515953,USD,1.0
2017-08-21,1208.4271349083556,USD,1.0
2017-08-22,1217.261661095759,USD,1.0
2017-08-23,1214.9569476170159,USD,1.0
2017-08-24,1212.103107222522,USD,1.0
2017-08-25,1214.4445138352173,USD,1.0
2017-08-28,1214.2308642832302,USD,1.0
2017-08-29,1215.3509426310616,USD,1.0
2017-08-30,1220.4029154681814,USD,1.0
2017-08-31,1225.9268653400775,USD,1.0
2017-09-01,1226.9005442626167,USD,1.0
2017-09-05,1220.5911449974374,USD,1.0
2017-09-06,1224.3171871681707,USD,1.0
2017-09-07,1224.0477288278762,USD,1.0
2017-09-08,1223.5731671397682,USD,1.0
2017-09-11,1233.3230495136288,USD,1.0
2017-09-12,1236.1838402214987,USD,1.0
2017-09-13,1236.2320186205577,USD,1.0
2017-09-14,1235.8410248427833,USD,1.0
2017-09-15,1237.3662945252843,USD,1.0
2017-09-18,1238.527284631957,USD,1.0
2017-09-19,1239.652718223598,USD,1.0
2017-09-20,1239.5552430948092,USD,1.0
2017-09-21,1236.7707725567986,USD,1.0
2017-09-22,1237.730698506138,USD,1.0
2017-09-25,1235.2759662360152,USD,1.0
2017-09-26,1236.2589509869815,USD,1.0
2017-09-27,1239.6939768667437,USD,1.0
2017-09-28,1240.3064211229548,USD,1.0
2017-09-29,1243.15102494721,USD,1.0
2017-10-02,1246.8175398917124,USD,1.0
2017-10-03,1248.5639727680227,USD,1.0
2017-10-04,1249.5348490443896,USD,1.0
2017-10-05,1253.5144428696242,USD,1.0
2017-10-06,1254.9350119449502,USD,1.0
2017-10-09,1253.2141803191653,USD,1.0
2017-10-10,1255.8542790120332,USD,1.0
2017-10-11,1257.278597292424,USD,1.0
2017-10-12,1256.0278655072962,USD,1.0
2017-10-13,1257.0161044256065,USD,1.0
2017-10-16,1257.8659704072916,USD,1.0
2017-10-17,1258.6535977708427,USD,1.0
2017-10-18,1259.4861599627857,USD,1.0
2017-10-19,1259.7615990792501,USD,1.0
2017-10-20,1265.1526961031914,USD,1.0
2017-10-23,1261.547994115934,USD,1.0
2017-10-24,1263.298013305177,USD,1.0
2017-10-25,1257.8341491617307,USD,1.0
2017-10-26,1259.0582584622819,USD,1.0
2017-10-27,1267.3728124853446,USD,1.0
2017-10-30,1263.3293682031474,USD,1.0
2017-10-31,1264.6792721362815,USD,1.0
2017-11-01,1266.371583553968,USD,1.0
2017-11-02,1266.8995810430185,USD,1.0
2017-11-03,1270.7041069810216,USD,1.0
2017-11-06,1272.2975662130862,USD,1.0
2017-11-07,1272.08757104148,USD,1.0
2017-11-08,1274.2909684167748,USD,1.0
2017-11-09,1270.4241201967934,USD,1.0
2017-11-10,1271.2992149015863,USD,1.0
2017-11-13,1272.2430678779974,USD,1.0
2017-11-14,1269.5957205040845,USD,1.0
2017-11-15,1264.9279580916325,USD,1.0
2017-11-16,1273.2759644221742,USD,1.0
2017-11-17,1269.9035289711956,USD,1.0
2017-11-20,1270.6668504333147,USD,1.0
2017-11-21,1276.9109347603048,USD,1.0
2017-11-22,1275.9144008349808,USD,1.0
2017-11-24,1278.0823751935586,USD,1.0
2017-11-27,1277.4649686009589,USD,1.0
2017-11-28,1286.0549552144953,USD,1.0
2017-11-29,1286.6755952581398,USD,1.0
2017-11-30,1292.5622606281277,USD,1.0
2017-12-01,1290.1329778742092,USD,1.0
2017-12-04,1289.2923541345347,USD,1.0
2017-12-05,1285.40765699246,USD,1.0
2017-12-06,1285.3820650677055,USD,1.0
2017-12-07,1288.245080924711,USD,1.0
2017-12-08,1294.465684545462,USD,1.0
2017-12-11,1297.4545715368106,USD,1.0
2017-12-12,1299.9183109502676,USD,1.0
2017-12-13,1300.0159866966328,USD,1.0
2017-12-14,1295.2145568078422,USD,1.0
2017-12-15,1304.7581860632574,USD,1.0
2017-12-18,1311.6397670825797,USD,1.0
2017-12-19,1308.0978657020646,USD,1.0
2017-12-20,1307.2412787530798,USD,1.0
2017-12-21,1309.8288782451964,USD,1.0
2017-12-22,1310.21538963964,USD,1.0
2017-12-26,1308.3709749888817,USD,1.0
2017-12-27,1308.7628076328674,USD,1.0
2017-12-28,1311.3409017252545,USD,1.0
2017-12-29,1307.6990818740069,USD,1.0
2018-01-02,1314.1729508764454,USD,1.0
2018-01-03,1319.1558945424304,USD,1.0
2018-01-04,1321.4815023742908,USD,1.0
2018-01-05,1323.532120881535,USD,1.0
2018-01-08,1324.3590364912782,USD,1.0
2018-01-09,1325.087918289127,USD,1.0
2018-01-10,1323.9086862698225,USD,1.0
2018-01-11,1323.7957374867417,USD,1.0
2018-01-12,1323.4006128961273,USD,1.0
2018-01-16,1320.7649721611601,USD,1.0
2018-01-17,1330.9246185479512,USD,1.0
2018-01-18,1330.2899651228454,USD,1.0
2018-01-19,1334.9004382821595,USD,1.0
2018-01-22,1341.8835655482762,USD,1.0
2018-01-23,1344.143855318875,USD,1.0
2018-01-24,1343.60361657476,USD,1.0
2018-01-25,1345.617596703018,USD,1.0
2018-01-26,1347.3969142846286,USD,1.0
2018-01-29,1341.0297509686693,USD,1.0
2018-01-30,1330.0066058927737,USD,1.0
2018-01-31,1329.4386637404568,USD,1.0
2018-02-01,1327.936492532556,USD,1.0
2018-02-02,1304.6272288192374,USD,1.0
2018-02-05,1282.187261978482,USD,1.0
2018-02-06,1285.1471039208361,USD,1.0
2018-02-07,1280.3269519735159,USD,1.0
2018-02-08,1247.0754921842179,USD,1.0
2018-02-09,1259.6060329015713,USD,1.0
2018-02-12,1267.2846677648865,USD,1.0
2018-02-13,1268.377981409803,USD,1.0
2018-02-14,1271.8840198357334,USD,1.0
2018-02-15,1272.1536908420621,USD,1.0
2018-02-16,1271.8072828841116,USD,1.0
2018-02-20,1276.0491134504816,USD,1.0
2018-02-21,1277.2362470098576,USD,1.0
2018-02-22,1272.2679645228318,USD,1.0
2018-02-23,1272.1910065165998,USD,1.0
2018-02-26,1279.3913978747553,USD,1.0
2018-02-27,1271.798706552247,USD,1.0
2018-02-28,1263.9711634325688,USD,1.0
2018-03-01,1250.9229742702796,USD,1.0
2018-03-02,1254.9397338455847,USD,1.0
2018-03-05,1266.3868016224071,USD,1.0
2018-03-06,1269.3573522905278,USD,1.0
2018-03-07,1268.87872412518,USD,1.0
2018-03-08,1273.1678778796265,USD,1.0
2018-03-09,1291.9637479872865,USD,1.0
2018-03-12,1291.0551963016133,USD,1.0
2018-03-13,1285.0000927564636,USD,1.0
2018-03-14,1280.6165146200592,USD,1.0
2018-03-15,1278.7619440485587,USD,1.0
2018-03-16,1279.5576724412738,USD,1.0
2018-03-19,1267.0178292855753,USD,1.0
2018-03-20,1268.4108032105394,USD,1.0
2018-03-21,1266.1585832585301,USD,1.0
2018-03-22,1247.3277797287687,USD,1.0
2018-03-23,1230.682833554513,USD,1.0
2018-03-26,1239.4991704292331,USD,1.0
2018-03-27,1239.406726535792,USD,1.0
2018-03-28,1239.165607821863,USD,1.0
2018-03-29,1243.2725679434154,USD,1.0
2018-04-02,1240.0480708412558,USD,1.0
2018-04-03,1243.72403043749,USD,1.0
2018-04-04,1243.9607979421826,USD,1.0
2018-04-05,1247.2346044678748,USD,1.0
2018-04-06,1245.8633800729704,USD,1.0
2018-04-09,1247.7268725958957,USD,1.0
2018-04-10,1254.637544977191,USD,1.0
2018-04-11,1254.9331918155794,USD,1.0
2018-04-12,1256.0816470891073,USD,1.0
2018-04-13,1255.2234719821213,USD,1.0
2018-04-16,1254.7821212948757,USD,1.0
2018-04-17,1253.6224964500743,USD,1.0
2018-04-18,1253.0035126544235,USD,1.0
2018-04-19,1257.0303795487625,USD,1.0
2018-04-20,1260.4040356557837,USD,1.0
2018-04-23,1260.2658281604913,USD,1.0
2018-04-24,1251.0292634324223,USD,1.0
2018-04-25,1252.5835820022269,USD,1.0
2018-04-26,1258.5372015416906,USD,1.0
2018-04-27,1261.272336653171,USD,1.0
2018-04-30,1255.151312042942,USD,1.0
2018-05-01,1256.198887289922,USD,1.0
2018-05-02,1251.3818160326634,USD,1.0
2018-05-03,1247.468779601208,USD,1.0
2018-05-04,1258.4233681900375,USD,1.0
2018-05-07,1261.571125620988,USD,1.0
2018-05-08,1261.5535366119834,USD,1.0
2018-05-09,1267.451711812708,USD,1.0
2018-05-10,1271.712523325848,USD,1.0
2018-05-11,1271.801797979607,USD,1.0
2018-05-14,1272.0206907211452,USD,1.0
2018-05-15,1271.9374831544908,USD,1.0
2018-05-16,1273.2017810361524,USD,1.0
2018-05-17,1274.76684339782,USD,1.0
2018-05-18,1276.68206291626,USD,1.0
2018-05-21,1282.4357260782053,USD,1.0
2018-05-22,1280.516339143508,USD,1.0
2018-05-23,1283.504053526217,USD,1.0
2018-05-24,1281.514794028127,USD,1.0
2018-05-25,1279.9142761551796,USD,1.0
2018-05-29,1270.06688953506,USD,1.0
2018-05-30,1282.5891514900125,USD,1.0
2018-05-31,1276.850052786222,USD,1.0
2018-06-01,1285.433465901152,USD,1.0
2018-06-04,1289.3975380568572,USD,1.0
2018-06-05,1289.4217446312493,USD,1.0
2018-06-06,1296.048193360886,USD,1.0
2018-06-07,1296.504299292027,USD,1.0
2018-06-08,1299.0393141815348,USD,1.0
2018-06-11,1300.2369782147243,USD,1.0
2018-06-12,1302.7554756312875,USD,1.0
2018-06-13,1301.986886885302,USD,1.0
2018-06-14,1304.6805251421558,USD,1.0
2018-06-15,1304.1886430725688,USD,1.0
2018-06-18,1301.9922047649054,USD,1.0
2018-06-19,1300.0453725237483,USD,1.0
2018-06-20,1300.7693076431606,USD,1.0
2018-06-21,1296.1567385272942,USD,1.0
2018-06-22,1297.150192284283,USD,1.0
2018-06-25,1287.2691704058434,USD,1.0
2018-06-26,1287.757686465886,USD,1.0
2018-06-27,1282.3318131004792,USD,1.0
2018-06-28,1286.5145191500158,USD,1.0
2018-06-29,1287.2255380091995,USD,1.0
2018-07-02,1289.0609039800743,USD,1.0
2018-07-03,1288.0365080079582,USD,1.0
2018-07-05,1292.0922294055517,USD,1.0
2018-07-06,1296.827159474845,USD,1.0
2018-07-09,1298.2432603141572,USD,1.0
2018-07-10,1298.8389099602855,USD,1.0
2018-07-11,1300.3024535024367,USD,1.0
2018-07-12,1300.446335874026,USD,1.0
2018-07-13,1298.9400995413707,USD,1.0
2018-07-16,1298.7687134837252,USD,1.0
2018-07-17,1301.2596355972219,USD,1.0
2018-07-18,1303.5392095712566,USD,1.0
2018-07-19,1300.813548508244,USD,1.0
2018-07-20,1300.3569118283883,USD,1.0
2018-07-23,1300.9017548460617,USD,1.0
2018-07-24,1306.3066346122762,USD,1.0
2018-07-25,1313.9763823890698,USD,1.0
2018-07-26,1311.1205930638357,USD,1.0
2018-07-27,1305.702589480656,USD,1.0
2018-07-30,1301.1179546054932,USD,1.0
2018-07-31,1304.2891550809436,USD,1.0
2018-08-01,1304.0469139620568,USD,1.0
2018-08-02,1308.8853234441585,USD,1.0
2018-08-03,1313.0665098507338,USD,1.0
2018-08-06,1316.1100009391387,USD,1.0
2018-08-07,1318.9250465052696,USD,1.0
2018-08-08,1319.5821151598811,USD,1.0
2018-08-09,1318.376846316046,USD,1.0
2018-08-10,1312.0274898543914,USD,1.0
2018-08-13,1309.408743261529,USD,1.0
2018-08-14,1315.0247414153635,USD,1.0
2018-08-15,1308.0824401207324,USD,1.0
2018-08-16,1315.6314558526826,USD,1.0
2018-08-17,1319.2689573749458,USD,1.0
2018-08-20,1321.3885252231419,USD,1.0
2018-08-21,1324.526363915421,USD,1.0
2018-08-22,1323.8438988422408,USD,1.0
2018-08-23,1322.3898497659288,USD,1.0
2018-08-24,1328.8139572389225,USD,1.0
2018-08-27,1336.5154664233244,USD,1.0
2018-08-28,1337.7100048566328,USD,1.0
2018-08-29,1342.2690640691221,USD,1.0
2018-08-30,1340.0569933702575,USD,1.0
2018-08-31,1339.5710714808292,USD,1.0
2018-09-04,1338.8044454261385,USD,1.0
2018-09-05,1336.763202878586,USD,1.0
2018-09-06,1333.7912536630065,USD,1.0
2018-09-07,1331.6502603083004,USD,1.0
2018-09-10,1333.1175957278983,USD,1.0
2018-09-11,1335.6550841990334,USD,1.0
2018-09-12,1335.938968453138,USD,1.0
2018-09-13,1340.963859157762,USD,1.0
2018-09-14,1340.9610196936776,USD,1.0
2018-09-17,1335.6977483525498,USD,1.0
2018-09-18,1341.9302289389266,USD,1.0
2018-09-19,1343.1199230638301,USD,1.0
2018-09-20,1349.566884550996,USD,1.0
2018-09-21,1352.4392207741932,USD,1.0
2018-09-24,1348.999998010874,USD,1.0
2018-09-25,1348.3308665415943,USD,1.0
2018-09-26,1345.4116230627615,USD,1.0
2018-09-27,1347.9461843623292,USD,1.0
2018-09-28,1347.8863364226206,USD,1.0
2018-10-01,1351.4679138541042,USD,1.0
2018-10-02,1350.9070373584634,USD,1.0
2018-10-03,1351.0263043666114,USD,1.0
2018-10-04,1344.0684681037633,USD,1.0
2018-10-05,1338.6649519088514,USD,1.0
2018-10-08,1339.5314382475744,USD,1.0
2018-10-09,1338.6191577395703,USD,1.0
2018-10-10,1316.5918671982063,USD,1.0
2018-10-11,1294.6160746996982,USD,1.0
2018-10-12,1305.7337761912704,USD,1.0
2018-10-15,1302.3320844642753,USD,1.0
2018-10-16,1315.661323438612,USD,1.0
2018-10-17,1316.1365147578233,USD,1.0
2018-10-18,1306.5131409916605,USD,1.0
2018-10-19,1307.2124288845032,USD,1.0
2018-10-22,1305.1635853273547,USD,1.0
2018-10-23,1301.125922795681,USD,1.0
2018-10-24,1284.7939417935786,USD,1.0
2018-10-25,1302.6841915581922,USD,1.0
2018-10-26,1283.3395825853754,USD,1.0
2018-10-29,1283.7253706317736,USD,1.0
2018-10-30,1291.4965591114515,USD,1.0
2018-10-31,1298.5353129962152,USD,1.0
2018-11-01,1303.815671406248,USD,1.0
2018-11-02,1299.560677024814,USD,1.0
2018-11-05,1301.6069697305297,USD,1.0
2018-11-06,1301.279941155954,USD,1.0
2018-11-07,1303.8145296027699,USD,1.0
2018-11-08,1305.0030206665087,USD,1.0
2018-11-09,1307.8565381670037,USD,1.0
2018-11-12,1303.3174701207988,USD,1.0
2018-11-13,1302.0743645159337,USD,1.0
2018-11-14,1302.1854594494882,USD,1.0
2018-11-15,1306.6591576393646,USD,1.0
2018-11-16,1307.6472478689766,USD,1.0
2018-11-19,1300.8585552832963,USD,1.0
2018-11-20,1294.8278019773777,USD,1.0
2018-11-21,1295.0591791708994,USD,1.0
2018-11-23,1292.6297803143095,USD,1.0
2018-11-26,1299.0643715526348,USD,1.0
2018-11-27,1299.9121112044013,USD,1.0
2018-11-28,1315.114498259959,USD,1.0
2018-11-29,1313.0543694280727,USD,1.0
2018-11-30,1316.5135118993696,USD,1.0
2018-12-03,1325.9737381544933,USD,1.0
2018-12-04,1311.8247311943212,USD,1.0
2018-12-06,1313.3629519204142,USD,1.0
2018-12-07,1300.9355166189175,USD,1.0
2018-12-10,1299.9422134389713,USD,1.0
2018-12-11,1300.2901449145586,USD,1.0
2018-12-12,1303.6024478449222,USD,1.0
2018-12-13,1304.643375277928,USD,1.0
2018-12-14,1295.5411241649529,USD,1.0
2018-12-17,1293.8137757379443,USD,1.0
2018-12-18,1299.892171307255,USD,1.0
2018-12-19,1295.0734363850315,USD,1.0
2018-12-20,1283.925249911129,USD,1.0
2018-12-21,1289.937295188374,USD,1.0
2018-12-24,1274.1802879225438,USD,1.0
2018-12-26,1307.6077216527533,USD,1.0
2018-12-27,1314.5358910446141,USD,1.0
2018-12-28,1313.0222878038865,USD,1.0
2018-12-31,1319.1139187076426,USD,1.0
2019-01-02,1323.2901727389615,USD,1.0
2019-01-03,1312.9131180229797,USD,1.0
2019-01-04,1328.5530666879379,USD,1.0
2019-01-07,1331.6074441671067,USD,1.0
2019-01-08,1334.760214327315,USD,1.0
2019-01-09,1335.8695731158275,USD,1.0
2019-01-10,1334.8537536251974,USD,1.0
2019-01-11,1332.3627966585716,USD,1.0
2019-01-14,1327.4786908167655,USD,1.0
2019-01-15,1337.0528698952787,USD,1.0
2019-01-16,1338.550378751459,USD,1.0
2019-01-17,1343.61684320921,USD,1.0
2019-01-18,1348.543088445961,USD,1.0
2019-01-22,1346.8169374539837,USD,1.0
2019-01-23,1349.3087109407484,USD,1.0
2019-01-24,1352.6069580128417,USD,1.0
2019-01-25,1353.8891689527634,USD,1.0
2019-01-28,1347.9253764278717,USD,1.0
2019-01-29,1346.1181786418917,USD,1.0
2019-01-30,1359.683477194224,USD,1.0
2019-01-31,1366.1485789054575,USD,1.0
2019-02-01,1368.9742526328107,USD,1.0
2019-02-04,1375.1735581190937,USD,1.0
2019-02-05,1376.9930696188633,USD,1.0
2019-02-06,1376.9943639495143,USD,1.0
2019-02-07,1373.797744212427,USD,1.0
2019-02-08,1377.189738650049,USD,1.0
2019-02-11,1377.4598520179193,USD,1.0
2019-02-12,1388.85817008181,USD,1.0
2019-02-13,1392.8753834045276,USD,1.0
2019-02-14,1392.050325171243,USD,1.0
2019-02-15,1398.4320725566413,USD,1.0
2019-02-19,1401.6022045242526,USD,1.0
2019-02-20,1400.9568253965444,USD,1.0
2019-02-21,1402.4482289973241,USD,1.0
2019-02-22,1402.8168693205848,USD,1.0
2019-02-25,1404.5150050212521,USD,1.0
2019-02-26,1404.6372974622639,USD,1.0
2019-02-27,1403.8449429973343,USD,1.0
2019-02-28,1401.910936169483,USD,1.0
2019-03-01,1409.8179689015064,USD,1.0
2019-03-04,1405.6638709843992,USD,1.0
2019-03-05,1403.7693036657229,USD,1.0
2019-03-06,1396.3619208558164,USD,1.0
2019-03-07,1385.3131560156835,USD,1.0
2019-03-08,1382.397312907738,USD,1.0
2019-03-11,1396.9764814767839,USD,1.0
2019-03-12,1400.8961308273474,USD,1.0
2019-03-13,1403.9411436224368,USD,1.0
2019-03-14,1406.1692348132444,USD,1.0
2019-03-15,1408.5747926152212,USD,1.0
2019-03-18,1410.1890339168767,USD,1.0
2019-03-19,1413.0165047198682,USD,1.0
2019-03-20,1414.005392280817,USD,1.0
2019-03-21,1412.4564200320913,USD,1.0
2019-03-22,1415.055903572975,USD,1.0
2019-03-25,1415.8725946459515,USD,1.0
2019-03-26,1423.9600199218078,USD,1.0
2019-03-27,1419.4065774250494,USD,1.0
2019-03-28,1423.2413992026422,USD,1.0
2019-03-29,1428.7632153687243,USD,1.0
2019-04-01,1437.3203682069259,USD,1.0
2019-04-02,1440.2982280184372,USD,1.0
2019-04-03,1437.7052509706698,USD,1.0
2019-04-04,1441.2726873636745,USD,1.0
2019-04-05,1441.236143223061,USD,1.0
2019-04-08,1442.360705162938,USD,1.0
2019-04-09,1437.1994156324183,USD,1.0
2019-04-10,1440.7343034828777,USD,1.0
2019-04-11,1440.6214309393993,USD,1.0
2019-04-12,1448.4137111613923,USD,1.0
2019-04-15,1448.0064453370294,USD,1.0
2019-04-16,1448.8105799773039,USD,1.0
2019-04-17,1446.1436249526155,USD,1.0
2019-04-18,1448.3818075375198,USD,1.0
2019-04-22,1449.809913067738,USD,1.0
2019-04-23,1459.4473993764784,USD,1.0
2019-04-24,1457.8241004689378,USD,1.0
2019-04-25,1458.2665532162032,USD,1.0
2019-04-26,1463.0908645201212,USD,1.0
2019-04-29,1466.435375648639,USD,1.0
2019-04-30,1466.5706954732357,USD,1.0
2019-05-01,1459.206061467519,USD,1.0
2019-05-02,1456.0915543063502,USD,1.0
2019-05-03,1468.5579045773932,USD,1.0
2019-05-06,1464.5460203082573,USD,1.0
2019-05-07,1444.1362181541822,USD,1.0
2019-05-08,1442.195187363469,USD,1.0
2019-05-09,1438.0694240436158,USD,1.0
2019-05-10,1443.063134254076,USD,1.0
2019-05-13,1413.5057454234575,USD,1.0
2019-05-14,1422.5568235810845,USD,1.0
2019-05-15,1429.1423290404118,USD,1.0
2019-05-16,1440.5181060907962,USD,1.0
2019-05-17,1432.2503380903738,USD,1.0
2019-05-20,1425.3048027528716,USD,1.0
2019-05-21,1435.5297095874712,USD,1.0
2019-05-22,1432.6532326994122,USD,1.0
2019-05-23,1419.150733191242,USD,1.0
2019-05-24,1421.084750383452,USD,1.0
2019-05-28,1409.851495164657,USD,1.0
2019-05-29,1402.420975700961,USD,1.0
2019-05-30,1405.1349630640666,USD,1.0
2019-05-31,1389.7855174146312,USD,1.0
2019-06-03,1387.5128696047284,USD,1.0
2019-06-04,1403.4132922562408,USD,1.0
2019-06-05,1409.1279453840502,USD,1.0
2019-06-06,1411.4766608485595,USD,1.0
2019-06-07,1412.8636502571785,USD,1.0
2019-06-10,1413.2347727127515,USD,1.0
2019-06-11,1414.756249433916,USD,1.0
2019-06-12,1415.3364904424247,USD,1.0
2019-06-13,1414.151163951922,USD,1.0
2019-06-14,1415.1969178947597,USD,1.0
2019-06-17,1415.9389215502833,USD,1.0
2019-06-18,1426.4044014770554,USD,1.0
2019-06-19,1429.4437159116437,USD,1.0
2019-06-20,1437.1094608145581,USD,1.0
2019-06-21,1439.0851500382428,USD,1.0
2019-06-24,1438.2297052207484,USD,1.0
2019-06-25,1431.7672763786231,USD,1.0
2019-06-26,1430.941394652611,USD,1.0
2019-06-27,1434.351660513862,USD,1.0
2019-06-28,1439.0204483208706,USD,1.0
2019-07-01,1451.2571046553728,USD,1.0
2019-07-02,1453.4020416336011,USD,1.0
2019-07-03,1459.2864971271927,USD,1.0
2019-07-05,1461.261974250496,USD,1.0
2019-07-08,1457.229322368663,USD,1.0
2019-07-09,1458.6268609068504,USD,1.0
2019-07-10,1463.1393078531705,USD,1.0
2019-07-11,1465.5868291633446,USD,1.0
2019-07-12,1467.4025195255585,USD,1.0
2019-07-15,1468.2516478498642,USD,1.0
2019-07-16,1464.0865846884872,USD,1.0
2019-07-17,1456.8237704468008,USD,1.0
2019-07-18,1460.9185423452452,USD,1.0
2019-07-19,1454.6665647973798,USD,1.0
2019-07-22,1456.4374850739628,USD,1.0
2019-07-23,1464.9331427484128,USD,1.0
2019-07-24,1470.6673582251776,USD,1.0
2019-07-25,1464.961686809313,USD,1.0
2019-07-26,1473.2482101917265,USD,1.0
2019-07-29,1471.1100024854206,USD,1.0
2019-07-30,1468.8009703464095,USD,1.0
2019-07-31,1456.7084689128076,USD,1.0
2019-08-01,1447.5550121653027,USD,1.0
2019-08-02,1437.570061738209,USD,1.0
2019-08-05,1409.6522317859435,USD,1.0
2019-08-06,1421.0966473377816,USD,1.0
2019-08-07,1421.3459608642727,USD,1.0
2019-08-08,1441.591205016879,USD,1.0
2019-08-09,1434.1925938393745,USD,1.0
2019-08-12,1425.6619111638536,USD,1.0
2019-08-13,1437.5441305626935,USD,1.0
2019-08-14,1411.5908813230267,USD,1.0
2019-08-15,1414.454663483807,USD,1.0
2019-08-16,1428.8728097962703,USD,1.0
2019-08-19,1440.7950744434202,USD,1.0
2019-08-20,1433.3537373677614,USD,1.0
2019-08-21,1440.4112728019816,USD,1.0
2019-08-22,1441.850881795704,USD,1.0
2019-08-23,1414.6470886980173,USD,1.0
2019-08-26,1423.180248901253,USD,1.0
2019-08-27,1423.7436215882744,USD,1.0
2019-08-28,1427.629802453767,USD,1.0
2019-08-29,1433.254349556271,USD,1.0
2019-08-30,1434.724070145897,USD,1.0
2019-09-03,1436.3182154804147,USD,1.0
2019-09-04,1440.4864020326725,USD,1.0
2019-09-05,1441.2820627053434,USD,1.0
2019-09-06,1438.0680062074516,USD,1.0
2019-09-09,1439.4890175614369,USD,1.0
2019-09-10,1439.03067283037,USD,1.0
2019-09-11,1445.8589937822437,USD,1.0
2019-09-12,1449.231100731449,USD,1.0
2019-09-13,1449.6039116993147,USD,1.0
2019-09-16,1447.0821482707759,USD,1.0
2019-09-17,1450.3225903396865,USD,1.0
2019-09-18,1451.2038610472312,USD,1.0
2019-09-19,1451.7410202298965,USD,1.0
2019-09-20,1447.3906921955,USD,1.0
2019-09-23,1445.7381124997796,USD,1.0
2019-09-24,1439.6438739058713,USD,1.0
2019-09-25,1445.435707481092,USD,1.0
2019-09-26,1443.5470996380063,USD,1.0
2019-09-27,1438.6639502600724,USD,1.0
2019-09-30,1441.2457157955369,USD,1.0
2019-10-01,1432.0487825429386,USD,1.0
2019-10-02,1417.2854375342104,USD,1.0
2019-10-03,1423.030733357027,USD,1.0
2019-10-04,1434.6569779416689,USD,1.0
2019-10-07,1431.7927937377913,USD,1.0
2019-10-08,1420.0195207297127,USD,1.0
2019-10-09,1427.5079781488196,USD,1.0
2019-10-10,1431.3872819243006,USD,1.0
2019-10-11,1439.2456654315856,USD,1.0
2019-10-14,1439.4404301607294,USD,1.0
2019-10-15,1445.7830143023125,USD,1.0
2019-10-16,1446.3914546038077,USD,1.0
2019-10-17,1450.0766480645943,USD,1.0
2019-10-18,1446.9750229157837,USD,1.0
2019-10-21,1452.7794963203648,USD,1.0
2019-10-22,1450.8719345389245,USD,1.0
2019-10-23,1453.253974364198,USD,1.0
2019-10-24,1456.2782808863456,USD,1.0
2019-10-25,1458.8616001943315,USD,1.0
2019-10-28,1462.9826300435782,USD,1.0
2019-10-29,1463.4545248905242,USD,1.0
2019-10-30,1464.560212536795,USD,1.0
2019-10-31,1466.5346526758824,USD,1.0
2019-11-01,1468.9280957740318,USD,1.0
2019-11-04,1473.2853939064212,USD,1.0
2019-11-05,1472.9813071371261,USD,1.0
2019-11-06,1473.500145486999,USD,1.0
2019-11-07,1477.2231160637118,USD,1.0
2019-11-08,1480.6788122083371,USD,1.0
2019-11-11,1478.316371711201,USD,1.0
2019-11-12,1481.0816647906045,USD,1.0
2019-11-13,1481.5994218774683,USD,1.0
2019-11-14,1483.8848730187296,USD,1.0
2019-11-15,1492.67704207614,USD,1.0
2019-11-18,1493.4194974987151,USD,1.0
2019-11-19,1493.8242218596097,USD,1.0
2019-11-20,1489.4431472908066,USD,1.0
2019-11-21,1487.9637822106629,USD,1.0
2019-11-22,1490.0684474613204,USD,1.0
2019-11-25,1499.0737839712533,USD,1.0
2019-11-26,1501.3376385301995,USD,1.0
2019-11-27,1507.7628092728535,USD,1.0
2019-11-29,1503.336857170293,USD,1.0
2019-12-02,1494.4760545064162,USD,1.0
2019-12-03,1487.2017689295885,USD,1.0
2019-12-04,1493.8444375548877,USD,1.0
2019-12-05,1495.7714372429768,USD,1.0
2019-12-06,1506.747242284041,USD,1.0
2019-12-09,1503.7515199379416,USD,1.0
2019-12-10,1501.625031968274,USD,1.0
2019-12-11,1504.8520234112732,USD,1.0
2019-12-12,1515.2150200767705,USD,1.0
2019-12-13,1514.890410897138,USD,1.0
2019-12-16,1522.5565409238056,USD,1.0
2019-12-17,1523.895096127453,USD,1.0
2019-12-18,1523.9334635693222,USD,1.0
2019-12-19,1529.55388730354,USD,1.0
2019-12-20,1535.365063824129,USD,1.0
2019-12-23,1538.051703293415,USD,1.0
2019-12-24,1538.276278175905,USD,1.0
2019-12-26,1544.298808429768,USD,1.0
2019-12-27,1545.9664817298813,USD,1.0
2019-12-30,1540.089834491449,USD,1.0
2019-12-31,1541.252441797872,USD,1.0
2020-01-02,1551.894200881623,USD,1.0
2020-01-03,1544.4449372772722,USD,1.0
2020-01-06,1549.204735862759,USD,1.0
2020-01-07,1545.1735798020136,USD,1.0
2020-01-08,1550.2950412591783,USD,1.0
2020-01-09,1558.7251318829794,USD,1.0
2020-01-10,1555.176245402932,USD,1.0
2020-01-13,1562.3340532679651,USD,1.0
2020-01-14,1559.9832270451047,USD,1.0
2020-01-15,1562.9084137962325,USD,1.0
2020-01-16,1571.509414961302,USD,1.0
2020-01-17,1575.0277834919916,USD,1.0
2020-01-21,1574.120000028974,USD,1.0
2020-01-22,1575.4179896327792,USD,1.0
2020-01-23,1576.7247458807046,USD,1.0
2020-01-24,1568.7986877100993,USD,1.0
2020-01-27,1552.366212606454,USD,1.0
2020-01-28,1562.8162395885392,USD,1.0
2020-01-29,1562.252394518254,USD,1.0
2020-01-30,1564.4745775698632,USD,1.0
2020-01-31,1544.4481264800643,USD,1.0
2020-02-03,1553.5652628700043,USD,1.0
2020-02-04,1570.8362663901,USD,1.0
2020-02-05,1584.8437167580787,USD,1.0
2020-02-06,1589.5431671528233,USD,1.0
2020-02-07,1584.7140373848729,USD,1.0
2020-02-10,1592.983060507078,USD,1.0
2020-02-11,1594.9513440157282,USD,1.0
2020-02-12,1601.1445136417499,USD,1.0
2020-02-13,1600.487036744547,USD,1.0
2020-02-14,1603.2319747766694,USD,1.0
2020-02-18,1603.1834757864397,USD,1.0
2020-02-19,1608.604229527864,USD,1.0
2020-02-20,1606.484765917659,USD,1.0
2020-02-21,1593.0910309908356,USD,1.0
2020-02-24,1556.9824828903004,USD,1.0
2020-02-25,1521.8947427129476,USD,1.0
2020-02-26,1519.106205493714,USD,1.0
2020-02-27,1486.01082100156,USD,1.0
2020-02-28,1480.9148314338333,USD,1.0
2020-03-02,1522.9342825481592,USD,1.0
2020-03-03,1494.5240510677543,USD,1.0
2020-03-04,1534.3395852053081,USD,1.0
2020-03-05,1508.0649611383658,USD,1.0
2020-03-06,1499.4727189525622,USD,1.0
2020-03-09,1472.3980399344473,USD,1.0
2020-03-10,1500.469408467946,USD,1.0
2020-03-11,1476.8896358719596,USD,1.0
2020-03-12,1454.371171530794,USD,1.0
2020-03-13,1464.629697314954,USD,1.0
2020-03-16,1439.0306855340223,USD,1.0
2020-03-17,1470.2903034301694,USD,1.0
2020-03-18,1442.8193125826458,USD,1.0
2020-03-19,1444.4506443685707,USD,1.0
2020-03-20,1433.5540327731426,USD,1.0
2020-03-23,1414.7143767973157,USD,1.0
2020-03-24,1418.1883720810151,USD,1.0
2020-03-25,1431.0611458909102,USD,1.0
2020-03-26,1427.6562260587573,USD,1.0
2020-03-27,1449.662521207964,USD,1.0
2020-03-30,1447.7602310403593,USD,1.0
2020-03-31,1459.9852808355408,USD,1.0
2020-04-01,1480.7607295926864,USD,1.0
2020-04-02,1463.0744908185975,USD,1.0
2020-04-03,1465.9150857492973,USD,1.0
2020-04-06,1483.8973001706797,USD,1.0
2020-04-07,1488.2939066207182,USD,1.0
2020-04-08,1491.297196138558,USD,1.0
2020-04-09,1489.1273955844622,USD,1.0
2020-04-13,1490.1832637466969,USD,1.0
2020-04-14,1481.0348323415799,USD,1.0
2020-04-15,1494.9239917744555,USD,1.0
2020-04-16,1494.2003435511974,USD,1.0
2020-04-17,1486.5403713246392,USD,1.0
2020-04-20,1480.394101517238,USD,1.0
2020-04-21,1453.2485156744242,USD,1.0
2020-04-22,1476.6515450774027,USD,1.0
2020-04-23,1479.1300321664905,USD,1.0
2020-04-24,1490.503618590681,USD,1.0
2020-04-27,1503.8731300055035,USD,1.0
2020-04-28,1497.21507616509,USD,1.0
2020-04-29,1517.4313639826746,USD,1.0
2020-04-30,1520.9574862531194,USD,1.0
2020-05-01,1492.9023685503025,USD,1.0
2020-05-04,1498.9916592827863,USD,1.0
2020-05-05,1503.627542519576,USD,1.0
2020-05-06,1501.716399069235,USD,1.0
2020-05-07,1507.617643077975,USD,1.0
2020-05-08,1515.7852846037329,USD,1.0
2020-05-11,1519.285052560852,USD,1.0
2020-05-12,1516.2829797396787,USD,1.0
2020-05-13,1501.8033688832109,USD,1.0
2020-05-14,1515.3254229216675,USD,1.0
2020-05-15,1525.5718967534785,USD,1.0
2020-05-18,1541.6939405666012,USD,1.0
2020-05-19,1536.826473468232,USD,1.0
2020-05-20,1545.9602210536002,USD,1.0
2020-05-21,1549.50213649535,USD,1.0
2020-05-22,1548.8279311958117,USD,1.0
2020-05-26,1551.6507345896105,USD,1.0
2020-05-27,1554.3503413407464,USD,1.0
2020-05-28,1551.4923770128835,USD,1.0
2020-05-29,1556.4584453185419,USD,1.0
2020-06-01,1564.4863622542466,USD,1.0
2020-06-02,1573.8665930905968,USD,1.0
2020-06-03,1583.8727895003897,USD,1.0
2020-06-04,1583.1553742273215,USD,1.0
2020-06-05,1595.279123071076,USD,1.0
2020-06-08,1598.4492731876087,USD,1.0
2020-06-09,1597.9703044190344,USD,1.0
2020-06-10,1599.018870314388,USD,1.0
2020-06-11,1560.6274918580395,USD,1.0
2020-06-12,1577.7894011217033,USD,1.0
2020-06-15,1585.7655583720327,USD,1.0
2020-06-16,1601.349464702831,USD,1.0
2020-06-17,1601.8982059153614,USD,1.0
2020-06-18,1608.5410876037179,USD,1.0
2020-06-19,1611.5582097758204,USD,1.0
2020-06-22,1605.973137265087,USD,1.0
2020-06-23,1613.5186904082232,USD,1.0
2020-06-24,1595.873416865167,USD,1.0
2020-06-25,1610.531675676112,USD,1.0
2020-06-26,1582.4728639225596,USD,1.0
2020-06-29,1595.7320129884888,USD,1.0
2020-06-30,1602.5522279691827,USD,1.0
2020-07-01,1608.827915108898,USD,1.0
2020-07-02,1608.0519716947792,USD,1.0
2020-07-06,1613.5864950583896,USD,1.0
2020-07-07,1616.6623306827883,USD,1.0
2020-07-08,1615.9488342294633,USD,1.0
2020-07-09,1620.4698561920188,USD,1.0
2020-07-10,1617.0346433414798,USD,1.0
2020-07-13,1611.370079882171,USD,1.0
2020-07-14,1624.9941336150575,USD,1.0
2020-07-15,1631.7562102379115,USD,1.0
2020-07-16,1634.1781436089407,USD,1.0
2020-07-17,1636.6826494066224,USD,1.0
2020-07-20,1640.9107964203463,USD,1.0
2020-07-21,1644.4739767467622,USD,1.0
2020-07-22,1650.665712321596,USD,1.0
2020-07-23,1646.7214448016782,USD,1.0
2020-07-24,1642.124549806229,USD,1.0
2020-07-27,1650.0698667369497,USD,1.0
2020-07-28,1644.3761217497274,USD,1.0
2020-07-29,1656.4790534406302,USD,1.0
2020-07-30,1652.5059754737556,USD,1.0
2020-07-31,1664.0196115102026,USD,1.0
2020-08-03,1670.2773985265655,USD,1.0
2020-08-04,1673.646850674102,USD,1.0
2020-08-05,1678.7178935513778,USD,1.0
2020-08-06,1676.3108497880849,USD,1.0
2020-08-07,1677.6062537898708,USD,1.0
2020-08-10,1682.9464371148583,USD,1.0
2020-08-11,1671.9181425728298,USD,1.0
2020-08-12,1690.501521540859,USD,1.0
2020-08-13,1689.5282613429235,USD,1.0
2020-08-14,1692.4348717613466,USD,1.0
2020-08-17,1696.0564376435445,USD,1.0
2020-08-18,1699.2284558835236,USD,1.0
2020-08-19,1695.3797671722668,USD,1.0
2020-08-20,1701.2868814877816,USD,1.0
2020-08-21,1707.7904878011868,USD,1.0
2020-08-24,1720.3995805430084,USD,1.0
2020-08-25,1723.3978563730473,USD,1.0
2020-08-26,1728.6977852441871,USD,1.0
2020-08-27,1732.501492929648,USD,1.0
2020-08-28,1740.1094641740842,USD,1.0
2020-08-31,1738.6490131694607,USD,1.0
2020-09-01,1744.836024080358,USD,1.0
2020-09-02,1747.4525654714594,USD,1.0
2020-09-03,1737.0622033396746,USD,1.0
2020-09-04,1733.130478792047,USD,1.0
2020-09-08,1695.4930998943792,USD,1.0
2020-09-09,1721.6686984920007,USD,1.0
2020-09-10,1698.8237938967054,USD,1.0
2020-09-11,1700.1081853381393,USD,1.0
2020-09-14,1720.9889885190855,USD,1.0
2020-09-15,1728.7625535975349,USD,1.0
2020-09-16,1723.434275919658,USD,1.0
2020-09-17,1709.082868360464,USD,1.0
2020-09-18,1689.2893760669413,USD,1.0
2020-09-21,1681.910154963344,USD,1.0
2020-09-22,1696.6376971618224,USD,1.0
2020-09-23,1671.420870380237,USD,1.0
2020-09-24,1674.7602833776816,USD,1.0
2020-09-25,1694.2364133793599,USD,1.0
2020-09-28,1710.2954018360865,USD,1.0
2020-09-29,1703.3606964676221,USD,1.0
2020-09-30,1718.4779520000395,USD,1.0
2020-10-01,1726.4105766740613,USD,1.0
2020-10-02,1722.218023730728,USD,1.0
2020-10-05,1740.1675152647078,USD,1.0
2020-10-06,1727.539116754714,USD,1.0
2020-10-07,1743.3392850802559,USD,1.0
2020-10-08,1749.423597358257,USD,1.0
2020-10-09,1749.4545441077407,USD,1.0
2020-10-12,1749.039009797316,USD,1.0
2020-10-13,1752.6265792977813,USD,1.0
2020-10-14,1754.6046070126565,USD,1.0
2020-10-15,1757.6296592429483,USD,1.0
2020-10-16,1759.998546477882,USD,1.0
2020-10-19,1741.8906462328312,USD,1.0
2020-10-20,1747.5942071562743,USD,1.0
2020-10-21,1743.7710216525065,USD,1.0
2020-10-22,1751.788086782489,USD,1.0
2020-10-23,1758.2840437668349,USD,1.0
2020-10-26,1734.021284586711,USD,1.0
2020-10-27,1729.7344133213353,USD,1.0
2020-10-28,1684.6069264696935,USD,1.0
2020-10-29,1697.0747353198406,USD,1.0
2020-10-30,1680.7818576050856,USD,1.0
2020-11-02,1691.8797384077525,USD,1.0
2020-11-03,1703.3901276249474,USD,1.0
2020-11-04,1711.4697891580254,USD,1.0
2020-11-05,1713.0153874427301,USD,1.0
2020-11-06,1717.1301745612955,USD,1.0
2020-11-09,1715.0621394977723,USD,1.0
2020-11-10,1715.8432106525934,USD,1.0
2020-11-11,1714.361528100099,USD,1.0
2020-11-12,1716.579367711823,USD,1.0
2020-11-13,1716.9115004670402,USD,1.0
2020-11-16,1732.0937064589202,USD,1.0
2020-11-17,1727.5807106166124,USD,1.0
2020-11-18,1715.1353847503033,USD,1.0
2020-11-19,1721.3876273326687,USD,1.0
2020-11-20,1712.5339795277519,USD,1.0
2020-11-23,1720.9102308266258,USD,1.0
2020-11-24,1743.2418202472193,USD,1.0
2020-11-25,1743.142920883779,USD,1.0
2020-11-27,1748.934158208421,USD,1.0
2020-11-30,1742.8388798391054,USD,1.0
2020-12-01,1758.3504790532666,USD,1.0
2020-12-02,1761.3698890722746,USD,1.0
2020-12-03,1762.1684322073797,USD,1.0
2020-12-04,1775.5197350668782,USD,1.0
2020-12-07,1774.927258732504,USD,1.0
2020-12-08,1778.6669894728693,USD,1.0
2020-12-09,1768.467696315728,USD,1.0
2020-12-10,1769.9730017056647,USD,1.0
2020-12-11,1769.1876851628997,USD,1.0
2020-12-14,1763.189477776666,USD,1.0
2020-12-15,1783.6545239122795,USD,1.0
2020-12-16,1785.4727037032471,USD,1.0
2020-12-17,1793.7721740724107,USD,1.0
2020-12-18,1787.7379463989685,USD,1.0
2020-12-21,1788.3847308761285,USD,1.0
2020-12-22,1786.835804825703,USD,1.0
2020-12-23,1786.7839829307047,USD,1.0
2020-12-24,1791.0630234198536,USD,1.0
2020-12-28,1799.6822743951557,USD,1.0
2020-12-29,1799.3260964041745,USD,1.0
2020-12-30,1802.079794719193,USD,1.0
2020-12-31,1806.1577434591743,USD,1.0
2021-01-04,1796.10524734003,USD,1.0
2021-01-05,1804.7748565103334,USD,1.0
2021-01-06,1810.3463186386984,USD,1.0
2021-01-07,1822.236267555542,USD,1.0
2021-01-08,1823.845466549392,USD,1.0
2021-01-11,1818.4670885008065,USD,1.0
2021-01-12,1819.124094893774,USD,1.0
2021-01-13,1822.905982452065,USD,1.0
2021-01-14,1819.140541324134,USD,1.0
2021-01-15,1810.8563616808285,USD,1.0
2021-01-19,1821.2904566491034,USD,1.0
2021-01-20,1841.6073630251537,USD,1.0
2021-01-21,1844.7231336968916,USD,1.0
2021-01-22,1839.3964080731405,USD,1.0
2021-01-25,1846.2036902107923,USD,1.0
2021-01-26,1843.4554108734283,USD,1.0
2021-01-27,1824.0835220280794,USD,1.0
2021-01-28,1828.9663927530037,USD,1.0
2021-01-29,1801.5602006558108,USD,1.0
2021-02-01,1824.8580860759193,USD,1.0
2021-02-02,1841.7302791016768,USD,1.0
2021-02-03,1840.4451531485188,USD,1.0
2021-02-04,1859.1537032878168,USD,1.0
2021-02-05,1866.2102478293202,USD,1.0
2021-02-08,1876.1681533950584,USD,1.0
2021-02-09,1875.736249190416,USD,1.0
2021-02-10,1875.8953178075826,USD,1.0
2021-02-11,1880.173882568091,USD,1.0
2021-02-12,1886.081281690977,USD,1.0
2021-02-16,1889.078000817502,USD,1.0
2021-02-17,1890.8629765523115,USD,1.0
2021-02-18,1885.8218799424503,USD,1.0
2021-02-19,1882.8232060602136,USD,1.0
2021-02-22,1871.5176223695107,USD,1.0
2021-02-23,1872.7997258769565,USD,1.0
2021-02-24,1886.4803014636555,USD,1.0
2021-02-25,1852.816059438698,USD,1.0
2021-02-26,1844.2503906117236,USD,1.0
2021-03-01,1879.508896121114,USD,1.0
2021-03-02,1866.999337077947,USD,1.0
2021-03-03,1846.6221002101754,USD,1.0
2021-03-04,1826.3212544098042,USD,1.0
2021-03-05,1853.5673708850993,USD,1.0
2021-03-08,1845.8813157605982,USD,1.0
2021-03-09,1864.9103272622397,USD,1.0
2021-03-10,1870.7981903371087,USD,1.0
2021-03-11,1881.461930017443,USD,1.0
2021-03-12,1884.4906325299005,USD,1.0
2021-03-15,1888.5279231492111,USD,1.0
2021-03-16,1885.8626864284463,USD,1.0
2021-03-17,1889.0707599766854,USD,1.0
2021-03-18,1886.501273788165,USD,1.0
2021-03-19,1891.3317169981094,USD,1.0
2021-03-22,1897.2210585285077,USD,1.0
2021-03-23,1887.1199360248831,USD,1.0
2021-03-24,1882.4855253291469,USD,1.0
2021-03-25,1887.8291150854445,USD,1.0
2021-03-26,1905.2094706848295,USD,1.0
2021-03-29,1905.6294242128508,USD,1.0
2021-03-30,1904.313613687448,USD,1.0
2021-03-31,1910.6213767658508,USD,1.0
2021-04-01,1914.351041327988,USD,1.0
2021-04-05,1931.9701330536527,USD,1.0
2021-04-06,1933.135898516688,USD,1.0
2021-04-07,1933.8084739154351,USD,1.0
2021-04-08,1939.147185291899,USD,1.0
2021-04-09,1949.248598192472,USD,1.0
2021-04-12,1947.8305035322373,USD,1.0
2021-04-13,1949.1744177845649,USD,1.0
2021-04-14,1948.4558196333778,USD,1.0
2021-04-15,1952.3122472717268,USD,1.0
2021-04-16,1951.259084319241,USD,1.0
2021-04-19,1943.778304275131,USD,1.0
2021-04-20,1933.396048840499,USD,1.0
2021-04-21,1948.2606498040416,USD,1.0
2021-04-22,1933.6963688243166,USD,1.0
2021-04-23,1951.8060638670802,USD,1.0
2021-04-26,1954.853739314112,USD,1.0
2021-04-27,1954.1908822215767,USD,1.0
2021-04-28,1953.4089306333933,USD,1.0
2021-04-29,1965.8158096204445,USD,1.0
2021-04-30,1954.0121277603619,USD,1.0
2021-05-03,1958.7778784384577,USD,1.0
2021-05-04,1950.162061380715,USD,1.0
2021-05-05,1949.7640067754883,USD,1.0
2021-05-06,1962.3912084589706,USD,1.0
2021-05-07,1972.343114434299,USD,1.0
2021-05-10,1958.901445847221,USD,1.0
2021-05-11,1946.0899311014987,USD,1.0
2021-05-12,1913.7433164831132,USD,1.0
2021-05-13,1930.0535772340418,USD,1.0
2021-05-14,1952.2133196484124,USD,1.0
2021-05-17,1951.321984966032,USD,1.0
2021-05-18,1939.9255535963046,USD,1.0
2021-05-19,1936.9398691062054,USD,1.0
2021-05-20,1953.2314435499331,USD,1.0
2021-05-21,1951.2183370985797,USD,1.0
2021-05-24,1966.5944695262103,USD,1.0
2021-05-25,1963.3643655275098,USD,1.0
2021-05-26,1965.7832340820157,USD,1.0
2021-05-27,1964.442395331948,USD,1.0
2021-05-28,1968.1226202869395,USD,1.0
2021-06-01,1967.5781327416125,USD,1.0
2021-06-02,1971.1711745336543,USD,1.0
2021-06-03,1965.5376464469696,USD,1.0
2021-06-04,1980.8449088169223,USD,1.0
2021-06-07,1978.7896752011402,USD,1.0
2021-06-08,1979.4562688331698,USD,1.0
2021-06-09,1976.9669153371765,USD,1.0
2021-06-10,1984.0462659902223,USD,1.0
2021-06-11,1986.5661976709494,USD,1.0
2021-06-14,1990.9358045730198,USD,1.0
2021-06-15,1988.3521453080991,USD,1.0
2021-06-16,1978.9940743257991,USD,1.0
2021-06-17,1977.8358159972406,USD,1.0
2021-06-18,1955.0659224616772,USD,1.0
2021-06-21,1974.0196510953583,USD,1.0
2021-06-22,1981.2340046779113,USD,1.0
2021-06-23,1977.8214495612929,USD,1.0
2021-06-24,1987.2863753541587,USD,1.0
2021-06-25,1993.2175910431588,USD,1.0
2021-06-28,1996.6573214357575,USD,1.0
2021-06-29,1998.215373407066,USD,1.0
2021-06-30,2000.0455091505457,USD,1.0
2021-07-01,2009.76420780907,USD,1.0
2021-07-02,2020.1014391458,USD,1.0
2021-07-06,2019.6011668030012,USD,1.0
2021-07-07,2024.5699499878772,USD,1.0
2021-07-08,2016.0795478517605,USD,1.0
2021-07-09,2030.6831698243689,USD,1.0
2021-07-12,2036.3934580234527,USD,1.0
2021-07-13,2032.4890178507849,USD,1.0
2021-07-14,2035.5342130525328,USD,1.0
2021-07-15,2030.5950562273142,USD,1.0
2021-07-16,2018.1465393808012,USD,1.0
2021-07-19,1994.691945817192,USD,1.0
2021-07-20,2017.0706885285226,USD,1.0
2021-07-21,2029.385421635071,USD,1.0
2021-07-22,2032.97911033729,USD,1.0
2021-07-23,2052.162921279843,USD,1.0
2021-07-26,2056.007960686168,USD,1.0
2021-07-27,2050.5116688532917,USD,1.0
2021-07-28,2048.8163858745793,USD,1.0
2021-07-29,2055.824311035521,USD,1.0
2021-07-30,2046.85859003017,USD,1.0
2021-08-02,2043.779205636687,USD,1.0
2021-08-03,2058.08930170766,USD,1.0
2021-08-04,2048.045448214496,USD,1.0
2021-08-05,2059.2530441644426,USD,1.0
2021-08-06,2061.047762732125,USD,1.0
2021-08-09,2060.824363145707,USD,1.0
2021-08-10,2063.677942436133,USD,1.0
2021-08-11,2067.6331834961,USD,1.0
2021-08-12,2072.3845719006213,USD,1.0
2021-08-13,2076.3118454636324,USD,1.0
2021-08-16,2080.3878944827097,USD,1.0
2021-08-17,2070.6001583461534,USD,1.0
2021-08-18,2052.6344605478353,USD,1.0
2021-08-19,2055.7064818031013,USD,1.0
2021-08-20,2068.7019580072324,USD,1.0
2021-08-23,2081.1853308430454,USD,1.0
2021-08-24,2085.328967780385,USD,1.0
2021-08-25,2087.639497812245,USD,1.0
2021-08-26,2078.961273096962,USD,1.0
2021-08-27,2093.0702950712534,USD,1.0
2021-08-30,2097.984530527523,USD,1.0
2021-08-31,2095.3998328241023,USD,1.0
2021-09-01,2097.9413044828275,USD,1.0
2021-09-02,2102.2006527033286,USD,1.0
2021-09-03,2105.0960796913146,USD,1.0
2021-09-07,2099.645404304399,USD,1.0
2021-09-08,2097.420850228685,USD,1.0
2021-09-09,2089.628406530479,USD,1.0
2021-09-10,2075.1809226771056,USD,1.0
2021-09-13,2078.62407497282,USD,1.0
2021-09-14,2067.923851965059,USD,1.0
2021-09-15,2083.207488847143,USD,1.0
2021-09-16,2080.1029821750967,USD,1.0
2021-09-17,2063.1170622786526,USD,1.0
2021-09-20,2043.2023358965575,USD,1.0
2021-09-21,2040.798086238231,USD,1.0
2021-09-22,2050.1913972806506,USD,1.0
2021-09-23,2065.257269029442,USD,1.0
2021-09-24,2068.910537504364,USD,1.0
2021-09-27,2066.170773099683,USD,1.0
2021-09-28,2037.9947245746876,USD,1.0
2021-09-29,2039.4155185485884,USD,1.0
2021-09-30,2019.5572832084827,USD,1.0
2021-10-01,2037.0191454962333,USD,1.0
2021-10-04,2021.9126516602673,USD,1.0
2021-10-05,2035.0763668358895,USD,1.0
2021-10-06,2039.444196992078,USD,1.0
2021-10-07,2049.049845776268,USD,1.0
2021-10-08,2049.861068749138,USD,1.0
2021-10-11,2040.450051441368,USD,1.0
2021-10-12,2037.1705628531022,USD,1.0
2021-10-13,2040.3512751812186,USD,1.0
2021-10-14,2061.2240056691717,USD,1.0
2021-10-15,2066.402159034135,USD,1.0
2021-10-18,2071.197019224466,USD,1.0
2021-10-19,2080.3535823251723,USD,1.0
2021-10-20,2086.677850554862,USD,1.0
2021-10-21,2089.4068262472447,USD,1.0
2021-10-22,2090.239990130633,USD,1.0
2021-10-25,2094.3770852134708,USD,1.0
2021-10-26,2094.9475746665635,USD,1.0
2021-10-27,2093.8802501166474,USD,1.0
2021-10-28,2103.4790024036906,USD,1.0
2021-10-29,2101.1205854888926,USD,1.0
2021-11-01,2104.1746974436405,USD,1.0
2021-11-02,2110.2024234145315,USD,1.0
2021-11-03,2117.8940633418056,USD,1.0
2021-11-04,2124.555821945194,USD,1.0
2021-11-05,2130.924548070178,USD,1.0
2021-11-08,2132.476315397144,USD,1.0
2021-11-09,2130.6293186498237,USD,1.0
2021-11-10,2120.8371502901887,USD,1.0
2021-11-11,2121.2804612595273,USD,1.0
2021-11-12,2135.0278948230057,USD,1.0
2021-11-15,2136.1957882017487,USD,1.0
2021-11-16,2143.997822709728,USD,1.0
2021-11-17,2141.666651481888,USD,1.0
2021-11-18,2148.637445086245,USD,1.0
2021-11-19,2145.438705836027,USD,1.0
2021-11-22,2140.5224061309937,USD,1.0
2021-11-23,2143.6979976388675,USD,1.0
2021-11-24,2147.483218471667,USD,1.0
2021-11-26,2117.167828371801,USD,1.0
2021-11-29,2126.770090012552,USD,1.0
2021-11-30,2101.786021760819,USD,1.0
2021-12-01,2090.6464128106486,USD,1.0
2021-12-02,2113.838974356771,USD,1.0
2021-12-03,2105.7042508333043,USD,1.0
2021-12-06,2121.2292687678014,USD,1.0
2021-12-07,2141.917365892815,USD,1.0
2021-12-08,2147.0458476433796,USD,1.0
2021-12-09,2144.494725663882,USD,1.0
2021-12-10,2152.1076946782946,USD,1.0
2021-12-13,2136.991944675949,USD,1.0
2021-12-14,2125.913905037476,USD,1.0
2021-12-15,2152.187078588907,USD,1.0
2021-12-16,2136.2754680107755,USD,1.0
2021-12-17,2117.402826666775,USD,1.0
2021-12-20,2099.4372559337244,USD,1.0
2021-12-21,2127.4539304384566,USD,1.0
2021-12-22,2141.358512180467,USD,1.0
2021-12-23,2151.7992431894954,USD,1.0
2021-12-27,2169.550404530016,USD,1.0
2021-12-28,2167.1660024205553,USD,1.0
2021-12-29,2170.642279943993,USD,1.0
2021-12-30,2167.279565189612,USD,1.0
2021-12-31,2163.66505069882,USD,1.0
2022-01-03,2172.6794855643793,USD,1.0
2022-01-04,2173.608267768893,USD,1.0
2022-01-05,2143.5746322016594,USD,1.0
2022-01-06,2142.3499040980078,USD,1.0
2022-01-07,2133.8463034496126,USD,1.0
2022-01-10,2131.4404112932616,USD,1.0
2022-01-11,2141.665254653036,USD,1.0
2022-01-12,2143.815800389714,USD,1.0
2022-01-13,2129.5515301604005,USD,1.0
2022-01-14,2128.621214208148,USD,1.0
2022-01-18,2103.282021579953,USD,1.0
2022-01-19,2086.1859448859636,USD,1.0
2022-01-20,2071.775185750918,USD,1.0
2022-01-21,2046.1260508916089,USD,1.0
2022-01-24,2048.061835028722,USD,1.0
2022-01-25,2047.4797569980262,USD,1.0
2022-01-26,2044.2674664362146,USD,1.0
2022-01-27,2035.342957331323,USD,1.0
2022-01-28,2061.1767752640703,USD,1.0
2022-01-31,2073.278399638326,USD,1.0
2022-02-01,2066.5819664473142,USD,1.0
2022-02-02,2087.868192366102,USD,1.0
2022-02-03,2063.3918036030122,USD,1.0
2022-02-04,2085.2273159746833,USD,1.0
2022-02-07,2080.5366823996715,USD,1.0
2022-02-08,2088.9929391584074,USD,1.0
2022-02-09,2100.6208787892197,USD,1.0
2022-02-10,2088.0909123457227,USD,1.0
2022-02-11,2066.130688810355,USD,1.0
2022-02-14,2062.3867799429336,USD,1.0
2022-02-15,2083.7144274464126,USD,1.0
2022-02-16,2083.233466947596,USD,1.0
2022-02-17,2055.174214182059,USD,1.0
2022-02-18,2044.884390830728,USD,1.0
2022-02-22,2034.4434143567687,USD,1.0
2022-02-23,2024.3886862665122,USD,1.0
2022-02-24,2044.6055588737577,USD,1.0
2022-02-25,2059.6765872278233,USD,1.0
2022-02-28,2060.1049880192595,USD,1.0
2022-03-01,2048.732201045345,USD,1.0
2022-03-02,2071.050767755152,USD,1.0
2022-03-03,2067.426271102656,USD,1.0
2022-03-04,2061.05188342297,USD,1.0
2022-03-07,2040.6529895491242,USD,1.0
2022-03-08,2032.6296527787265,USD,1.0
2022-03-09,2056.65647175657,USD,1.0
2022-03-10,2050.5405025700684,USD,1.0
2022-03-11,2037.6967815625342,USD,1.0
2022-03-14,2028.6835588961628,USD,1.0
2022-03-15,2057.4146818816093,USD,1.0
2022-03-16,2078.8090470315688,USD,1.0
2022-03-17,2096.065668465765,USD,1.0
2022-03-18,2097.2430676377257,USD,1.0
2022-03-21,2097.7114114596857,USD,1.0
2022-03-22,2106.198354371398,USD,1.0
2022-03-23,2098.672954920641,USD,1.0
2022-03-24,2111.1970582172344,USD,1.0
2022-03-25,2115.090858519582,USD,1.0
2022-03-28,2117.939755859441,USD,1.0
2022-03-29,2120.0208282686126,USD,1.0
2022-03-30,2119.205860299552,USD,1.0
2022-03-31,2116.486138462554,USD,1.0
2022-04-01,2132.450149795464,USD,1.0
2022-04-04,2139.3426955708323,USD,1.0
2022-04-05,2127.35448815446,USD,1.0
2022-04-06,2116.7311794935936,USD,1.0
2022-04-07,2122.988382480973,USD,1.0
2022-04-08,2119.1307160336974,USD,1.0
2022-04-11,2097.360686213269,USD,1.0
2022-04-12,2091.993703680733,USD,1.0
2022-04-13,2104.2947150064565,USD,1.0
2022-04-14,2087.869010567232,USD,1.0
2022-04-18,2084.553662885731,USD,1.0
2022-04-19,2106.18797677454,USD,1.0
2022-04-20,2092.4735408393162,USD,1.0
2022-04-21,2090.319941029403,USD,1.0
2022-04-22,2071.1709000615833,USD,1.0
2022-04-25,2072.5825532667827,USD,1.0
2022-04-26,2051.2627415046863,USD,1.0
2022-04-27,2044.72320332042,USD,1.0
2022-04-28,2077.9005179581754,USD,1.0
2022-04-29,2031.8081627205243,USD,1.0
2022-05-02,2044.880416033548,USD,1.0
2022-05-03,2039.7322683607708,USD,1.0
2022-05-04,2041.7323257584217,USD,1.0
2022-05-05,2041.2160808649287,USD,1.0
2022-05-06,2054.078415725567,USD,1.0
2022-05-09,2035.4290929753606,USD,1.0
2022-05-10,2041.1622331663184,USD,1.0
2022-05-11,2029.3492001829882,USD,1.0
2022-05-12,2032.6595135252883,USD,1.0
2022-05-13,2044.1882299144218,USD,1.0
2022-05-16,2043.5755505655243,USD,1.0
2022-05-17,2040.6950628857794,USD,1.0
2022-05-18,2047.6633439436778,USD,1.0
2022-05-19,2040.5721965854405,USD,1.0
2022-05-20,2043.1223587135155,USD,1.0
2022-05-23,2047.489329802595,USD,1.0
2022-05-24,2046.7697122722543,USD,1.0
2022-05-25,2055.059594521107,USD,1.0
2022-05-26,2066.39941230899,USD,1.0
2022-05-27,2055.2711881560485,USD,1.0
2022-05-31,2057.822935093225,USD,1.0
2022-06-01,2053.783966100432,USD,1.0
2022-06-02,2064.080683407228,USD,1.0
2022-06-03,2054.6673554856447,USD,1.0
2022-06-06,2059.13887770028,USD,1.0
2022-06-07,2065.5394898807203,USD,1.0
2022-06-08,2056.8537952095053,USD,1.0
2022-06-09,2043.0989895358232,USD,1.0
2022-06-10,2028.6905911640326,USD,1.0
2022-06-13,2035.9673796720208,USD,1.0
2022-06-14,2040.1088927690635,USD,1.0
2022-06-15,2041.1976566220783,USD,1.0
2022-06-16,2031.964423320021,USD,1.0
2022-06-17,2036.0572647525942,USD,1.0
2022-06-21,2069.98603147399,USD,1.0
2022-06-22,2064.803177307595,USD,1.0
2022-06-23,2082.2435201596386,USD,1.0
2022-06-24,2130.740868692468,USD,1.0
2022-06-27,2123.91519804281,USD,1.0
2022-06-28,2101.9830292098072,USD,1.0
2022-06-29,2101.731360143937,USD,1.0
2022-06-30,2094.256519614113,USD,1.0
2022-07-01,2107.6063324688957,USD,1.0
2022-07-05,2110.789264397461,USD,1.0
2022-07-06,2114.482281465046,USD,1.0
2022-07-07,2139.6116744213705,USD,1.0
2022-07-08,2135.8109840846346,USD,1.0
2022-07-11,2125.7357913764463,USD,1.0
2022-07-12,2116.816905818118,USD,1.0
2022-07-13,2109.930823926617,USD,1.0
2022-07-14,2106.2387322398417,USD,1.0
2022-07-15,2133.439541573,USD,1.0
2022-07-18,2121.9044391151933,USD,1.0
2022-07-19,2156.6990128877396,USD,1.0
2022-07-20,2167.5289816009686,USD,1.0
2022-07-21,2182.03236781774,USD,1.0
2022-07-22,2178.3991452034716,USD,1.0
2022-07-25,2178.8409616565,USD,1.0
2022-07-26,2163.4898532662637,USD,1.0
2022-07-27,2198.8182616945605,USD,1.0
2022-07-28,2203.248054328298,USD,1.0
2022-07-29,2214.6867211668637,USD,1.0
2022-08-01,2213.818408230604,USD,1.0
2022-08-02,2216.6453408311945,USD,1.0
2022-08-03,2219.9627874315397,USD,1.0
2022-08-04,2219.8537686922136,USD,1.0
2022-08-05,2220.236313156306,USD,1.0
2022-08-08,2218.132482614441,USD,1.0
2022-08-09,2212.4012537779217,USD,1.0
2022-08-10,2243.7052765185817,USD,1.0
2022-08-11,2242.9994630340207,USD,1.0
2022-08-12,2261.1668811305144,USD,1.0
2022-08-15,2264.637081761227,USD,1.0
2022-08-16,2266.1606300353187,USD,1.0
2022-08-17,2262.0488651234677,USD,1.0
2022-08-18,2268.669383324726,USD,1.0
2022-08-19,2270.7857917489655,USD,1.0
2022-08-22,2235.6573928775792,USD,1.0
2022-08-23,2231.1475018598726,USD,1.0
2022-08-24,2235.8801373830406,USD,1.0
2022-08-25,2262.804733920044,USD,1.0
2022-08-26,2198.4979572641173,USD,1.0
2022-08-29,2184.8796526572964,USD,1.0
2022-08-30,2162.8580690045515,USD,1.0
2022-08-31,2147.4800849330177,USD,1.0
2022-09-01,2153.3550055912965,USD,1.0
2022-09-02,2131.7855973258834,USD,1.0
2022-09-06,2131.758033009507,USD,1.0
2022-09-07,2152.287572283827,USD,1.0
2022-09-08,2157.212890094244,USD,1.0
2022-09-09,2172.021611120509,USD,1.0
2022-09-12,2171.8485625814938,USD,1.0
2022-09-13,2145.4325633945323,USD,1.0
2022-09-14,2154.031832130063,USD,1.0
2022-09-15,2136.2276334471494,USD,1.0
2022-09-16,2122.2038115791333,USD,1.0
2022-09-19,2129.825394483273,USD,1.0
2022-09-20,2119.6402020177693,USD,1.0
2022-09-21,2106.966617872511,USD,1.0
2022-09-22,2096.2967871481706,USD,1.0
2022-09-23,2078.556074911129,USD,1.0
2022-09-26,2069.6703192485293,USD,1.0
2022-09-27,2065.551216856893,USD,1.0
2022-09-28,2088.7705334851116,USD,1.0
2022-09-29,2061.66663286323,USD,1.0
2022-09-30,2037.4410746028273,USD,1.0
2022-10-03,2052.1228604980424,USD,1.0
2022-10-04,2055.4529401716,USD,1.0
2022-10-05,2051.7159320450164,USD,1.0
2022-10-06,2059.831405906985,USD,1.0
2022-10-07,2063.4809514029007,USD,1.0
2022-10-10,2062.7623206303992,USD,1.0
2022-10-11,2061.3752569954663,USD,1.0
2022-10-12,2059.410535770038,USD,1.0
2022-10-13,2083.9785654011716,USD,1.0
2022-10-14,2075.1298964722087,USD,1.0
2022-10-17,2083.1361675502208,USD,1.0
2022-10-18,2080.7693202717455,USD,1.0
2022-10-19,2090.2355323259517,USD,1.0
2022-10-20,2089.057792442682,USD,1.0
2022-10-21,2095.042557571693,USD,1.0
2022-10-24,2096.8024434066624,USD,1.0
2022-10-25,2101.4896358631204,USD,1.0
2022-10-26,2085.442632299511,USD,1.0
2022-10-27,2120.047701209263,USD,1.0
2022-10-28,2076.2794509182286,USD,1.0
2022-10-31,2073.1562262339944,USD,1.0
2022-11-01,2070.8125988882907,USD,1.0
2022-11-02,2043.4736434237607,USD,1.0
2022-11-03,2028.671632653543,USD,1.0
2022-11-04,2048.5291330287614,USD,1.0
2022-11-07,2059.532798735727,USD,1.0
2022-11-08,2070.094033318644,USD,1.0
2022-11-09,2041.7256365634298,USD,1.0
2022-11-10,2115.1082493099398,USD,1.0
2022-11-11,2130.2382935670234,USD,1.0
2022-11-14,2119.7246407053476,USD,1.0
2022-11-15,2134.3518753128824,USD,1.0
2022-11-16,2122.9204980589357,USD,1.0
2022-11-17,2121.7881222163805,USD,1.0
2022-11-18,2129.296995007767,USD,1.0
2022-11-21,2121.9164970798715,USD,1.0
2022-11-22,2143.5937174621636,USD,1.0
2022-11-23,2154.7493202294695,USD,1.0
2022-11-25,2155.117074099521,USD,1.0
2022-11-28,2133.5204373876854,USD,1.0
2022-11-29,2130.751838197852,USD,1.0
2022-11-30,2170.677068138558,USD,1.0
2022-12-01,2173.470163278662,USD,1.0
2022-12-02,2176.1254334774435,USD,1.0
2022-12-05,2148.980605245341,USD,1.0
2022-12-06,2124.691410932264,USD,1.0
2022-12-07,2122.7568234583787,USD,1.0
2022-12-08,2135.926527934893,USD,1.0
2022-12-09,2122.7373391898172,USD,1.0
2022-12-12,2136.2095552717765,USD,1.0
2022-12-13,2146.267902928109,USD,1.0
2022-12-14,2142.4857206674496,USD,1.0
2022-12-15,2118.448620250244,USD,1.0
2022-12-16,2100.040426987637,USD,1.0
2022-12-19,2086.757271750492,USD,1.0
2022-12-20,2086.817426103764,USD,1.0
2022-12-21,2104.748947261939,USD,1.0
2022-12-22,2087.8341737684996,USD,1.0
2022-12-23,2093.979814139987,USD,1.0
2022-12-27,2089.78785536341,USD,1.0
2022-12-28,2076.156256806867,USD,1.0
2022-12-29,2096.7031836553615,USD,1.0
2022-12-30,2093.1609236964255,USD,1.0
2023-01-03,2091.0299420495676,USD,1.0
2023-01-04,2098.3041991076193,USD,1.0
2023-01-05,2083.159981710766,USD,1.0
2023-01-06,2115.6949846308335,USD,1.0
2023-01-09,2115.34660939163,USD,1.0
2023-01-10,2120.2676399720735,USD,1.0
2023-01-11,2127.995395167327,USD,1.0
2023-01-12,2136.6357074587117,USD,1.0
2023-01-13,2141.767343461106,USD,1.0
2023-01-17,2142.7990787246263,USD,1.0
2023-01-18,2133.527486549912,USD,1.0
2023-01-19,2123.224773047696,USD,1.0
2023-01-20,2153.1083592940176,USD,1.0
2023-01-23,2164.1269724929966,USD,1.0
2023-01-24,2157.9372773173236,USD,1.0
2023-01-25,2162.5702309457674,USD,1.0
2023-01-26,2172.8833820540985,USD,1.0
2023-01-27,2174.124103173527,USD,1.0
2023-01-30,2162.514914975598,USD,1.0
2023-01-31,2180.7462998042815,USD,1.0
2023-02-01,2182.4803947984337,USD,1.0
2023-02-02,2204.231712659322,USD,1.0
2023-02-03,2192.447449274933,USD,1.0
2023-02-06,2184.3866849640963,USD,1.0
2023-02-07,2204.651517052021,USD,1.0
2023-02-08,2189.5468144240153,USD,1.0
2023-02-09,2177.3251535567115,USD,1.0
2023-02-10,2182.4948527454576,USD,1.0
2023-02-13,2199.869765729249,USD,1.0
2023-02-14,2202.6785466754955,USD,1.0
2023-02-15,2208.262702595631,USD,1.0
2023-02-16,2184.3550976811216,USD,1.0
2023-02-17,2179.3788781893154,USD,1.0
2023-02-21,2150.9912261267395,USD,1.0
2023-02-22,2148.5837357941477,USD,1.0
2023-02-23,2156.1201448323804,USD,1.0
2023-02-24,2138.57944417076,USD,1.0
2023-02-27,2142.129057236471,USD,1.0
2023-02-28,2134.885159818411,USD,1.0
2023-03-01,2127.359820396403,USD,1.0
2023-03-02,2140.0270784186073,USD,1.0
2023-03-03,2168.447761460087,USD,1.0
2023-03-06,2169.472597847582,USD,1.0
2023-03-07,2147.95844704516,USD,1.0
2023-03-08,2149.780360730893,USD,1.0
2023-03-09,2124.675552438122,USD,1.0
2023-03-10,2103.045309189862,USD,1.0
2023-03-13,2102.966681259964,USD,1.0
2023-03-14,2128.7754354193594,USD,1.0
2023-03-15,2122.6640997502163,USD,1.0
2023-03-16,2147.943434402736,USD,1.0
2023-03-17,2132.788170383305,USD,1.0
2023-03-20,2140.532206178078,USD,1.0
2023-03-21,2144.732055161881,USD,1.0
2023-03-22,2135.906725351357,USD,1.0
2023-03-23,2144.3103633203514,USD,1.0
2023-03-24,2149.6434928179583,USD,1.0
2023-03-27,2151.412171426081,USD,1.0
2023-03-28,2150.9712966757443,USD,1.0
2023-03-29,2159.4414210969826,USD,1.0
2023-03-30,2160.6329872959022,USD,1.0
2023-03-31,2156.2587382768966,USD,1.0
2023-04-03,2161.5439802425376,USD,1.0
2023-04-04,2156.8169299380247,USD,1.0
2023-04-05,2155.3585534750137,USD,1.0
2023-04-06,2161.090935587311,USD,1.0
2023-04-10,2162.0490560623375,USD,1.0
2023-04-11,2162.6628705824683,USD,1.0
2023-04-12,2157.209609330176,USD,1.0
2023-04-13,2179.052979171055,USD,1.0
2023-04-14,2173.5886016846366,USD,1.0
2023-04-17,2178.240467872929,USD,1.0
2023-04-18,2180.401472009937,USD,1.0
2023-04-19,2182.0347232808153,USD,1.0
2023-04-20,2175.055554425633,USD,1.0
2023-04-21,2177.2401190842756,USD,1.0
2023-04-24,2179.3083567194567,USD,1.0
2023-04-25,2151.447545223779,USD,1.0
2023-04-26,2144.023508414358,USD,1.0
2023-04-27,2177.859879956378,USD,1.0
2023-04-28,2192.6549253276344,USD,1.0
2023-05-01,2191.7547210922417,USD,1.0
2023-05-02,2175.935356855667,USD,1.0
2023-05-03,2163.9912892183206,USD,1.0
2023-05-04,2155.963968882457,USD,1.0
2023-05-05,2185.1485958167173,USD,1.0
2023-05-08,2184.360845637149,USD,1.0
2023-05-09,2176.281170691404,USD,1.0
2023-05-10,2184.4278672909763,USD,1.0
2023-05-11,2180.665670818668,USD,1.0
2023-05-12,2178.233417361292,USD,1.0
2023-05-15,2182.1189282467776,USD,1.0
2023-05-16,2171.61734073621,USD,1.0
2023-05-17,2188.936796772453,USD,1.0
2023-05-18,2198.195407708312,USD,1.0
2023-05-19,2200.0486333136164,USD,1.0
2023-05-22,2201.006504626675,USD,1.0
2023-05-23,2187.82632882218,USD,1.0
2023-05-24,2176.2082490029293,USD,1.0
2023-05-25,2192.0418484059114,USD,1.0
2023-05-26,2216.199221084771,USD,1.0
2023-05-30,2218.5562499465245,USD,1.0
2023-05-31,2210.9282954714995,USD,1.0
2023-06-01,2225.7910280808514,USD,1.0
2023-06-02,2244.79049029314,USD,1.0
2023-06-05,2243.7593713092842,USD,1.0
2023-06-06,2245.3996550427187,USD,1.0
2023-06-07,2243.8493178157532,USD,1.0
2023-06-08,2252.5628145444316,USD,1.0
2023-06-09,2254.7615537319466,USD,1.0
2023-06-12,2269.4317424290125,USD,1.0
2023-06-13,2280.2723620736965,USD,1.0
2023-06-14,2283.512448535594,USD,1.0
2023-06-15,2299.8583123975727,USD,1.0
2023-06-16,2296.8083162226726,USD,1.0
2023-06-20,2297.7848611439144,USD,1.0
2023-06-21,2291.606340698134,USD,1.0
2023-06-22,2299.040924832269,USD,1.0
2023-06-23,2286.263595336336,USD,1.0
2023-06-26,2278.5127613979894,USD,1.0
2023-06-27,2296.05213140635,USD,1.0
2023-06-28,2293.931787146591,USD,1.0
2023-06-29,2301.7730291461176,USD,1.0
2023-06-30,2317.312190899165,USD,1.0
2023-07-03,2317.865446183726,USD,1.0
2023-07-05,2319.9064123241815,USD,1.0
2023-07-06,2314.5730224316467,USD,1.0
2023-07-07,2311.279754378348,USD,1.0
2023-07-10,2315.7946236885427,USD,1.0
2023-07-11,2324.6939287937057,USD,1.0
2023-07-12,2334.8300808556955,USD,1.0
2023-07-13,2343.6119471841093,USD,1.0
2023-07-14,2344.9246375871066,USD,1.0
2023-07-17,2349.4832833998835,USD,1.0
2023-07-18,2350.7009195103774,USD,1.0
2023-07-19,2351.8629134107337,USD,1.0
2023-07-20,2351.462726071106,USD,1.0
2023-07-21,2352.3989059850633,USD,1.0
2023-07-24,2360.352382933987,USD,1.0
2023-07-25,2364.230398057454,USD,1.0
2023-07-26,2367.4601118771893,USD,1.0
2023-07-27,2356.920524341187,USD,1.0
2023-07-28,2375.72578732538,USD,1.0
2023-07-31,2379.6444267750044,USD,1.0
2023-08-01,2376.6280481157883,USD,1.0
2023-08-02,2350.1804921897287,USD,1.0
2023-08-03,2342.8596208193185,USD,1.0
2023-08-04,2335.1975200671386,USD,1.0
2023-08-07,2348.9977882169164,USD,1.0
2023-08-08,2343.32948632077,USD,1.0
2023-08-09,2330.757291005634,USD,1.0
2023-08-10,2333.1456622547003,USD,1.0
2023-08-11,2331.807299015411,USD,1.0
2023-08-14,2343.138707194795,USD,1.0
2023-08-15,2320.5699777909767,USD,1.0
2023-08-16,2305.623120907849,USD,1.0
2023-08-17,2291.525097613359,USD,1.0
2023-08-18,2291.425563545791,USD,1.0
2023-08-21,2301.9283285688666,USD,1.0
2023-08-22,2298.309448398088,USD,1.0
2023-08-23,2312.17943203534,USD,1.0
2023-08-24,2296.195860098558,USD,1.0
2023-08-25,2306.8539225000386,USD,1.0
2023-08-28,2316.3244293390753,USD,1.0
2023-08-29,2326.9640572710136,USD,1.0
2023-08-30,2328.6068393807636,USD,1.0
2023-08-31,2329.9769875062934,USD,1.0
2023-09-01,2331.850373217882,USD,1.0
2023-09-05,2323.4286187768157,USD,1.0
2023-09-06,2310.4771848689406,USD,1.0
2023-09-07,2303.626585860484,USD,1.0
2023-09-08,2305.9456333087765,USD,1.0
2023-09-11,2319.5998508076136,USD,1.0
2023-09-12,2307.6030983817263,USD,1.0
2023-09-13,2309.3884834903456,USD,1.0
2023-09-14,2327.4400924405672,USD,1.0
2023-09-15,2301.7161995854385,USD,1.0
2023-09-18,2302.8299259152896,USD,1.0
2023-09-19,2299.525748103992,USD,1.0
2023-09-20,2285.9780511624044,USD,1.0
2023-09-21,2259.8194103298542,USD,1.0
2023-09-22,2255.319092790611,USD,1.0
2023-09-25,2262.91601902241,USD,1.0
2023-09-26,2240.916407833728,USD,1.0
2023-09-27,2241.1226658911546,USD,1.0
2023-09-28,2249.4693440180085,USD,1.0
2023-09-29,2243.849563806248,USD,1.0
2023-10-02,2245.683995485397,USD,1.0
2023-10-03,2233.0475094767844,USD,1.0
2023-10-04,2243.0323853411733,USD,1.0
2023-10-05,2243.6190754539143,USD,1.0
2023-10-06,2256.2078676702004,USD,1.0
2023-10-09,2265.134661572318,USD,1.0
2023-10-10,2270.141104663312,USD,1.0
2023-10-11,2271.3314314306544,USD,1.0
2023-10-12,2273.5980552482183,USD,1.0
2023-10-13,2273.5176685456013,USD,1.0
2023-10-16,2280.6561502560967,USD,1.0
2023-10-17,2283.887531697226,USD,1.0
2023-10-18,2268.8450733469617,USD,1.0
2023-10-19,2263.111147957773,USD,1.0
2023-10-20,2244.3301579643203,USD,1.0
2023-10-23,2237.3997528207174,USD,1.0
2023-10-24,2247.6791121447545,USD,1.0
2023-10-25,2226.7890160718425,USD,1.0
2023-10-26,2209.2025790487346,USD,1.0
2023-10-27,2206.296933248208,USD,1.0
2023-10-30,2212.6359757709497,USD,1.0
2023-10-31,2217.334956660603,USD,1.0
2023-11-01,2218.1596141634504,USD,1.0
2023-11-02,2216.573223653436,USD,1.0
2023-11-03,2207.7429726372125,USD,1.0
2023-11-06,2210.579876500966,USD,1.0
2023-11-07,2208.2919002488134,USD,1.0
2023-11-08,2209.128819656777,USD,1.0
2023-11-09,2211.662697538842,USD,1.0
2023-11-10,2203.725410265787,USD,1.0
2023-11-13,2202.6493116991974,USD,1.0
2023-11-14,2224.0718393411066,USD,1.0
2023-11-15,2230.9502086557927,USD,1.0
2023-11-16,2230.787126323993,USD,1.0
2023-11-17,2234.1742573823913,USD,1.0
2023-11-20,2237.8111793834,USD,1.0
2023-11-21,2239.0264607804224,USD,1.0
2023-11-22,2238.5808889902596,USD,1.0
2023-11-24,2237.493448286796,USD,1.0
2023-11-27,2234.7160858029115,USD,1.0
2023-11-28,2236.856895472358,USD,1.0
2023-11-29,2235.6071377135404,USD,1.0
2023-11-30,2243.6321858284555,USD,1.0
2023-12-01,2253.248573282311,USD,1.0
2023-12-04,2246.694966367496,USD,1.0
2023-12-05,2246.0746892423217,USD,1.0
2023-12-06,2238.9367100049276,USD,1.0
2023-12-07,2253.555216288267,USD,1.0
2023-12-08,2261.9208897589538,USD,1.0
2023-12-11,2268.753445756424,USD,1.0
2023-12-12,2276.7156909159894,USD,1.0
2023-12-13,2294.3553237711067,USD,1.0
2023-12-14,2301.5138323931105,USD,1.0
2023-12-15,2299.481342939603,USD,1.0
2023-12-18,2307.2333425853076,USD,1.0
2023-12-19,2309.6203733035586,USD,1.0
2023-12-20,2308.2041717445236,USD,1.0
2023-12-21,2312.5384879251337,USD,1.0
2023-12-22,2313.8499440153514,USD,1.0
2023-12-26,2320.4094211825377,USD,1.0
2023-12-27,2323.053922314046,USD,1.0
2023-12-28,2324.589072251177,USD,1.0
2023-12-29,2321.6855783031433,USD,1.0
2024-01-02,2311.1204335697025,USD,1.0
2024-01-03,2296.382153976889,USD,1.0
2024-01-04,2289.7365630225936,USD,1.0
2024-01-05,2290.683669903384,USD,1.0
2024-01-08,2309.3378596776233,USD,1.0
2024-01-09,2308.386835273375,USD,1.0
2024-01-10,2313.3527593895333,USD,1.0
2024-01-11,2314.932593634523,USD,1.0
2024-01-12,2318.616734691076,USD,1.0
2024-01-16,2316.173402791448,USD,1.0
2024-01-17,2311.00924731851,USD,1.0
2024-01-18,2324.259601430114,USD,1.0
2024-01-19,2326.328024006336,USD,1.0
2024-01-22,2329.960674879901,USD,1.0
2024-01-23,2333.818693248638,USD,1.0
2024-01-24,2338.1349524958177,USD,1.0
2024-01-25,2346.1370977245156,USD,1.0
2024-01-26,2345.46287848272,USD,1.0
2024-01-29,2356.8162012694424,USD,1.0
2024-01-30,2357.21674834796,USD,1.0
2024-01-31,2333.060926724606,USD,1.0
2024-02-01,2355.3597243091294,USD,1.0
2024-02-02,2372.8084142722337,USD,1.0
2024-02-05,2366.265037234754,USD,1.0
2024-02-06,2372.5185925115134,USD,1.0
2024-02-07,2386.7742786760036,USD,1.0
2024-02-08,2388.7189198063456,USD,1.0
2024-02-09,2399.7531248428427,USD,1.0
2024-02-12,2401.6829217739746,USD,1.0
2024-02-13,2376.8146652827945,USD,1.0
2024-02-14,2394.9983734121515,USD,1.0
2024-02-15,2409.1936802425575,USD,1.0
2024-02-16,2401.0321793038966,USD,1.0
2024-02-20,2390.837587530044,USD,1.0
2024-02-21,2392.1722785633206,USD,1.0
2024-02-22,2429.1325524855406,USD,1.0
2024-02-23,2431.9551953083314,USD,1.0
2024-02-26,2427.319372826444,USD,1.0
2024-02-27,2430.34653578454,USD,1.0
2024-02-28,2431.30651976596,USD,1.0
2024-02-29,2438.3505170129265,USD,1.0
2024-03-01,2450.098242623608,USD,1.0
2024-03-04,2448.627641254883,USD,1.0
2024-03-05,2427.208694487633,USD,1.0
2024-03-06,2438.79746618725,USD,1.0
2024-03-07,2459.5972415358456,USD,1.0
2024-03-08,2448.213988654425,USD,1.0
2024-03-11,2446.8857609567885,USD,1.0
2024-03-12,2471.1838385685405,USD,1.0
2024-03-13,2468.2188093611485,USD,1.0
2024-03-14,2464.5093143305694,USD,1.0
2024-03-15,2448.3683430636165,USD,1.0
2024-03-18,2457.579049115015,USD,1.0
2024-03-19,2466.5010280519987,USD,1.0
2024-03-20,2476.2960517173856,USD,1.0
2024-03-21,2481.845341823636,USD,1.0
2024-03-22,2484.9872556902383,USD,1.0
2024-03-25,2484.237060167378,USD,1.0
2024-03-26,2482.5741428876654,USD,1.0
2024-03-27,2490.8196365650415,USD,1.0
2024-03-28,2493.2610181739965,USD,1.0
2024-04-01,2490.964606986679,USD,1.0
2024-04-02,2478.5822158081896,USD,1.0
2024-04-03,2480.85037130875,USD,1.0
2024-04-04,2456.7477440851108,USD,1.0
2024-04-05,2480.174386841496,USD,1.0
2024-04-08,2479.391245882456,USD,1.0
2024-04-09,2481.2274983601083,USD,1.0
2024-04-10,2460.5116313231165,USD,1.0
2024-04-11,2476.3052943331245,USD,1.0
2024-04-12,2449.3673558898863,USD,1.0
2024-04-15,2430.712512272878,USD,1.0
2024-04-16,2426.9659376994477,USD,1.0
2024-04-17,2415.877071254481,USD,1.0
2024-04-18,2411.6390451483976,USD,1.0
2024-04-19,2395.6889393146516,USD,1.0
2024-04-22,2408.5172712858516,USD,1.0
2024-04-23,2430.5207811999935,USD,1.0
2024-04-24,2429.387493986102,USD,1.0
2024-04-25,2421.7786356282813,USD,1.0
2024-04-26,2440.489910415666,USD,1.0
2024-04-29,2446.3075444488577,USD,1.0
2024-04-30,2419.4327465482124,USD,1.0
2024-05-01,2414.3279363280767,USD,1.0
2024-05-02,2431.4496614217296,USD,1.0
2024-05-03,2455.173025517501,USD,1.0
2024-05-06,2470.557474763684,USD,1.0
2024-05-07,2473.419357009866,USD,1.0
2024-05-08,2475.5684886173267,USD,1.0
2024-05-09,2482.291106360562,USD,1.0
2024-05-10,2483.706079986516,USD,1.0
2024-05-13,2483.795276432754,USD,1.0
2024-05-14,2492.354777212004,USD,1.0
2024-05-15,2511.487949639553,USD,1.0
2024-05-16,2511.4115606049813,USD,1.0
2024-05-17,2515.01147044466,USD,1.0
2024-05-20,2516.72287117357,USD,1.0
2024-05-21,2520.397644209493,USD,1.0
2024-05-22,2517.19182006369,USD,1.0
2024-05-23,2509.899846569017,USD,1.0
2024-05-24,2525.122213752048,USD,1.0
2024-05-28,2527.1271513091524,USD,1.0
2024-05-29,2512.3376731063017,USD,1.0
2024-05-30,2497.3124492214124,USD,1.0
2024-05-31,2517.22739617495,USD,1.0
2024-06-03,2519.104738785706,USD,1.0
2024-06-04,2522.1002860421054,USD,1.0
2024-06-05,2548.516416029606,USD,1.0
2024-06-06,2549.382373398455,USD,1.0
2024-06-07,2546.953662277743,USD,1.0
2024-06-10,2553.579795963775,USD,1.0
2024-06-11,2558.992378988649,USD,1.0
2024-06-12,2576.1687977985052,USD,1.0
2024-06-13,2581.928976304453,USD,1.0
2024-06-14,2585.5487629948457,USD,1.0
2024-06-17,2595.610415809905,USD,1.0
2024-06-18,2599.9996097128264,USD,1.0
2024-06-20,2602.225223617663,USD,1.0
2024-06-21,2608.498003507601,USD,1.0
2024-06-24,2602.6858654476014,USD,1.0
2024-06-25,2609.8280330667944,USD,1.0
2024-06-26,2612.571464602575,USD,1.0
2024-06-27,2615.9208329306584,USD,1.0
2024-06-28,2608.712743467229,USD,1.0
2024-07-01,2612.5353244545013,USD,1.0
2024-07-02,2627.4065892042177,USD,1.0
2024-07-03,2637.9307958605796,USD,1.0
2024-07-05,2652.943868049314,USD,1.0
2024-07-08,2655.616040384442,USD,1.0
2024-07-09,2658.1278321409136,USD,1.0
2024-07-10,2676.2072020578853,USD,1.0
2024-07-11,2661.6218641379282,USD,1.0
2024-07-12,2675.0182699660927,USD,1.0
2024-07-15,2681.303750610068,USD,1.0
2024-07-16,2692.1922084493517,USD,1.0
2024-07-17,2667.248462805556,USD,1.0
2024-07-18,2650.5231824733487,USD,1.0
2024-07-19,2635.542705961656,USD,1.0
2024-07-22,2651.6296579950945,USD,1.0
2024-07-23,2650.472910870535,USD,1.0
2024-07-24,2611.4137849685476,USD,1.0
2024-07-25,2601.4275122339163,USD,1.0
2024-07-26,2623.102147916556,USD,1.0
2024-07-29,2624.033261836158,USD,1.0
2024-07-30,2614.4321360827603,USD,1.0
2024-07-31,2649.143736297695,USD,1.0
2024-08-01,2621.3327682575905,USD,1.0
2024-08-02,2591.7244945732014,USD,1.0
2024-08-05,2564.8176720615215,USD,1.0
2024-08-06,2568.0097011170824,USD,1.0
2024-08-07,2558.3821351621887,USD,1.0
2024-08-08,2592.296705009645,USD,1.0
2024-08-09,2597.4932997964574,USD,1.0
2024-08-12,2599.3833086659433,USD,1.0
2024-08-13,2620.9718970499544,USD,1.0
2024-08-14,2626.757483743121,USD,1.0
2024-08-15,2632.8287027533706,USD,1.0
2024-08-16,2634.47546974313,USD,1.0
2024-08-19,2650.1280022940023,USD,1.0
2024-08-20,2648.421698680458,USD,1.0
2024-08-21,2654.438749096992,USD,1.0
2024-08-22,2643.695777069903,USD,1.0
2024-08-23,2662.6891360044756,USD,1.0
2024-08-26,2659.8452582692116,USD,1.0
2024-08-27,2663.4929113037697,USD,1.0
2024-08-28,2654.073885841617,USD,1.0
2024-08-29,2657.819820651521,USD,1.0
2024-08-30,2680.47299136013,USD,1.0
2024-09-03,2640.3084338119966,USD,1.0
2024-09-04,2636.9488385349114,USD,1.0
2024-09-05,2629.624515525133,USD,1.0
2024-09-06,2594.667137629574,USD,1.0
2024-09-09,2616.215453279652,USD,1.0
2024-09-10,2625.445243536658,USD,1.0
2024-09-11,2647.5283855085127,USD,1.0
2024-09-12,2666.9538265368215,USD,1.0
2024-09-13,2679.9601350339312,USD,1.0
2024-09-16,2683.4803954895083,USD,1.0
2024-09-17,2684.040514957197,USD,1.0
2024-09-18,2679.3492249230103,USD,1.0
2024-09-19,2711.059400201323,USD,1.0
2024-09-20,2712.3501851724577,USD,1.0
2024-09-23,2717.7717052489156,USD,1.0
2024-09-24,2723.552472179949,USD,1.0
2024-09-25,2722.6290786693335,USD,1.0
2024-09-26,2730.076179520064,USD,1.0
2024-09-27,2734.751668299122,USD,1.0
2024-09-30,2740.765956883525,USD,1.0
2024-10-01,2728.52417776534,USD,1.0
2024-10-02,2729.66523059998,USD,1.0
2024-10-03,2728.2328231772008,USD,1.0
2024-10-04,2745.241855143606,USD,1.0
2024-10-07,2730.323863116244,USD,1.0
2024-10-08,2749.0204235252595,USD,1.0
2024-10-09,2762.2460462461195,USD,1.0
2024-10-10,2760.5969692518443,USD,1.0
2024-10-11,2774.830816419862,USD,1.0
2024-10-14,2787.1623097222505,USD,1.0
2024-10-15,2775.3499901865225,USD,1.0
2024-10-16,2784.2771415321604,USD,1.0
2024-10-17,2784.255964905804,USD,1.0
2024-10-18,2792.256422560014,USD,1.0
2024-10-21,2789.923349510423,USD,1.0
2024-10-22,2789.2617513479545,USD,1.0
2024-10-23,2770.0488962346635,USD,1.0
2024-10-24,2775.1442745099757,USD,1.0
2024-10-25,2776.2053498185587,USD,1.0
2024-10-28,2780.4363383543946,USD,1.0
2024-10-29,2782.2755232219633,USD,1.0
2024-10-30,2778.2255747760464,USD,1.0
2024-10-31,2743.1869976523076,USD,1.0
2024-11-01,2756.2145696864322,USD,1.0
2024-11-04,2750.5640286233065,USD,1.0
2024-11-05,2773.0687598480476,USD,1.0
2024-11-06,2819.7569856608543,USD,1.0
2024-11-07,2827.7971986901266,USD,1.0
2024-11-08,2829.713444201668,USD,1.0
2024-11-11,2832.3124468168353,USD,1.0
2024-11-12,2826.47528512875,USD,1.0
2024-11-13,2828.368020586633,USD,1.0
2024-11-14,2813.1759416468094,USD,1.0
2024-11-15,2783.219643021767,USD,1.0
2024-11-18,2791.7432446801226,USD,1.0
2024-11-19,2802.0230239732346,USD,1.0
2024-11-20,2803.991920691196,USD,1.0
2024-11-21,2817.4119455738296,USD,1.0
2024-11-22,2823.910704564993,USD,1.0
2024-11-25,2830.6206465827327,USD,1.0
2024-11-26,2841.6207501994168,USD,1.0
2024-11-27,2837.569464182833,USD,1.0
2024-11-29,2850.1966167521523,USD,1.0
2024-12-02,2854.3027271890523,USD,1.0
2024-12-03,2857.126017336341,USD,1.0
2024-12-04,2868.7285226995355,USD,1.0
2024-12-05,2869.1875490897323,USD,1.0
2024-12-06,2877.0804648828844,USD,1.0
2024-12-09,2865.095911549313,USD,1.0
2024-12-10,2857.2618373096266,USD,1.0
2024-12-11,2877.7935473073235,USD,1.0
2024-12-12,2865.2757089464526,USD,1.0
2024-12-13,2864.830605347016,USD,1.0
2024-12-16,2876.543669245565,USD,1.0
2024-12-17,2866.1124160451573,USD,1.0
2024-12-18,2794.372845521559,USD,1.0
2024-12-19,2795.2532582797835,USD,1.0
2024-12-20,2819.8104258578232,USD,1.0
2024-12-23,2827.8781837847696,USD,1.0
2024-12-24,2845.7189260479076,USD,1.0
2024-12-26,2846.902975593374,USD,1.0
2024-12-27,2831.292746299804,USD,1.0
2024-12-30,2808.7497986104586,USD,1.0
2024-12-31,2800.31875693231,USD,1.0
2025-01-02,2795.909882604253,USD,1.0
2025-01-03,2821.806651299024,USD,1.0
2025-01-06,2832.2013742531844,USD,1.0
2025-01-07,2813.5769972868575,USD,1.0
2025-01-08,2817.8579481755364,USD,1.0
2025-01-10,2789.0897666817114,USD,1.0
2025-01-13,2790.351466335482,USD,1.0
2025-01-14,2792.365000523553,USD,1.0
2025-01-15,2828.7939320526984,USD,1.0
2025-01-16,2824.148842230023,USD,1.0
2025-01-17,2848.9125939753753,USD,1.0
2025-01-21,2865.9332864062358,USD,1.0
2025-01-22,2876.6166308754887,USD,1.0
2025-01-23,2883.9039027161143,USD,1.0
2025-01-24,2882.888428706111,USD,1.0
2025-01-27,2859.474829725626,USD,1.0
2025-01-28,2875.709797508277,USD,1.0
2025-01-29,2868.3387078464807,USD,1.0
2025-01-30,2882.8686203434827,USD,1.0
2025-01-31,2872.4709225180377,USD,1.0
2025-02-03,2860.544382086111,USD,1.0
2025-02-04,2874.2483088148997,USD,1.0
2025-02-05,2883.374947299648,USD,1.0
2025-02-06,2890.994162926193,USD,1.0
2025-02-07,2874.651305499985,USD,1.0
2025-02-10,2889.9285121324447,USD,1.0
2025-02-11,2892.3581586716755,USD,1.0
2025-02-12,2885.0301172025506,USD,1.0
2025-02-13,2910.6781934062074,USD,1.0
2025-02-14,2911.4798665895023,USD,1.0
2025-02-18,2918.415264124568,USD,1.0
2025-02-19,2923.830276097504,USD,1.0
2025-02-20,2915.4496086040135,USD,1.0
2025-02-21,2875.869711367435,USD,1.0
2025-02-24,2864.730673154212,USD,1.0
2025-02-25,2853.082866165909,USD,1.0
2025-02-26,2853.2348088406866,USD,1.0
2025-02-27,2818.0491826532934,USD,1.0
2025-02-28,2852.703421198928,USD,1.0
2025-03-03,2822.9257598117606,USD,1.0
2025-03-04,2801.6055108468713,USD,1.0
2025-03-05,2821.3588503362553,USD,1.0
2025-03-06,2789.8414136324313,USD,1.0
2025-03-07,2798.195942870889,USD,1.0
2025-03-10,2750.425202414392,USD,1.0
2025-03-11,2734.3101095644643,USD,1.0
2025-03-12,2738.676712242708,USD,1.0
2025-03-13,2716.434648347221,USD,1.0
2025-03-14,2748.1263968591015,USD,1.0
2025-03-17,2758.506367572801,USD,1.0
2025-03-18,2747.175219140765,USD,1.0
2025-03-19,2762.0772875547514,USD,1.0
2025-03-20,2759.8672523548353,USD,1.0
2025-03-21,2762.4307501457056,USD,1.0
2025-03-24,2776.3520079385867,USD,1.0
2025-03-25,2779.7696548851263,USD,1.0
2025-03-26,2774.615702658907,USD,1.0
2025-03-27,2774.746430405501,USD,1.0
2025-03-28,2748.4035122093633,USD,1.0
2025-03-31,2755.6806039585417,USD,1.0
2025-04-01,2757.4920204720856,USD,1.0
2025-04-02,2759.000501942065,USD,1.0
2025-04-03,2732.6892226777063,USD,1.0
2025-04-04,2698.6512697895287,USD,1.0
2025-04-07,2706.303274727038,USD,1.0
2025-04-08,2695.9274420610363,USD,1.0
2025-04-09,2783.8905873873273,USD,1.0
2025-04-10,2735.547187633249,USD,1.0
2025-04-11,2751.8594539608907,USD,1.0
2025-04-14,2756.8937220814114,USD,1.0
2025-04-15,2762.081936023364,USD,1.0
2025-04-16,2759.8179900838195,USD,1.0
2025-04-17,2762.6333622924003,USD,1.0
2025-04-21,2752.9539558647944,USD,1.0
2025-04-22,2770.1975500733365,USD,1.0
2025-04-23,2778.1211624809616,USD,1.0
2025-04-24,2785.759167681812,USD,1.0
2025-04-25,2786.205802650441,USD,1.0
2025-04-28,2787.9043583220496,USD,1.0
2025-04-29,2794.8413821646336,USD,1.0
2025-04-30,2798.005636253889,USD,1.0
2025-05-01,2801.0911962786495,USD,1.0
2025-05-02,2807.1062751793615,USD,1.0
2025-05-05,2810.2091263375296,USD,1.0
2025-05-06,2812.850281417935,USD,1.0
2025-05-07,2817.888633688215,USD,1.0
2025-05-08,2822.2507556250166,USD,1.0
2025-05-09,2829.3309194354515,USD,1.0
2025-05-12,2840.519337351258,USD,1.0
2025-05-13,2839.585853205975,USD,1.0
2025-05-14,2841.5359945750056,USD,1.0
2025-05-15,2841.8605229463146,USD,1.0
2025-05-16,2842.0710826004297,USD,1.0
2025-05-19,2842.857868036652,USD,1.0
2025-05-20,2846.003269513799,USD,1.0
2025-05-21,2856.7858230815605,USD,1.0
2025-05-22,2860.8972581546736,USD,1.0
2025-05-23,2874.1944962190714,USD,1.0
2025-05-27,2894.317875530276,USD,1.0
2025-05-28,2890.6010670603096,USD,1.0
2025-05-29,2896.73789461276,USD,1.0
2025-05-30,2899.099400637757,USD,1.0
2025-06-02,2904.8358206015055,USD,1.0
2025-06-03,2908.7323423873227,USD,1.0
2025-06-04,2910.221165886174,USD,1.0
2025-06-05,2912.963085902006,USD,1.0
2025-06-06,2914.331845759348,USD,1.0
2025-06-09,2916.8818099652617,USD,1.0
2025-06-10,2927.039863638365,USD,1.0
2025-06-11,2924.1347326200957,USD,1.0
2025-06-12,2933.0099407582193,USD,1.0
2025-06-13,2916.0721100454793,USD,1.0
2025-06-16,2933.7684034160757,USD,1.0
2025-06-17,2917.8612586882755,USD,1.0
2025-06-18,2916.722479543734,USD,1.0
2025-06-20,2912.0474375460653,USD,1.0
2025-06-23,2924.550974955413,USD,1.0
2025-06-24,2931.18625856736,USD,1.0
2025-06-25,2933.489306600257,USD,1.0
2025-06-26,2937.7464324410994,USD,1.0
2025-06-27,2941.4127558423197,USD,1.0
2025-06-30,2941.5924697008713,USD,1.0
2025-07-01,2943.2736003507553,USD,1.0
2025-07-02,2939.436707378391,USD,1.0
2025-07-03,2938.626767516468,USD,1.0
2025-07-07,2924.8463271311166,USD,1.0
2025-07-08,2922.3110730651997,USD,1.0
2025-07-09,2934.8538995691115,USD,1.0
2025-07-10,2941.166578078653,USD,1.0
2025-07-11,2934.598247391061,USD,1.0
2025-07-14,2939.9256769892177,USD,1.0
2025-07-15,2929.821542630964,USD,1.0
2025-07-16,2938.2412490425577,USD,1.0
2025-07-17,2952.2979317582904,USD,1.0
2025-07-18,2950.339804691876,USD,1.0
2025-07-21,2954.189233314586,USD,1.0
2025-07-22,2955.511710438566,USD,1.0
2025-07-23,2969.4898076831623,USD,1.0
2025-07-24,2970.545705118008,USD,1.0
2025-07-25,2978.696931673451,USD,1.0
2025-07-28,2978.9981451202525,USD,1.0
2025-07-29,2977.487470626745,USD,1.0
2025-07-30,2976.602766761336,USD,1.0
2025-07-31,2970.6430430182395,USD,1.0
2025-08-01,2935.4568469513015,USD,1.0
2025-08-04,2958.6825871807414,USD,1.0
2025-08-05,2952.4614541975975,USD,1.0
2025-08-06,2964.1119011142227,USD,1.0
2025-08-07,2963.5379966964247,USD,1.0
2025-08-08,2973.4156470707353,USD,1.0
2025-08-11,2972.5054155427,USD,1.0
2025-08-12,2979.5376838466277,USD,1.0
2025-08-13,2980.6995830633155,USD,1.0
2025-08-14,2981.640643493202,USD,1.0
2025-08-15,2984.071255346038,USD,1.0
2025-08-18,2983.8786157760856,USD,1.0
2025-08-19,2972.199068647464,USD,1.0
2025-08-20,2966.1840676737743,USD,1.0
2025-08-21,2956.402354435048,USD,1.0
2025-08-22,2993.136654922034,USD,1.0
2025-08-25,2982.6100294162925,USD,1.0
2025-08-26,2993.8928558097195,USD,1.0
2025-08-27,2999.7430838654964,USD,1.0
2025-08-28,3009.465946016814,USD,1.0
2025-08-29,2993.8965626361833,USD,1.0
2025-09-02,2977.241044053193,USD,1.0
2025-09-03,2990.652784809111,USD,1.0
2025-09-04,3010.2938511162984,USD,1.0
2025-09-05,3005.066112746527,USD,1.0
2025-09-08,3011.361773564636,USD,1.0
2025-09-09,3017.752300307972,USD,1.0
2025-09-10,3025.9333929768595,USD,1.0
2025-09-11,3045.4501291356164,USD,1.0
2025-09-12,3050.03087097206,USD,1.0
2025-09-15,3063.5525664020615,USD,1.0
2025-09-16,3060.8105452092427,USD,1.0
2025-09-17,3057.602400620836,USD,1.0
2025-09-18,3071.2813184033325,USD,1.0
2025-09-19,3085.8772173726916,USD,1.0
2025-09-22,3097.657428666152,USD,1.0
2025-09-23,3088.975141751184,USD,1.0
2025-09-24,3081.084793103548,USD,1.0
2025-09-25,3068.4093400591246,USD,1.0
2025-09-26,3081.1903268613587,USD,1.0
2025-09-29,3089.2664231780304,USD,1.0
2025-09-30,3097.918346187887,USD,1.0
2025-10-01,3105.2328420451377,USD,1.0
2025-10-02,3109.540325737781,USD,1.0
2025-10-03,3111.56023299118,USD,1.0
2025-10-06,3120.10364834789,USD,1.0
2025-10-07,3115.2035852022645,USD,1.0
2025-10-08,3128.969210608505,USD,1.0
2025-10-09,3124.983298868479,USD,1.0
2025-10-10,3062.568343006458,USD,1.0
2025-10-13,3086.1479076910855,USD,1.0
2025-10-14,3085.694346887596,USD,1.0
2025-10-15,3091.8127122721876,USD,1.0
2025-10-16,3087.1418076651903,USD,1.0
2025-10-17,3094.4868279006046,USD,1.0
2025-10-20,3105.382879277682,USD,1.0
2025-10-21,3107.8765183569567,USD,1.0
2025-10-22,3107.5941871132823,USD,1.0
2025-10-23,3112.01520739546,USD,1.0
2025-10-24,3111.745053187263,USD,1.0
2025-10-27,3134.698724471278,USD,1.0
2025-10-28,3139.4580259125914,USD,1.0
2025-10-29,3140.523268799961,USD,1.0
2025-10-30,3124.2989539728655,USD,1.0
2025-10-31,3135.2015103051726,USD,1.0
2025-11-03,3142.0547209525685,USD,1.0
2025-11-04,3113.0723122621225,USD,1.0
2025-11-05,3120.7398281750443,USD,1.0
2025-11-06,3092.885353158993,USD,1.0
2025-11-07,3094.890865320939,USD,1.0
2025-11-10,3122.1812723770763,USD,1.0
2025-11-11,3127.795010590523,USD,1.0
2025-11-12,3129.0896942228715,USD,1.0
2025-11-13,3102.979910925627,USD,1.0
2025-11-14,3104.450515185497,USD,1.0
2025-11-17,3086.2970049033715,USD,1.0
2025-11-18,3068.176068840178,USD,1.0
2025-11-19,3076.9623741923974,USD,1.0
2025-11-20,3042.1568055067023,USD,1.0
2025-11-21,3063.4261716064316,USD,1.0
2025-11-24,3085.6782192732317,USD,1.0
2025-11-25,3099.2603589136047,USD,1.0
2025-11-26,3105.626757768245,USD,1.0
2025-11-28,3109.4368232781976,USD,1.0
2025-12-01,3109.700081903983,USD,1.0
2025-12-02,3112.470328762855,USD,1.0
2025-12-03,3114.512680029189,USD,1.0
2025-12-04,3110.7735322272338,USD,1.0
2025-12-05,3114.2395492141222,USD,1.0
2025-12-08,3107.7879125252875,USD,1.0
2025-12-09,3106.7288924792747,USD,1.0
2025-12-10,3123.2183582456546,USD,1.0
2025-12-11,3130.1826983395395,USD,1.0
2025-12-12,3102.2990989002938,USD,1.0
2025-12-15,3098.184470398589,USD,1.0
2025-12-16,3090.2286897978174,USD,1.0
2025-12-17,3060.2682625490834,USD,1.0
2025-12-18,3079.1512927352223,USD,1.0
2025-12-19,3102.6336088941307,USD,1.0
2025-12-22,3116.0993646323827,USD,1.0
2025-12-23,3126.7765584126796,USD,1.0
2025-12-24,3134.2386540494203,USD,1.0
2025-12-26,3135.9762127006156,USD,1.0
2025-12-29,3129.4167387123825,USD,1.0
2025-12-30,3127.669092784761,USD,1.0
2025-12-31,3109.46768497225,USD,1.0
2026-01-02,3113.766681092072,USD,1.0
2026-01-05,3128.5881415489357,USD,1.0
2026-01-06,3139.4053766546544,USD,1.0
2026-01-07,3136.1436824357243,USD,1.0
2026-01-08,3135.889333702254,USD,1.0
2026-01-09,3148.565260094745,USD,1.0
2026-01-12,3151.840345832071,USD,1.0
2026-01-13,3152.6150228025035,USD,1.0
2026-01-14,3145.4254576465937,USD,1.0
2026-01-15,3152.6106406614977,USD,1.0
2026-01-16,3151.397861138858,USD,1.0
2026-01-20,3106.2811166620263,USD,1.0
2026-01-21,3130.387094118992,USD,1.0
2026-01-22,3142.612962338401,USD,1.0
2026-01-23,3144.8357815920012,USD,1.0
2026-01-26,3158.587212712865,USD,1.0
2026-01-27,3169.5163577130506,USD,1.0
2026-01-28,3170.314061042604,USD,1.0
2026-01-29,3165.957593787108,USD,1.0
2026-01-30,3158.6768984249993,USD,1.0
2026-02-02,3169.6509568205984,USD,1.0
2026-02-03,3152.121506262478,USD,1.0
2026-02-04,3141.2651691603382,USD,1.0
2026-02-05,3113.5478235662263,USD,1.0
2026-02-06,3158.575282819796,USD,1.0
2026-02-09,3170.3674703880915,USD,1.0
2026-02-10,3164.6557517032497,USD,1.0
2026-02-11,3163.5231558518967,USD,1.0
2026-02-12,3125.5329560374466,USD,1.0
2026-02-13,3127.7958724364694,USD,1.0
2026-02-17,3131.495923697258,USD,1.0
2026-02-18,3142.10149862075,USD,1.0
2026-02-19,3139.1596459456823,USD,1.0
2026-02-20,3154.1439727719408,USD,1.0
2026-02-23,3138.44401212695,USD,1.0
2026-02-24,3154.13952358785,USD,1.0
2026-02-25,3168.829652141702,USD,1.0
2026-02-26,3163.9876680436482,USD,1.0
2026-02-27,3153.721887371244,USD,1.0
2026-03-02,3157.8029938670197,USD,1.0
2026-03-03,3140.9206679555477,USD,1.0
2026-03-04,3155.5819114252963,USD,1.0
2026-03-05,3146.194815528682,USD,1.0
2026-03-06,3123.7852080898574,USD,1.0
2026-03-09,3138.682293451289,USD,1.0
2026-03-10,3136.8237789122372,USD,1.0
2026-03-11,3130.7643350326507,USD,1.0
2026-03-12,3097.56043258723,USD,1.0
2026-03-13,3084.2885019971277,USD,1.0
2026-03-16,3101.4735758333873,USD,1.0
2026-03-17,3107.239167937855,USD,1.0
2026-03-18,3090.3077009234416,USD,1.0
2026-03-19,3087.896290577345,USD,1.0
2026-03-20,3065.322901216983,USD,1.0
2026-03-23,3079.1814863443824,USD,1.0
2026-03-24,3074.8587836264533,USD,1.0
2026-03-25,3083.8870787750616,USD,1.0
2026-03-26,3054.260433936474,USD,1.0
2026-03-27,3030.6072575537987,USD,1.0
2026-03-30,3033.972904578208,USD,1.0
2026-03-31,3044.7721308201417,USD,1.0
2026-04-01,3044.040783944554,USD,1.0
2026-04-02,3047.3986765032273,USD,1.0
2026-04-06,3049.07772284516,USD,1.0
2026-04-07,3048.138668147817,USD,1.0
2026-04-08,3031.229243566975,USD,1.0
2026-04-09,3023.6594214063034,USD,1.0
2026-04-10,3024.7258757841137,USD,1.0
2026-04-13,3036.473077808041,USD,1.0
2026-04-14,3047.981558119999,USD,1.0
2026-04-15,3054.757737932895,USD,1.0
2026-04-16,3057.3667894487653,USD,1.0
2026-04-17,3059.486048950228,USD,1.0
2026-04-20,3061.2691024099213,USD,1.0
2026-04-21,3062.7913531976355,USD,1.0
2026-04-22,3064.046112195,USD,1.0
2026-04-23,3066.6679682935264,USD,1.0
2026-04-24,3065.06732904229,USD,1.0
2026-04-27,3069.5084923660493,USD,1.0
2026-04-28,3059.9505577412165,USD,1.0
2026-04-29,3060.4702022662746,USD,1.0
2026-04-30,3082.4344185892037,USD,1.0
2026-05-01,3089.487035850617,USD,1.0
2026-05-04,3084.7634060522305,USD,1.0
2026-05-05,3103.28672234235,USD,1.0
2026-05-06,3116.919315693794,USD,1.0
2026-05-07,3117.902561485149,USD,1.0
2026-05-08,3120.681317499015,USD,1.0
2026-05-11,3126.9378956997575,USD,1.0
2026-05-12,3125.310959664528,USD,1.0
2026-05-13,3137.2353354211323,USD,1.0
2026-05-14,3150.499869723149,USD,1.0
2026-05-15,3130.9607369643254,USD,1.0
2026-05-18,3129.9117883133904,USD,1.0
2026-05-19,3115.008282997904,USD,1.0
2026-05-20,3141.385828891187,USD,1.0
2026-05-21,3146.9510880309685,USD,1.0
2026-05-22,3159.896982476282,USD,1.0
2026-05-26,3176.7173944132182,USD,1.0
2026-05-27,3177.9016433694487,USD,1.0
2026-05-28,3190.2239218706263,USD,1.0
2026-05-29,3196.909403837093,USD,1.0
2026-06-01,3205.345793758228,USD,1.0
2026-06-02,3210.471277239638,USD,1.0
2026-06-03,3197.9297663355974,USD,1.0
2026-06-04,3208.7132740971547,USD,1.0
2026-06-05,3136.820585444363,USD,1.0
2026-06-08,3142.3833997937872,USD,1.0
2026-06-09,3136.431898597806,USD,1.0
2026-06-10,3100.0141645717013,USD,1.0
2026-06-11,3139.607216726833,USD,1.0
2026-06-12,3155.1139809719352,USD,1.0
2026-06-15,3187.780458411625,USD,1.0
2026-06-16,3181.7015492900296,USD,1.0
2026-06-17,3155.469944916665,USD,1.0
2026-06-18,3185.556051247489,USD,1.0
2026-06-22,3179.7486923852225,USD,1.0
2026-06-23,3146.7693733213528,USD,1.0
2026-06-24,3144.4766778944245,USD,1.0
2026-06-25,3147.568255012803,USD,1.0
2026-06-26,3126.991137343665,USD,1.0
2026-06-29,3167.6134521624735,USD,1.0
2026-06-30,3187.6617001447235,USD,1.0
2026-07-01,3183.5103387484182,USD,1.0
2026-07-02,3179.780225453688,USD,1.0
2026-07-06,3198.6005527130096,USD,1.0
2026-07-07,3190.647958681707,USD,1.0
2026-07-08,3184.4651546603295,USD,1.0
2026-07-09,3203.7779104420088,USD,1.0
2026-07-10,3213.48821116678,USD,1.0
2026-07-13,3198.2333227187532,USD,1.0
2026-07-14,3207.769715286222,USD,1.0
2026-07-15,3218.0896493941227,USD,1.0
2026-07-16,3205.586615904749,USD,1.0
2026-07-17,3181.0007126709424,USD,1.0
2026-07-20,3177.691546574608,USD,1.0
2026-07-21,3194.5717952802943,USD,1.0
2026-07-22,3194.390835466446,USD,1.0
2026-07-23,3168.623302190531,USD,1.0
2026-07-24,3171.051833746284,USD,1.0
2026-07-27,3169.82959684158,USD,1.0
2026-07-28,3175.2002707772917,USD,1.0
2026-07-29,3138.4956731229227,USD,1.0
2026-07-30,3177.3816383553158,USD,1.0
2026-07-31,3195.732739460462,USD,1.0
2026-08-03,3222.4261187537622,USD,1.0
2026-08-04,3236.8472235143668,USD,1.0
2026-08-05,3236.3357450185413,USD,1.0
2026-08-06,3239.265492181439,USD,1.0
2026-08-07,3244.9646629056356,USD,1.0
2026-08-10,3246.9181079097634,USD,1.0
2026-08-11,3248.245283518448,USD,1.0
2026-08-12,3249.46195391278,USD,1.0
