timestamp,level,currency,divisor
2013-03-15,1000.0,USD,1.0
2013-03-18,995.2367205542726,USD,1.0
2013-03-19,993.5848088273032,USD,1.0
2013-03-20,999.3504618937645,USD,1.0
2013-03-21,992.1975237362074,USD,1.0
2013-03-22,999.1660251475495,USD,1.0
2013-03-25,996.1188093405184,USD,1.0
2013-03-26,1002.2292789325123,USD,1.0
2013-03-27,1002.4377726456248,USD,1.0
2013-03-28,1004.5227097767514,USD,1.0
2013-04-01,1002.2833608791113,USD,1.0
2013-04-02,1006.3843558422743,USD,1.0
2013-04-03,997.3959671538936,USD,1.0
2013-04-04,1001.5608343502159,USD,1.0
2013-04-05,998.0456558562807,USD,1.0
2013-04-08,1003.4548862488873,USD,1.0
2013-04-09,1006.424235649744,USD,1.0
2013-04-10,1016.9775964968918,USD,1.0
2013-04-11,1019.8665480419755,USD,1.0
2013-04-12,1018.0444949341094,USD,1.0
2013-04-15,999.1562541126366,USD,1.0
2013-04-16,1011.0382951347676,USD,1.0
2013-04-17,998.0884071297785,USD,1.0
2013-04-18,993.4846558127396,USD,1.0
2013-04-19,1000.7789740149747,USD,1.0
2013-04-22,1004.4987919354875,USD,1.0
2013-04-23,1012.9903790871492,USD,1.0
2013-04-24,1013.6329716255643,USD,1.0
2013-04-25,1017.6012806202787,USD,1.0
2013-04-26,1015.673272596372,USD,1.0
2013-04-29,1019.9714650332501,USD,1.0
2013-04-30,1021.3485633907094,USD,1.0
2013-05-01,1015.9949944330319,USD,1.0
2013-05-02,1022.2636000355819,USD,1.0
2013-05-03,1027.467978961883,USD,1.0
2013-05-06,1029.158985734338,USD,1.0
2013-05-07,1031.0317435348843,USD,1.0
2013-05-08,1030.9532193305192,USD,1.0
2013-05-09,1031.6694662939976,USD,1.0
2013-05-10,1031.9487862137921,USD,1.0
2013-05-13,1032.5374309772565,USD,1.0
2013-05-14,1040.6490624878033,USD,1.0
2013-05-15,1044.7953394078197,USD,1.0
2013-05-16,1041.9967337808323,USD,1.0
2013-05-17,1047.9987357247887,USD,1.0
2013-05-20,1048.2418187944409,USD,1.0
2013-05-21,1049.2908866626215,USD,1.0
2013-05-22,1045.5330987601121,USD,1.0
2013-05-23,1044.74889434129,USD,1.0
2013-05-24,1044.4908673350085,USD,1.0
2013-05-28,1049.8269221783848,USD,1.0
2013-05-29,1045.1988916732662,USD,1.0
2013-05-30,1048.7628366780284,USD,1.0
2013-05-31,1035.8367777936892,USD,1.0
2013-06-03,1042.8124857857276,USD,1.0
2013-06-04,1038.1767230356722,USD,1.0
2013-06-05,1024.6331451413278,USD,1.0
2013-06-06,1032.8985860227808,USD,1.0
2013-06-07,1045.6257877166395,USD,1.0
2013-06-10,1045.2656700700736,USD,1.0
2013-06-11,1036.7073697945139,USD,1.0
2013-06-12,1029.8582114761941,USD,1.0
2013-06-13,1043.287856741857,USD,1.0
2013-06-14,1037.7743382601961,USD,1.0
2013-06-17,1045.2058156450473,USD,1.0
2013-06-18,1051.2798998871776,USD,1.0
2013-06-19,1039.6104287250537,USD,1.0
2013-06-20,1015.539195292218,USD,1.0
2013-06-21,1019.1947149627983,USD,1.0
2013-06-24,1012.6720071416735,USD,1.0
2013-06-25,1019.9184865446473,USD,1.0
2013-06-26,1026.0738937066433,USD,1.0
2013-06-27,1028.5373869528441,USD,1.0
2013-06-28,1025.2302636678555,USD,1.0
2013-07-01,1031.4322938793835,USD,1.0
2013-07-02,1030.7960882734012,USD,1.0
2013-07-03,1030.9095722961797,USD,1.0
2013-07-05,1036.1069797289263,USD,1.0
2013-07-08,1039.2931745047333,USD,1.0
2013-07-09,1043.0165247733946,USD,1.0
2013-07-10,1043.0442927059964,USD,1.0
2013-07-11,1047.7445191349757,USD,1.0
2013-07-12,1048.9839478259762,USD,1.0
2013-07-15,1049.5505966376318,USD,1.0
2013-07-16,1049.348021994488,USD,1.0
2013-07-17,1050.131301844407,USD,1.0
2013-07-18,1052.8269273951948,USD,1.0
2013-07-19,1049.6927151116718,USD,1.0
2013-07-22,1051.4763483672743,USD,1.0
2013-07-23,1049.6657241841606,USD,1.0
2013-07-24,1046.7033788696374,USD,1.0
2013-07-25,1049.0955820824377,USD,1.0
2013-07-26,1049.8744112706202,USD,1.0
2013-07-29,1046.7388801571626,USD,1.0
2013-07-30,1046.7627321391424,USD,1.0
2013-07-31,1046.9949247261252,USD,1.0
2013-08-01,1057.7969287201856,USD,1.0
2013-08-02,1059.1635247085717,USD,1.0
2013-08-05,1058.5499182787826,USD,1.0
2013-08-06,1053.2831541534015,USD,1.0
2013-08-07,1050.745708879164,USD,1.0
2013-08-08,1054.0365466446804,USD,1.0
2013-08-09,1051.7241461298695,USD,1.0
2013-08-12,1050.4570335482667,USD,1.0
2013-08-13,1053.6473477018926,USD,1.0
2013-08-14,1048.6618606360923,USD,1.0
2013-08-15,1036.0266918661778,USD,1.0
2013-08-16,1033.681148733007,USD,1.0
2013-08-19,1028.6331593904301,USD,1.0
2013-08-20,1032.882473060305,USD,1.0
2013-08-21,1028.6925417509453,USD,1.0
2013-08-22,1035.4039870217462,USD,1.0
2013-08-23,1038.2922836533521,USD,1.0
2013-08-26,1035.4363116438171,USD,1.0
2013-08-27,1022.5405663114439,USD,1.0
2013-08-28,1026.142198904804,USD,1.0
2013-08-29,1028.0235916147567,USD,1.0
2013-08-30,1024.9600222447616,USD,1.0
2013-09-03,1028.3932102965057,USD,1.0
2013-09-04,1033.7669863505048,USD,1.0
2013-09-05,1034.5194661853675,USD,1.0
2013-09-06,1035.985028653699,USD,1.0
2013-09-09,1040.6002075725871,USD,1.0
2013-09-10,1041.3150389960824,USD,1.0
2013-09-11,1040.8480561420788,USD,1.0
2013-09-12,1041.6321039007314,USD,1.0
2013-09-13,1041.5812388471095,USD,1.0
2013-09-16,1046.5376056584523,USD,1.0
2013-09-17,1049.4708951025216,USD,1.0
2013-09-18,1057.5594881938566,USD,1.0
2013-09-19,1056.8900796603723,USD,1.0
2013-09-20,1052.479830360618,USD,1.0
2013-09-23,1050.9482400694167,USD,1.0
2013-09-24,1048.4360462071047,USD,1.0
2013-09-25,1046.1683686973752,USD,1.0
2013-09-26,1048.4945042700313,USD,1.0
2013-09-27,1045.2683298200232,USD,1.0
2013-09-30,1042.434410440907,USD,1.0
2013-10-01,1047.9467388826017,USD,1.0
2013-10-02,1048.2109178696464,USD,1.0
2013-10-03,1042.6490915868383,USD,1.0
2013-10-04,1047.2979810416687,USD,1.0
2013-10-07,1042.8970833516346,USD,1.0
2013-10-08,1034.545455333313,USD,1.0
2013-10-09,1034.6675000522207,USD,1.0
2013-10-10,1049.8422564400648,USD,1.0
2013-10-11,1053.5296858433123,USD,1.0
2013-10-14,1056.2540905168019,USD,1.0
2013-10-15,1051.6816653134658,USD,1.0
2013-10-16,1060.468120230978,USD,1.0
2013-10-17,1062.757057140286,USD,1.0
2013-10-18,1065.455145702169,USD,1.0
2013-10-21,1066.1849767250958,USD,1.0
2013-10-22,1065.657482166566,USD,1.0
2013-10-23,1066.7095122239982,USD,1.0
2013-10-24,1066.3993025595248,USD,1.0
2013-10-25,1067.0515695764154,USD,1.0
2013-10-28,1068.471921586034,USD,1.0
2013-10-29,1072.6991582767819,USD,1.0
2013-10-30,1069.042292933166,USD,1.0
2013-10-31,1066.496389186972,USD,1.0
2013-11-01,1069.126666850638,USD,1.0
2013-11-04,1072.3322238838073,USD,1.0
2013-11-05,1069.8340713416278,USD,1.0
2013-11-06,1074.1853584635471,USD,1.0
2013-11-07,1063.2071820564202,USD,1.0
2013-11-08,1074.9632264699642,USD,1.0
2013-11-11,1074.7977973699005,USD,1.0
2013-11-12,1073.7491395712466,USD,1.0
2013-11-13,1080.0949673110777,USD,1.0
2013-11-14,1084.7944912070498,USD,1.0
2013-11-15,1088.9234201862641,USD,1.0
2013-11-18,1086.602196221884,USD,1.0
2013-11-19,1084.8111005240507,USD,1.0
2013-11-20,1082.0070528629844,USD,1.0
2013-11-21,1089.197865488186,USD,1.0
2013-11-22,1093.6668595244453,USD,1.0
2013-11-25,1093.1824794666647,USD,1.0
2013-11-26,1092.8742905533677,USD,1.0
2013-11-27,1095.6866509161043,USD,1.0
2013-11-29,1095.0369931101036,USD,1.0
2013-12-02,1092.8078182939948,USD,1.0
2013-12-03,1089.4284147824014,USD,1.0
2013-12-04,1088.1656669991096,USD,1.0
2013-12-05,1084.6489016889,USD,1.0
2013-12-06,1094.2407210001418,USD,1.0
2013-12-09,1096.464930114909,USD,1.0
2013-12-10,1093.2714633931294,USD,1.0
2013-12-11,1083.3706295316351,USD,1.0
2013-12-12,1080.2210377533156,USD,1.0
2013-12-13,1080.2439192756606,USD,1.0
2013-12-16,1086.4132488119824,USD,1.0
2013-12-17,1082.794730190106,USD,1.0
2013-12-18,1098.6522298788661,USD,1.0
2013-12-19,1097.9545642478618,USD,1.0
2013-12-20,1103.5970205476162,USD,1.0
2013-12-23,1107.5948822393573,USD,1.0
2013-12-24,1108.4870477972759,USD,1.0
2013-12-26,1112.2340580388743,USD,1.0
2013-12-27,1112.386333199258,USD,1.0
2013-12-30,1113.6194474620854,USD,1.0
2013-12-31,1115.0748648588074,USD,1.0
2014-01-02,1110.2555236911742,USD,1.0
2014-01-03,1110.0426179421675,USD,1.0
2014-01-06,1107.255195466988,USD,1.0
2014-01-07,1111.9255928115838,USD,1.0
2014-01-08,1112.0763120580455,USD,1.0
2014-01-09,1112.6569701630788,USD,1.0
2014-01-10,1115.1467093675378,USD,1.0
2014-01-13,1103.5303636267631,USD,1.0
2014-01-14,1113.8281505751447,USD,1.0
2014-01-15,1118.768507867793,USD,1.0
2014-01-16,1118.0460183036812,USD,1.0
2014-01-17,1113.591044576546,USD,1.0
2014-01-21,1115.887913918671,USD,1.0
2014-01-22,1116.4212584574616,USD,1.0
2014-01-23,1109.6945702458975,USD,1.0
2014-01-24,1093.2860415267817,USD,1.0
2014-01-27,1088.5243847116665,USD,1.0
2014-01-28,1092.447128508571,USD,1.0
2014-01-29,1084.3018292128936,USD,1.0
2014-01-30,1095.2310728871953,USD,1.0
2014-01-31,1090.0768213411545,USD,1.0
2014-02-03,1078.6851972120483,USD,1.0
2014-02-04,1083.126110640906,USD,1.0
2014-02-05,1082.2175056790447,USD,1.0
2014-02-06,1089.7333196180025,USD,1.0
2014-02-07,1096.3601366078644,USD,1.0
2014-02-10,1098.622096465704,USD,1.0
2014-02-11,1103.7376932582597,USD,1.0
2014-02-12,1104.062322294926,USD,1.0
2014-02-13,1105.6990957353664,USD,1.0
2014-02-14,1104.292339451953,USD,1.0
2014-02-18,1105.4286238029663,USD,1.0
2014-02-19,1100.5942379308583,USD,1.0
2014-02-20,1105.399441319883,USD,1.0
2014-02-21,1104.7204435606739,USD,1.0
2014-02-24,1108.6291827417513,USD,1.0
2014-02-25,1108.288531177931,USD,1.0
2014-02-26,1109.3952326863923,USD,1.0
2014-02-27,1114.251181797878,USD,1.0
2014-02-28,1116.701769348932,USD,1.0
2014-03-03,1112.0505629352988,USD,1.0
2014-03-04,1122.513993331057,USD,1.0
2014-03-05,1122.9349822264824,USD,1.0
2014-03-06,1126.2932543010572,USD,1.0
2014-03-07,1126.8194273681738,USD,1.0
2014-03-10,1127.4593661708116,USD,1.0
2014-03-11,1123.459669523623,USD,1.0
2014-03-12,1123.446965887421,USD,1.0
2014-03-13,1113.3070935792543,USD,1.0
2014-03-14,1111.3314003619005,USD,1.0
2014-03-17,1118.2693187739346,USD,1.0
2014-03-18,1123.446724049728,USD,1.0
2014-03-19,1120.166828128143,USD,1.0
2014-03-20,1123.995293739381,USD,1.0
2014-03-21,1122.126686546894,USD,1.0
2014-03-24,1119.363968904966,USD,1.0
2014-03-25,1122.8060416158287,USD,1.0
2014-03-26,1118.185738917678,USD,1.0
2014-03-27,1115.743332090518,USD,1.0
2014-03-28,1119.2480880270145,USD,1.0
2014-03-31,1125.2173409962254,USD,1.0
2014-04-01,1127.2984211653186,USD,1.0
2014-04-02,1128.9669134655437,USD,1.0
2014-04-03,1127.3966954235455,USD,1.0
2014-04-04,1122.8870472210658,USD,1.0
2014-04-07,1115.7470302047707,USD,1.0
2014-04-08,1118.9771779881676,USD,1.0
2014-04-09,1127.1465168364703,USD,1.0
2014-04-10,1110.1394290152052,USD,1.0
2014-04-11,1103.2497218431618,USD,1.0
2014-04-14,1108.5451331110794,USD,1.0
2014-04-15,1110.4383285334166,USD,1.0
2014-04-16,1115.8290152948605,USD,1.0
2014-04-17,1115.5780332482602,USD,1.0
2014-04-21,1116.393081515708,USD,1.0
2014-04-22,1115.742812580578,USD,1.0
2014-04-23,1114.4930550912768,USD,1.0
2014-04-24,1116.534013208786,USD,1.0
2014-04-25,1118.594484388848,USD,1.0
2014-04-28,1120.5856088820597,USD,1.0
2014-04-29,1124.2290760573926,USD,1.0
2014-04-30,1126.8358930697095,USD,1.0
2014-05-01,1126.7292028715021,USD,1.0
2014-05-02,1127.446609492207,USD,1.0
2014-05-05,1129.5482564875927,USD,1.0
2014-05-06,1122.04617444463,USD,1.0
2014-05-07,1126.5089336230524,USD,1.0
2014-05-08,1125.8054853501965,USD,1.0
2014-05-09,1127.0589063469815,USD,1.0
2014-05-12,1133.545071604133,USD,1.0
2014-05-13,1134.4271289995077,USD,1.0
2014-05-14,1131.2777476034782,USD,1.0
2014-05-15,1124.7819323517178,USD,1.0
2014-05-16,1127.4976770528601,USD,1.0
2014-05-19,1129.5816421987236,USD,1.0
2014-05-20,1124.4740994540107,USD,1.0
2014-05-21,1131.4155919140899,USD,1.0
2014-05-22,1133.8560694308321,USD,1.0
2014-05-23,1137.8026823487378,USD,1.0
2014-05-27,1142.9322857034845,USD,1.0
2014-05-28,1142.1726227492704,USD,1.0
2014-05-29,1146.7863526812616,USD,1.0
2014-05-30,1148.2664944478252,USD,1.0
2014-06-02,1149.9853002714449,USD,1.0
2014-06-03,1149.0572599609964,USD,1.0
2014-06-04,1150.0776234412097,USD,1.0
2014-06-05,1153.974146144959,USD,1.0
2014-06-06,1154.5241288931875,USD,1.0
2014-06-09,1155.6862783657116,USD,1.0
2014-06-10,1155.8131150579206,USD,1.0
2014-06-11,1152.6155813761218,USD,1.0
2014-06-12,1146.1218941419984,USD,1.0
2014-06-13,1149.3201808136662,USD,1.0
2014-06-16,1150.0147254544706,USD,1.0
2014-06-17,1152.588201425947,USD,1.0
2014-06-18,1159.1391110768664,USD,1.0
2014-06-19,1160.1648300382863,USD,1.0
2014-06-20,1162.5717634831944,USD,1.0
2014-06-23,1162.4759918156753,USD,1.0
2014-06-24,1157.4254756971516,USD,1.0
2014-06-25,1161.4474831584332,USD,1.0
2014-06-26,1160.4453538346752,USD,1.0
2014-06-27,1161.9694668040813,USD,1.0
2014-06-30,1160.9977938145678,USD,1.0
2014-07-01,1167.3832327034527,USD,1.0
2014-07-02,1167.4350910672692,USD,1.0
2014-07-03,1172.0152909294816,USD,1.0
2014-07-07,1169.1957916880829,USD,1.0
2014-07-08,1163.6738706573053,USD,1.0
2014-07-09,1167.480320271337,USD,1.0
2014-07-10,1164.8351960430832,USD,1.0
2014-07-11,1165.0640953494985,USD,1.0
2014-07-14,1169.309613119379,USD,1.0
2014-07-15,1167.65831853999,USD,1.0
2014-07-16,1170.5083529918923,USD,1.0
2014-07-17,1161.7818737390833,USD,1.0
2014-07-18,1170.1939966636062,USD,1.0
2014-07-21,1168.6623959563553,USD,1.0
2014-07-22,1172.2990721983044,USD,1.0
2014-07-23,1174.4629104483597,USD,1.0
2014-07-24,1174.7774342149773,USD,1.0
2014-07-25,1170.8912056243312,USD,1.0
2014-07-28,1170.8013771135459,USD,1.0
2014-07-29,1167.0558907361676,USD,1.0
2014-07-30,1166.7712675912885,USD,1.0
2014-07-31,1151.0891154888955,USD,1.0
2014-08-01,1149.7702761432934,USD,1.0
2014-08-04,1154.341102192736,USD,1.0
2014-08-05,1149.5520978347147,USD,1.0
2014-08-06,1149.8495792898723,USD,1.0
2014-08-07,1145.612221620659,USD,1.0
2014-08-08,1154.7601857357026,USD,1.0
2014-08-11,1155.3608817313639,USD,1.0
2014-08-12,1154.3280781566048,USD,1.0
2014-08-13,1158.6903692958215,USD,1.0
2014-08-14,1161.754940904295,USD,1.0
2014-08-15,1162.4652743040438,USD,1.0
2014-08-18,1168.154741429027,USD,1.0
2014-08-19,1172.0225564097454,USD,1.0
2014-08-20,1172.9571126046376,USD,1.0
2014-08-21,1173.8432780748444,USD,1.0
2014-08-22,1173.6543304632348,USD,1.0
2014-08-25,1177.302834529853,USD,1.0
2014-08-26,1177.061224691632,USD,1.0
2014-08-27,1178.0770774184512,USD,1.0
2014-08-28,1178.5463626661738,USD,1.0
2014-08-29,1179.8987850947583,USD,1.0
2014-09-02,1179.1245195294402,USD,1.0
2014-09-03,1178.50284415084,USD,1.0
2014-09-04,1176.8722361604478,USD,1.0
2014-09-05,1180.8337098019895,USD,1.0
2014-09-08,1178.3155658530127,USD,1.0
2014-09-09,1172.0228116484643,USD,1.0
2014-09-10,1175.723690831644,USD,1.0
2014-09-11,1176.894800120103,USD,1.0
2014-09-12,1171.2122617743953,USD,1.0
2014-09-15,1170.8174535347753,USD,1.0
2014-09-16,1176.9378209181978,USD,1.0
2014-09-17,1177.8804545576731,USD,1.0
2014-09-18,1182.4993491876394,USD,1.0
2014-09-19,1182.1742592750595,USD,1.0
2014-09-22,1175.7569811494393,USD,1.0
2014-09-23,1172.395454074315,USD,1.0
2014-09-24,1177.3760057963414,USD,1.0
2014-09-25,1164.965685592148,USD,1.0
2014-09-26,1170.9878398680892,USD,1.0
2014-09-29,1171.3834996169455,USD,1.0
2014-09-30,1170.0834463890567,USD,1.0
2014-10-01,1160.1497169951158,USD,1.0
2014-10-02,1160.4568393013735,USD,1.0
2014-10-03,1166.8615833309207,USD,1.0
2014-10-06,1166.559523526187,USD,1.0
2014-10-07,1157.2392354928982,USD,1.0
2014-10-08,1166.8090201342336,USD,1.0
2014-10-09,1153.9721607461224,USD,1.0
2014-10-10,1147.4222956352558,USD,1.0
2014-10-13,1146.183298499653,USD,1.0
2014-10-14,1144.2785334230655,USD,1.0
2014-10-15,1147.7839538527599,USD,1.0
2014-10-16,1144.92093679257,USD,1.0
2014-10-17,1145.748022330812,USD,1.0
2014-10-20,1150.2176655239439,USD,1.0
2014-10-21,1156.2787479098877,USD,1.0
2014-10-22,1156.1823307112195,USD,1.0
2014-10-23,1159.4617265390275,USD,1.0
2014-10-24,1160.566872361956,USD,1.0
2014-10-27,1159.550690564692,USD,1.0
2014-10-28,1164.7605456930432,USD,1.0
2014-10-29,1166.503631839383,USD,1.0
2014-10-30,1168.3738590455987,USD,1.0
2014-10-31,1171.365675416255,USD,1.0
2014-11-03,1172.3116752857666,USD,1.0
2014-11-04,1172.121970538132,USD,1.0
2014-11-05,1173.0734889366372,USD,1.0
2014-11-06,1171.793935051622,USD,1.0
2014-11-07,1172.7319970306255,USD,1.0
2014-11-10,1174.4210852545275,USD,1.0
2014-11-11,1174.954563455964,USD,1.0
2014-11-12,1174.4330205484578,USD,1.0
2014-11-13,1176.5929998415195,USD,1.0
2014-11-14,1176.3499502222737,USD,1.0
2014-11-17,1176.90561908106,USD,1.0
2014-11-18,1182.076655997554,USD,1.0
2014-11-19,1180.993670184055,USD,1.0
2014-11-20,1182.5793366738012,USD,1.0
2014-11-21,1188.2105335796255,USD,1.0
2014-11-24,1190.1723367060606,USD,1.0
2014-11-25,1190.2169932640445,USD,1.0
2014-11-26,1191.842351761439,USD,1.0
2014-11-28,1190.6869032397315,USD,1.0
2014-12-01,1184.7055681850736,USD,1.0
2014-12-02,1189.686148408068,USD,1.0
2014-12-03,1193.3142683822605,USD,1.0
2014-12-04,1191.7594506283488,USD,1.0
2014-12-05,1193.340408041017,USD,1.0
2014-12-08,1188.2829321654074,USD,1.0
2014-12-09,1187.9952045707366,USD,1.0
2014-12-10,1174.7702133625526,USD,1.0
2014-12-11,1182.5838671552665,USD,1.0
2014-12-12,1169.3440262266954,USD,1.0
2014-12-15,1160.3225193742817,USD,1.0
2014-12-16,1155.4615853557582,USD,1.0
2014-12-17,1168.9610878990816,USD,1.0
2014-12-18,1190.742556862957,USD,1.0
2014-12-19,1193.8026420145043,USD,1.0
2014-12-22,1197.82219767648,USD,1.0
2014-12-23,1198.9693014243321,USD,1.0
2014-12-24,1200.3068777719047,USD,1.0
2014-12-26,1201.1410654457097,USD,1.0
2014-12-29,1202.8143423761287,USD,1.0
2014-12-30,1199.04741857686,USD,1.0
2014-12-31,1192.493420258841,USD,1.0
2015-01-02,1192.5467165953562,USD,1.0
2015-01-05,1179.6159234017166,USD,1.0
2015-01-06,1173.4626833175448,USD,1.0
2015-01-07,1181.1445364690787,USD,1.0
2015-01-08,1192.7498203457276,USD,1.0
2015-01-09,1187.8687723166765,USD,1.0
2015-01-12,1182.2714192827589,USD,1.0
2015-01-13,1180.4009487224653,USD,1.0
2015-01-14,1175.58224066031,USD,1.0
2015-01-15,1168.1179480671617,USD,1.0
2015-01-16,1178.6654624946473,USD,1.0
2015-01-20,1180.2456439540722,USD,1.0
2015-01-21,1181.9135093142029,USD,1.0
2015-01-22,1187.1866909086925,USD,1.0
2015-01-23,1187.3160737229334,USD,1.0
2015-01-26,1186.9995459140785,USD,1.0
2015-01-27,1181.7916035203907,USD,1.0
2015-01-28,1178.429680820493,USD,1.0
2015-01-29,1182.3070381084453,USD,1.0
2015-01-30,1175.1822948446147,USD,1.0
2015-02-02,1179.516792867696,USD,1.0
2015-02-03,1184.462934007997,USD,1.0
2015-02-04,1186.5699668243979,USD,1.0
2015-02-05,1186.1596844022502,USD,1.0
2015-02-06,1185.6071257979374,USD,1.0
2015-02-09,1187.6853472367989,USD,1.0
2015-02-10,1188.1088327861814,USD,1.0
2015-02-11,1187.3527297402254,USD,1.0
2015-02-12,1184.5172202581323,USD,1.0
2015-02-13,1182.9158063849886,USD,1.0
2015-02-17,1185.0684213363866,USD,1.0
2015-02-18,1185.3197546052622,USD,1.0
2015-02-19,1184.4431908999557,USD,1.0
2015-02-20,1188.979040584898,USD,1.0
2015-02-23,1188.388972534191,USD,1.0
2015-02-24,1190.0790140283398,USD,1.0
2015-02-25,1189.441978491097,USD,1.0
2015-02-26,1188.0479786709236,USD,1.0
2015-02-27,1184.351858323601,USD,1.0
2015-03-02,1189.7927231341457,USD,1.0
2015-03-03,1186.8740180795965,USD,1.0
2015-03-04,1182.7778199348206,USD,1.0
2015-03-05,1183.658695043228,USD,1.0
2015-03-06,1170.8478988899624,USD,1.0
2015-03-09,1174.6228677128065,USD,1.0
2015-03-10,1161.2568578096627,USD,1.0
2015-03-11,1159.0493015221234,USD,1.0
2015-03-12,1169.5772054193158,USD,1.0
2015-03-13,1164.6702516640241,USD,1.0
2015-03-16,1173.691032141986,USD,1.0
2015-03-17,1170.646202042783,USD,1.0
2015-03-18,1176.214535120525,USD,1.0
2015-03-19,1176.7927822386623,USD,1.0
2015-03-20,1182.1658746764876,USD,1.0
2015-03-23,1182.253132409046,USD,1.0
2015-03-24,1180.3212582582062,USD,1.0
2015-03-25,1172.2957273821105,USD,1.0
2015-03-26,1170.374409685705,USD,1.0
2015-03-27,1171.8628814366866,USD,1.0
2015-03-30,1178.1529251594477,USD,1.0
2015-03-31,1174.7100035662932,USD,1.0
2015-04-01,1172.525710138026,USD,1.0
2015-04-02,1174.703905308177,USD,1.0
2015-04-06,1179.239924639963,USD,1.0
2015-04-07,1177.747566288342,USD,1.0
2015-04-08,1179.8614451975257,USD,1.0
2015-04-09,1181.8639206903874,USD,1.0
2015-04-10,1186.0062029681503,USD,1.0
2015-04-13,1182.7272673347532,USD,1.0
2015-04-14,1183.8591132507356,USD,1.0
2015-04-15,1187.184229496904,USD,1.0
2015-04-16,1186.7641637705324,USD,1.0
2015-04-17,1178.3698883347574,USD,1.0
2015-04-20,1185.414211761878,USD,1.0
2015-04-21,1183.6374901938307,USD,1.0
2015-04-22,1187.5693425085694,USD,1.0
2015-04-23,1189.6223707591823,USD,1.0
2015-04-24,1191.6449341519924,USD,1.0
2015-04-27,1188.0155759088711,USD,1.0
2015-04-28,1189.8620989853894,USD,1.0
2015-04-29,1187.579618727886,USD,1.0
2015-04-30,1179.7956006507657,USD,1.0
2015-05-01,1187.6126511778643,USD,1.0
2015-05-04,1189.9566202114115,USD,1.0
2015-05-05,1180.8632112202472,USD,1.0
2015-05-06,1177.8530534896918,USD,1.0
2015-05-07,1180.7796158448145,USD,1.0
2015-05-08,1191.2301492039337,USD,1.0
2015-05-11,1187.2882239792423,USD,1.0
2015-05-12,1184.2237610526179,USD,1.0
2015-05-13,1184.4317745755661,USD,1.0
2015-05-14,1192.4447899010595,USD,1.0
2015-05-15,1193.3032508902895,USD,1.0
2015-05-18,1195.3307125668816,USD,1.0
2015-05-19,1194.8211762241117,USD,1.0
2015-05-20,1193.839019824417,USD,1.0
2015-05-21,1195.8356874265733,USD,1.0
2015-05-22,1193.494993218048,USD,1.0
2015-05-26,1183.9262846146146,USD,1.0
2015-05-27,1192.1022312506284,USD,1.0
2015-05-28,1191.0187808372336,USD,1.0
2015-05-29,1185.602430040867,USD,1.0
2015-06-01,1187.2227649971312,USD,1.0
2015-06-02,1186.8863411358248,USD,1.0
2015-06-03,1188.3500365176974,USD,1.0
2015-06-04,1182.0829399461447,USD,1.0
2015-06-05,1179.9638225536726,USD,1.0
2015-06-08,1175.9599155150902,USD,1.0
2015-06-09,1175.2736160902434,USD,1.0
2015-06-10,1182.9630207329972,USD,1.0
2015-06-11,1186.1897995828606,USD,1.0
2015-06-12,1180.7804038960908,USD,1.0
2015-06-15,1177.8423755866834,USD,1.0
2015-06-16,1181.8944945376911,USD,1.0
2015-06-17,1183.8153652125857,USD,1.0
2015-06-18,1192.360089875737,USD,1.0
2015-06-19,1189.5055803887344,USD,1.0
2015-06-22,1190.9681582980581,USD,1.0
2015-06-23,1190.4248580383507,USD,1.0
2015-06-24,1185.854804695369,USD,1.0
2015-06-25,1183.6406885838646,USD,1.0
2015-06-26,1182.8108033214567,USD,1.0
2015-06-29,1171.401392901637,USD,1.0
2015-06-30,1171.9023137566498,USD,1.0
2015-07-01,1175.3735983708598,USD,1.0
2015-07-02,1176.018703592695,USD,1.0
2015-07-06,1175.690931008191,USD,1.0
2015-07-07,1178.9205233309387,USD,1.0
2015-07-08,1171.386919510003,USD,1.0
2015-07-09,1173.5890160535819,USD,1.0
2015-07-10,1177.860269559328,USD,1.0
2015-07-13,1181.9926529573797,USD,1.0
2015-07-14,1184.8185456006656,USD,1.0
2015-07-15,1184.2842608577746,USD,1.0
2015-07-16,1187.9985215649453,USD,1.0
2015-07-17,1187.700963608187,USD,1.0
2015-07-20,1187.361817291426,USD,1.0
2015-07-21,1184.0562188691642,USD,1.0
2015-07-22,1182.8586605919725,USD,1.0
2015-07-23,1178.35131523281,USD,1.0
2015-07-24,1170.5500550393892,USD,1.0
2015-07-27,1168.1543395660808,USD,1.0
2015-07-28,1175.3422660414653,USD,1.0
2015-07-29,1180.2648519765235,USD,1.0
2015-07-30,1179.696432518567,USD,1.0
2015-07-31,1178.57775456615,USD,1.0
2015-08-03,1176.5172441745076,USD,1.0
2015-08-04,1175.8555218692377,USD,1.0
2015-08-05,1177.1008447231382,USD,1.0
2015-08-06,1171.202708530471,USD,1.0
2015-08-07,1169.813681546062,USD,1.0
2015-08-10,1178.3244003115212,USD,1.0
2015-08-11,1172.825138303113,USD,1.0
2015-08-12,1173.2163144318106,USD,1.0
2015-08-13,1172.1427107443396,USD,1.0
2015-08-14,1174.1473486959985,USD,1.0
2015-08-17,1178.2856013430176,USD,1.0
2015-08-18,1176.5660313508533,USD,1.0
2015-08-19,1172.6546165742068,USD,1.0
2015-08-20,1160.724417515863,USD,1.0
2015-08-21,1146.2453582645549,USD,1.0
2015-08-24,1144.2181580556862,USD,1.0
2015-08-25,1129.5240980842666,USD,1.0
2015-08-26,1142.532983473358,USD,1.0
2015-08-27,1150.038811423713,USD,1.0
2015-08-28,1150.7604188146038,USD,1.0
2015-08-31,1156.65733115776,USD,1.0
2015-09-01,1146.225926864026,USD,1.0
2015-09-02,1151.6711343117154,USD,1.0
2015-09-03,1153.3134845348154,USD,1.0
2015-09-04,1147.644438267841,USD,1.0
2015-09-08,1155.8054120989145,USD,1.0
2015-09-09,1149.3624776948877,USD,1.0
2015-09-10,1152.5600475444235,USD,1.0
2015-09-11,1152.1392282126862,USD,1.0
2015-09-14,1152.2591203953223,USD,1.0
2015-09-15,1150.084635568631,USD,1.0
2015-09-16,1148.264641862241,USD,1.0
2015-09-17,1154.221739961923,USD,1.0
2015-09-18,1151.303215574552,USD,1.0
2015-09-21,1151.6341357902604,USD,1.0
2015-09-22,1150.6011382494007,USD,1.0
2015-09-23,1149.3263429005608,USD,1.0
2015-09-24,1150.4129680271556,USD,1.0
2015-09-25,1150.4390083882993,USD,1.0
2015-09-28,1147.2116153200488,USD,1.0
2015-09-29,1147.5868856180077,USD,1.0
2015-09-30,1153.5818741761364,USD,1.0
2015-10-01,1150.2447762894776,USD,1.0
2015-10-02,1152.5889902187937,USD,1.0
2015-10-05,1151.240209309519,USD,1.0
2015-10-06,1153.8287624627205,USD,1.0
2015-10-07,1148.6525605559602,USD,1.0
2015-10-08,1141.3924890303983,USD,1.0
2015-10-09,1142.098580176557,USD,1.0
2015-10-12,1140.7124409645812,USD,1.0
2015-10-13,1141.4044212905947,USD,1.0
2015-10-14,1140.1801701816873,USD,1.0
2015-10-15,1143.5322288692012,USD,1.0
2015-10-16,1145.7604107826162,USD,1.0
2015-10-19,1144.5946915359978,USD,1.0
2015-10-20,1146.2606164494716,USD,1.0
2015-10-21,1144.0703253620904,USD,1.0
2015-10-22,1144.9474410941173,USD,1.0
2015-10-23,1147.2578228855027,USD,1.0
2015-10-26,1146.2584840241886,USD,1.0
2015-10-27,1144.0209123424077,USD,1.0
2015-10-28,1148.9488627828998,USD,1.0
2015-10-29,1149.1400314642606,USD,1.0
2015-10-30,1147.806028492327,USD,1.0
2015-11-02,1153.617792692022,USD,1.0
2015-11-03,1154.2681465914202,USD,1.0
2015-11-04,1154.9658938493724,USD,1.0
2015-11-05,1154.3476504517062,USD,1.0
2015-11-06,1154.3898826670597,USD,1.0
2015-11-09,1149.8369383751751,USD,1.0
2015-11-10,1150.5052601506786,USD,1.0
2015-11-11,1148.6609637730432,USD,1.0
2015-11-12,1141.797762128666,USD,1.0
2015-11-13,1136.2679761090421,USD,1.0
2015-11-16,1143.5359056918178,USD,1.0
2015-11-17,1142.1060700973735,USD,1.0
2015-11-18,1151.7347471646945,USD,1.0
2015-11-19,1151.7031588043596,USD,1.0
2015-11-20,1153.272221342866,USD,1.0
2015-11-23,1152.4106471472817,USD,1.0
2015-11-24,1154.2046229963973,USD,1.0
2015-11-25,1152.30001547623,USD,1.0
2015-11-27,1153.309600689196,USD,1.0
2015-11-30,1150.3168699944515,USD,1.0
2015-12-01,1156.0390504035076,USD,1.0
2015-12-02,1148.5029793289182,USD,1.0
2015-12-03,1140.4137237590464,USD,1.0
2015-12-04,1152.620744540003,USD,1.0
2015-12-07,1146.6029811058163,USD,1.0
2015-12-08,1146.5766085300816,USD,1.0
2015-12-09,1142.7831662301226,USD,1.0
2015-12-10,1143.6555151625678,USD,1.0
2015-12-11,1136.2888144394065,USD,1.0
2015-12-14,1138.1176927689446,USD,1.0
2015-12-15,1139.7260744672421,USD,1.0
2015-12-16,1147.2610079195665,USD,1.0
2015-12-17,1139.8623430800649,USD,1.0
2015-12-18,1131.268370623804,USD,1.0
2015-12-21,1130.8338536717756,USD,1.0
2015-12-22,1130.487224116097,USD,1.0
2015-12-23,1134.9073906291767,USD,1.0
2015-12-24,1134.6870620245961,USD,1.0
2015-12-28,1133.6896860798627,USD,1.0
2015-12-29,1129.1196090174992,USD,1.0
2015-12-30,1135.488741241551,USD,1.0
2015-12-31,1139.8597797547918,USD,1.0
2016-01-04,1135.4802150204105,USD,1.0
2016-01-05,1136.3256501911274,USD,1.0
2016-01-06,1131.5905573103225,USD,1.0
2016-01-07,1124.9432762091806,USD,1.0
2016-01-08,1120.2932184716624,USD,1.0
2016-01-11,1119.7142209865701,USD,1.0
2016-01-12,1123.7289479892097,USD,1.0
2016-01-13,1115.422121306946,USD,1.0
2016-01-14,1118.1079188015974,USD,1.0
2016-01-15,1112.2760226804496,USD,1.0
2016-01-19,1116.2715290930923,USD,1.0
2016-01-20,1114.6034366492927,USD,1.0
2016-01-21,1117.929230185507,USD,1.0
2016-01-22,1118.9057128284853,USD,1.0
2016-01-25,1120.684039528745,USD,1.0
2016-01-26,1121.0245451139967,USD,1.0
2016-01-27,1122.3472100453994,USD,1.0
2016-01-28,1125.8143446299728,USD,1.0
2016-01-29,1119.786310751744,USD,1.0
2016-02-01,1118.4086603166368,USD,1.0
2016-02-02,1115.7023277706705,USD,1.0
2016-02-03,1116.9266163121847,USD,1.0
2016-02-04,1120.1652572521987,USD,1.0
2016-02-05,1115.357274445106,USD,1.0
2016-02-08,1111.8120395818821,USD,1.0
2016-02-09,1114.0685210983572,USD,1.0
2016-02-10,1114.2647939731567,USD,1.0
2016-02-11,1111.8089095356142,USD,1.0
2016-02-12,1117.3175198966828,USD,1.0
2016-02-16,1117.657481375759,USD,1.0
2016-02-17,1109.1293578543325,USD,1.0
2016-02-18,1110.5498341682596,USD,1.0
2016-02-19,1112.4260870461526,USD,1.0
2016-02-22,1110.6942560006978,USD,1.0
2016-02-23,1114.6487000130296,USD,1.0
2016-02-24,1107.8630521986188,USD,1.0
2016-02-25,1101.9124314689755,USD,1.0
2016-02-26,1105.8331199872464,USD,1.0
2016-02-29,1104.2367471475056,USD,1.0
2016-03-01,1102.997993387412,USD,1.0
2016-03-02,1105.0526359531389,USD,1.0
2016-03-03,1103.9824851283204,USD,1.0
2016-03-04,1104.973715125946,USD,1.0
2016-03-07,1104.3990935592606,USD,1.0
2016-03-08,1105.3190292426968,USD,1.0
2016-03-09,1107.0050601123157,USD,1.0
2016-03-10,1110.0894904465313,USD,1.0
2016-03-11,1100.8659668217529,USD,1.0
2016-03-14,1099.665871987896,USD,1.0
2016-03-15,1099.0721139179286,USD,1.0
2016-03-16,1100.8043388143808,USD,1.0
2016-03-17,1103.2416831676214,USD,1.0
2016-03-18,1104.6433218461273,USD,1.0
2016-03-21,1103.7800473480822,USD,1.0
2016-03-22,1103.649742995566,USD,1.0
2016-03-23,1100.166079176409,USD,1.0
2016-03-24,1099.7083086047935,USD,1.0
2016-03-28,1100.8540188892664,USD,1.0
2016-03-29,1103.9604144284683,USD,1.0
2016-03-30,1104.8835238802837,USD,1.0
2016-03-31,1102.9856712083988,USD,1.0
2016-04-01,1105.3901138387757,USD,1.0
2016-04-04,1106.8686502139408,USD,1.0
2016-04-05,1103.2574881835435,USD,1.0
2016-04-06,1107.8254009868049,USD,1.0
2016-04-07,1104.3391288897265,USD,1.0
2016-04-08,1105.3785442019168,USD,1.0
2016-04-11,1104.9839159885487,USD,1.0
2016-04-12,1108.0941921487718,USD,1.0
2016-04-13,1110.720549221805,USD,1.0
2016-04-14,1110.4802130767719,USD,1.0
2016-04-15,1110.287698788861,USD,1.0
2016-04-18,1112.2452346866596,USD,1.0
2016-04-19,1112.1933411570587,USD,1.0
2016-04-20,1111.0397494849444,USD,1.0
2016-04-21,1115.1543774542918,USD,1.0
2016-04-22,1115.4908526226004,USD,1.0
2016-04-25,1114.3553278010463,USD,1.0
2016-04-26,1114.556098312582,USD,1.0
2016-04-27,1115.9185431956246,USD,1.0
2016-04-28,1110.9216020747567,USD,1.0
2016-04-29,1108.2826762725188,USD,1.0
2016-05-02,1113.4774886191342,USD,1.0
2016-05-03,1107.8842696425058,USD,1.0
2016-05-04,1104.1594968034244,USD,1.0
2016-05-05,1104.8807757840198,USD,1.0
2016-05-06,1105.8538592606142,USD,1.0
2016-05-09,1106.105478092477,USD,1.0
2016-05-10,1111.4347576909486,USD,1.0
2016-05-11,1108.370597996788,USD,1.0
2016-05-12,1108.2326608519247,USD,1.0
2016-05-13,1102.9439927402732,USD,1.0
2016-05-16,1108.66529028079,USD,1.0
2016-05-17,1103.1967399421405,USD,1.0
2016-05-18,1104.2523710643059,USD,1.0
2016-05-19,1101.6812250445314,USD,1.0
2016-05-20,1104.6911474733934,USD,1.0
2016-05-23,1104.616803522381,USD,1.0
2016-05-24,1107.5821135074443,USD,1.0
2016-05-25,1109.7155593581874,USD,1.0
2016-05-26,1109.4689970657773,USD,1.0
2016-05-27,1110.5925226387424,USD,1.0
2016-05-31,1111.7521601962765,USD,1.0
2016-06-01,1111.7356034685126,USD,1.0
2016-06-02,1112.0641077662772,USD,1.0
2016-06-03,1113.5669949059115,USD,1.0
2016-06-06,1116.9462405726251,USD,1.0
2016-06-07,1118.1892420707597,USD,1.0
2016-06-08,1120.25204611915,USD,1.0
2016-06-09,1120.0180422170274,USD,1.0
2016-06-10,1114.985065480796,USD,1.0
2016-06-13,1112.954611465582,USD,1.0
2016-06-14,1111.4180740847203,USD,1.0
2016-06-15,1109.4975625967536,USD,1.0
2016-06-16,1109.8536986893014,USD,1.0
2016-06-17,1108.4095035117903,USD,1.0
2016-06-20,1108.9645243771122,USD,1.0
2016-06-21,1109.2766342104912,USD,1.0
2016-06-22,1107.1501126124508,USD,1.0
2016-06-23,1109.878184886513,USD,1.0
2016-06-24,1103.6792263374425,USD,1.0
2016-06-27,1092.054692298938,USD,1.0
2016-06-28,1097.6217355738129,USD,1.0
2016-06-29,1107.3610528679917,USD,1.0
2016-06-30,1118.373455706042,USD,1.0
2016-07-01,1118.8290702108047,USD,1.0
2016-07-05,1114.2566885072117,USD,1.0
2016-07-06,1119.558915897482,USD,1.0
2016-07-07,1118.2170489666755,USD,1.0
2016-07-08,1127.6508333522436,USD,1.0
2016-07-11,1128.6275327240596,USD,1.0
2016-07-12,1129.7747136907499,USD,1.0
2016-07-13,1129.8773510205688,USD,1.0
2016-07-14,1130.5527021412483,USD,1.0
2016-07-15,1131.7956036296632,USD,1.0
2016-07-18,1133.6168914553755,USD,1.0
2016-07-19,1132.5649971387732,USD,1.0
2016-07-20,1136.111758779353,USD,1.0
2016-07-21,1133.6768880788516,USD,1.0
2016-07-22,1137.7460444485578,USD,1.0
2016-07-25,1135.5810545831116,USD,1.0
2016-07-26,1135.8951170655678,USD,1.0
2016-07-27,1134.9616284583187,USD,1.0
2016-07-28,1135.9098898752666,USD,1.0
2016-07-29,1136.3202618335476,USD,1.0
2016-08-01,1135.9357372241766,USD,1.0
2016-08-02,1130.6080276765915,USD,1.0
2016-08-03,1133.5177873708612,USD,1.0
2016-08-04,1133.7387271109887,USD,1.0
2016-08-05,1140.1984450471853,USD,1.0
2016-08-08,1139.4195769907424,USD,1.0
2016-08-09,1139.8040131879222,USD,1.0
2016-08-10,1137.3237300533633,USD,1.0
2016-08-11,1142.1788657677657,USD,1.0
2016-08-12,1140.8952431577559,USD,1.0
2016-08-15,1143.9414688233712,USD,1.0
2016-08-16,1139.4555759070397,USD,1.0
2016-08-17,1141.123465534206,USD,1.0
2016-08-18,1143.2052643817406,USD,1.0
2016-08-19,1141.346366774286,USD,1.0
2016-08-22,1141.0806682192358,USD,1.0
2016-08-23,1142.926890753131,USD,1.0
2016-08-24,1138.588445344439,USD,1.0
2016-08-25,1137.449395842648,USD,1.0
2016-08-26,1135.7119618343552,USD,1.0
2016-08-29,1139.8486390127196,USD,1.0
2016-08-30,1138.5106993829704,USD,1.0
2016-08-31,1136.408239250465,USD,1.0
2016-09-01,1136.5581220648255,USD,1.0
2016-09-02,1140.4157034130571,USD,1.0
2016-09-06,1143.1220910293184,USD,1.0
2016-09-07,1142.4397580922146,USD,1.0
2016-09-08,1140.632362247929,USD,1.0
2016-09-09,1120.6787282676146,USD,1.0
2016-09-12,1129.2317153231102,USD,1.0
2016-09-13,1119.0447259442806,USD,1.0
2016-09-14,1121.0499435233476,USD,1.0
2016-09-15,1127.5498538142385,USD,1.0
2016-09-16,1124.192705615915,USD,1.0
2016-09-19,1123.842685287738,USD,1.0
2016-09-20,1124.5380141286435,USD,1.0
2016-09-21,1131.7684128570038,USD,1.0
2016-09-22,1135.992133792494,USD,1.0
2016-09-23,1131.9969788651358,USD,1.0
2016-09-26,1126.781987335867,USD,1.0
2016-09-27,1130.7564652771864,USD,1.0
2016-09-28,1134.281676915167,USD,1.0
2016-09-29,1126.927251484848,USD,1.0
2016-09-30,1133.4216806495801,USD,1.0
2016-10-03,1130.7945577206442,USD,1.0
2016-10-04,1126.0990191684741,USD,1.0
2016-10-05,1129.6012147812278,USD,1.0
2016-10-06,1129.495364861911,USD,1.0
2016-10-07,1127.3751493356383,USD,1.0
2016-10-10,1130.4226576198078,USD,1.0
2016-10-11,1121.193263817445,USD,1.0
2016-10-12,1123.309124022741,USD,1.0
2016-10-13,1121.1116022692036,USD,1.0
2016-10-14,1121.2932014451042,USD,1.0
2016-10-17,1117.6670361816718,USD,1.0
2016-10-18,1122.5129981257057,USD,1.0
2016-10-19,1123.7475186178885,USD,1.0
2016-10-20,1121.1038666157096,USD,1.0
2016-10-21,1121.5013126864521,USD,1.0
2016-10-24,1123.8040499217916,USD,1.0
2016-10-25,1120.8886384380355,USD,1.0
2016-10-26,1120.0833078565363,USD,1.0
2016-10-27,1119.530293820276,USD,1.0
2016-10-28,1116.5015704971431,USD,1.0
2016-10-31,1116.8226436731695,USD,1.0
2016-11-01,1112.7120038591868,USD,1.0
2016-11-02,1107.9896666368077,USD,1.0
2016-11-03,1105.267386752877,USD,1.0
2016-11-04,1105.171944657942,USD,1.0
2016-11-07,1107.0255787194965,USD,1.0
2016-11-08,1109.6392909727265,USD,1.0
2016-11-09,1111.7971166045281,USD,1.0
2016-11-10,1112.9628048007685,USD,1.0
2016-11-11,1113.605518690395,USD,1.0
2016-11-14,1116.0105496575525,USD,1.0
2016-11-15,1112.93430284252,USD,1.0
2016-11-16,1115.3672649372656,USD,1.0
2016-11-17,1113.3285031341693,USD,1.0
2016-11-18,1113.8456752655597,USD,1.0
2016-11-21,1120.203062047881,USD,1.0
2016-11-22,1121.1604563675228,USD,1.0
2016-11-23,1121.9917076926772,USD,1.0
2016-11-25,1124.5042348156244,USD,1.0
2016-11-28,1121.440907076667,USD,1.0
2016-11-29,1123.405778929787,USD,1.0
2016-11-30,1121.401324875413,USD,1.0
2016-12-01,1118.641407964413,USD,1.0
2016-12-02,1119.292625289891,USD,1.0
2016-12-05,1123.7806481123916,USD,1.0
2016-12-06,1126.491358303334,USD,1.0
2016-12-07,1133.9070980263223,USD,1.0
2016-12-08,1132.5669974685347,USD,1.0
2016-12-09,1134.9593290439186,USD,1.0
2016-12-12,1136.172126143973,USD,1.0
2016-12-13,1135.274871258817,USD,1.0
2016-12-14,1134.3010731143152,USD,1.0
2016-12-15,1135.7628582355546,USD,1.0
2016-12-16,1142.6963798372897,USD,1.0
2016-12-19,1144.2700926146617,USD,1.0
2016-12-20,1147.6624246116414,USD,1.0
2016-12-21,1145.332614280778,USD,1.0
2016-12-22,1144.0660817093399,USD,1.0
2016-12-23,1145.2990855388348,USD,1.0
2016-12-27,1147.6818533108883,USD,1.0
2016-12-28,1140.6091483174591,USD,1.0
2016-12-29,1140.7968390344686,USD,1.0
2016-12-30,1138.5669303865022,USD,1.0
2017-01-03,1142.4939185416758,USD,1.0
2017-01-04,1145.707232697309,USD,1.0
2017-01-05,1145.1006962005479,USD,1.0
2017-01-06,1147.5084308006783,USD,1.0
2017-01-09,1145.873554127132,USD,1.0
2017-01-10,1146.369036216133,USD,1.0
2017-01-11,1148.5065968460653,USD,1.0
2017-01-12,1147.3273936632695,USD,1.0
2017-01-13,1149.1697771496533,USD,1.0
2017-01-17,1146.3166940036576,USD,1.0
2017-01-18,1148.2386101896252,USD,1.0
2017-01-19,1144.1995207211987,USD,1.0
2017-01-20,1147.4555023901385,USD,1.0
2017-01-23,1144.4665107649646,USD,1.0
2017-01-24,1149.3801573063868,USD,1.0
2017-01-25,1157.3488250272126,USD,1.0
2017-01-26,1156.282819052774,USD,1.0
2017-01-27,1155.0831569111347,USD,1.0
2017-01-30,1149.6896772397831,USD,1.0
2017-01-31,1149.730588764911,USD,1.0
2017-02-01,1149.9104665749828,USD,1.0
2017-02-02,1150.6850979016222,USD,1.0
2017-02-03,1156.5688757596724,USD,1.0
2017-02-06,1154.9737495890126,USD,1.0
2017-02-07,1154.8255435610458,USD,1.0
2017-02-08,1156.53612369946,USD,1.0
2017-02-09,1162.008316524838,USD,1.0
2017-02-10,1165.8046028045474,USD,1.0
2017-02-13,1170.5264382301277,USD,1.0
2017-02-14,1173.1675342145188,USD,1.0
2017-02-15,1176.262291019671,USD,1.0
2017-02-16,1177.1370145767607,USD,1.0
2017-02-17,1179.7932891793776,USD,1.0
2017-02-21,1184.3186245070654,USD,1.0
2017-02-22,1183.8116589380322,USD,1.0
2017-02-23,1185.1709170288348,USD,1.0
2017-02-24,1186.701096860687,USD,1.0
2017-02-27,1187.756273307099,USD,1.0
2017-02-28,1185.210542588773,USD,1.0
2017-03-01,1198.1148713274622,USD,1.0
2017-03-02,1192.7363040551402,USD,1.0
2017-03-03,1193.2181390875078,USD,1.0
2017-03-06,1190.0886663487895,USD,1.0
2017-03-07,1186.9319560426588,USD,1.0
2017-03-08,1184.7663311821354,USD,1.0
2017-03-09,1186.461430178451,USD,1.0
2017-03-10,1190.0250766906831,USD,1.0
2017-03-13,1190.2981489046729,USD,1.0
2017-03-14,1186.0211946819545,USD,1.0
2017-03-15,1195.1803998200348,USD,1.0
2017-03-16,1192.497467286682,USD,1.0
2017-03-17,1190.4518593665457,USD,1.0
2017-03-20,1189.4065789387953,USD,1.0
2017-03-21,1177.7039824990927,USD,1.0
2017-03-22,1180.4251620797177,USD,1.0
2017-03-23,1179.5176719742217,USD,1.0
2017-03-24,1177.522828480461,USD,1.0
2017-03-27,1177.142763447839,USD,1.0
2017-03-28,1182.9698695099878,USD,1.0
2017-03-29,1182.8680403325309,USD,1.0
2017-03-30,1185.3884227463639,USD,1.0
2017-03-31,1184.083759973097,USD,1.0
2017-04-03,1182.2388607611388,USD,1.0
2017-04-04,1182.4870767734458,USD,1.0
2017-04-05,1180.9286481677264,USD,1.0
2017-04-06,1182.878434775582,USD,1.0
2017-04-07,1182.1723164261275,USD,1.0
2017-04-10,1183.497847664994,USD,1.0
2017-04-11,1182.681810489351,USD,1.0
2017-04-12,1178.823081911246,USD,1.0
2017-04-13,1172.8972305641146,USD,1.0
2017-04-17,1180.1323520500328,USD,1.0
2017-04-18,1177.3087879528773,USD,1.0
2017-04-19,1175.6871157181063,USD,1.0
2017-04-20,1182.4936152232256,USD,1.0
2017-04-21,1179.33834039487,USD,1.0
2017-04-24,1188.0823939906031,USD,1.0
2017-04-25,1191.2876956517252,USD,1.0
2017-04-26,1191.5954019848327,USD,1.0
2017-04-27,1192.3370128991528,USD,1.0
2017-04-28,1191.838653987824,USD,1.0
2017-05-01,1193.2418849453927,USD,1.0
2017-05-02,1194.262748730348,USD,1.0
2017-05-03,1194.2932679487621,USD,1.0
2017-05-04,1195.3272381288484,USD,1.0
2017-05-05,1198.7246944379153,USD,1.0
2017-05-08,1198.5104902134397,USD,1.0
2017-05-09,1197.6073275148885,USD,1.0
2017-05-10,1200.018155695736,USD,1.0
2017-05-11,1198.1430291043112,USD,1.0
2017-05-12,1196.4402714862465,USD,1.0
2017-05-15,1202.072308889413,USD,1.0
2017-05-16,1200.9688716609871,USD,1.0
2017-05-17,1185.578818353403,USD,1.0
2017-05-18,1189.2068589237201,USD,1.0
2017-05-19,1193.9637638348518,USD,1.0
2017-05-22,1198.236107701566,USD,1.0
2017-05-23,1200.0018187164528,USD,1.0
2017-05-24,1202.1853082260468,USD,1.0
2017-05-25,1206.2933371518186,USD,1.0
2017-05-26,1206.4549859644644,USD,1.0
2017-05-30,1206.1120335880498,USD,1.0
2017-05-31,1205.6180533961415,USD,1.0
2017-06-01,1212.0123006746662,USD,1.0
2017-06-02,1212.324032946545,USD,1.0
2017-06-05,1211.945167753096,USD,1.0
2017-06-06,1208.5116880179903,USD,1.0
2017-06-07,1210.6954564277748,USD,1.0
2017-06-08,1210.9744011641033,USD,1.0
2017-06-09,1209.2111597158873,USD,1.0
2017-06-12,1209.2095921066975,USD,1.0
2017-06-13,1214.0588680673322,USD,1.0
2017-06-14,1212.6514725800102,USD,1.0
2017-06-15,1210.3914706899154,USD,1.0
2017-06-16,1210.551553703814,USD,1.0
2017-06-19,1217.1619748513615,USD,1.0
2017-06-20,1210.698432200948,USD,1.0
2017-06-21,1210.92100503095,USD,1.0
2017-06-22,1210.2893143015392,USD,1.0
2017-06-23,1211.1331286152736,USD,1.0
2017-06-26,1211.2625636867535,USD,1.0
2017-06-27,1203.8247232660017,USD,1.0
2017-06-28,1212.0675116554924,USD,1.0
2017-06-29,1203.8969237990198,USD,1.0
2017-06-30,1206.0006033270568,USD,1.0
2017-07-03,1207.298408901726,USD,1.0
2017-07-05,1209.884570724867,USD,1.0
2017-07-06,1201.8339174702887,USD,1.0
2017-07-07,1207.3162284467874,USD,1.0
2017-07-10,1207.829441410353,USD,1.0
2017-07-11,1206.4535980108362,USD,1.0
2017-07-12,1213.4773383676777,USD,1.0
2017-07-13,1214.6153084060936,USD,1.0
2017-07-14,1218.811995688269,USD,1.0
2017-07-17,1218.2282235789053,USD,1.0
2017-07-18,1218.9095889274154,USD,1.0
2017-07-19,1223.755181769515,USD,1.0
2017-07-20,1224.3644502770326,USD,1.0
2017-07-21,1223.5956460756076,USD,1.0
2017-07-24,1222.9143219315877,USD,1.0
2017-07-25,1225.1004718325707,USD,1.0
2017-07-26,1225.0762267600742,USD,1.0
2017-07-27,1223.8738102861846,USD,1.0
2017-07-28,1222.7659538012742,USD,1.0
2017-07-31,1221.733490955172,USD,1.0
2017-08-01,1223.9368630419244,USD,1.0
2017-08-02,1224.6998849363147,USD,1.0
2017-08-03,1222.9318384304747,USD,1.0
2017-08-04,1225.3829422766285,USD,1.0
2017-08-07,1226.8056323300398,USD,1.0
2017-08-08,1224.941492840595,USD,1.0
2017-08-09,1225.2407644096043,USD,1.0
2017-08-10,1214.3543963571374,USD,1.0
2017-08-11,1215.8420793751177,USD,1.0
2017-08-14,1221.67890262111,USD,1.0
2017-08-15,1221.1945069330932,USD,1.0
2017-08-16,1222.571336939229,USD,1.0
2017-08-17,1210.4476639818113,USD,1.0
2017-08-18,1208.6109396515953,USD,1.0
2017-08-21,1208.4271349083556,USD,1.0
2017-08-22,1217.261661095759,USD,1.0
2017-08-23,1214.9569476170159,USD,1.0
2017-08-24,1212.103107222522,USD,1.0
2017-08-25,1214.4445138352173,USD,1.0
2017-08-28,1214.2308642832302,USD,1.0
2017-08-29,1215.3509426310616,USD,1.0
2017-08-30,1220.4029154681814,USD,1.0
2017-08-31,1225.9268653400775,USD,1.0
2017-09-01,1226.9005442626167,USD,1.0
2017-09-05,1220.5911449974374,USD,1.0
2017-09-06,1224.3171871681707,USD,1.0
2017-09-07,1224.0477288278762,USD,1.0
2017-09-08,1223.5731671397682,USD,1.0
2017-09-11,1233.3230495136288,USD,1.0
2017-09-12,1236.1838402214987,USD,1.0
2017-09-13,1236.2320186205577,USD,1.0
2017-09-14,1235.8410248427833,USD,1.0
2017-09-15,1237.3662945252843,USD,1.0
2017-09-18,1238.527284631957,USD,1.0
2017-09-19,1239.652718223598,USD,1.0
2017-09-20,1239.5552430948092,USD,1.0
2017-09-21,1236.7707725567986,USD,1.0
2017-09-22,1237.730698506138,USD,1.0
2017-09-25,1235.2759662360152,USD,1.0
2017-09-26,1236.2589509869815,USD,1.0
2017-09-27,1239.6939768667437,USD,1.0
2017-09-28,1240.3064211229548,USD,1.0
2017-09-29,1243.15102494721,USD,1.0
2017-10-02,1246.8175398917124,USD,1.0
2017-10-03,1248.5639727680227,USD,1.0
2017-10-04,1249.5348490443896,USD,1.0
2017-10-05,1253.5144428696242,USD,1.0
2017-10-06,1254.9350119449502,USD,1.0
2017-10-09,1253.2141803191653,USD,1.0
2017-10-10,1255.8542790120332,USD,1.0
2017-10-11,1257.278597292424,USD,1.0
2017-10-12,1256.0278655072962,USD,1.0
2017-10-13,1257.0161044256065,USD,1.0
2017-10-16,1257.8659704072916,USD,1.0
2017-10-17,1258.6535977708427,USD,1.0
2017-10-18,1259.4861599627857,USD,1.0
2017-10-19,1259.7615990792501,USD,1.0
2017-10-20,1265.1526961031914,USD,1.0
2017-10-23,1261.547994115934,USD,1.0
2017-10-24,1263.298013305177,USD,1.0
2017-10-25,1257.8341491617307,USD,1.0
2017-10-26,1259.0582584622819,USD,1.0
2017-10-27,1267.3728124853446,USD,1.0
2017-10-30,1263.3293682031474,USD,1.0
2017-10-31,1264.6792721362815,USD,1.0
2017-11-01,1266.371583553968,USD,1.0
2017-11-02,1266.8995810430185,USD,1.0
2017-11-03,1270.7041069810216,USD,1.0
2017-11-06,1272.2975662130862,USD,1.0
2017-11-07,1272.08757104148,USD,1.0
2017-11-08,1274.2909684167748,USD,1.0
2017-11-09,1270.4241201967934,USD,1.0
2017-11-10,1271.2992149015863,USD,1.0
2017-11-13,1272.2430678779974,USD,1.0
2017-11-14,1269.5957205040845,USD,1.0
2017-11-15,1264.9279580916325,USD,1.0
2017-11-16,1273.2759644221742,USD,1.0
2017-11-17,1269.9035289711956,USD,1.0
2017-11-20,1270.6668504333147,USD,1.0
2017-11-21,1276.9109347603048,USD,1.0
2017-11-22,1275.9144008349808,USD,1.0
2017-11-24,1278.0823751935586,USD,1.0
2017-11-27,1277.4649686009589,USD,1.0
2017-11-28,1286.0549552144953,USD,1.0
2017-11-29,1286.6755952581398,USD,1.0
2017-11-30,1292.5622606281277,USD,1.0
2017-12-01,1290.1329778742092,USD,1.0
2017-12-04,1289.2923541345347,USD,1.0
2017-12-05,1285.40765699246,USD,1.0
2017-12-06,1285.3820650677055,USD,1.0
2017-12-07,1288.245080924711,USD,1.0
2017-12-08,1294.465684545462,USD,1.0
2017-12-11,1297.4545715368106,USD,1.0
2017-12-12,1299.9183109502676,USD,1.0
2017-12-13,1300.0159866966328,USD,1.0
2017-12-14,1295.2145568078422,USD,1.0
2017-12-15,1304.7581860632574,USD,1.0
2017-12-18,1311.6397670825797,USD,1.0
2017-12-19,1308.0978657020646,USD,1.0
2017-12-20,1307.2412787530798,USD,1.0
2017-12-21,1309.8288782451964,USD,1.0
2017-12-22,1310.21538963964,USD,1.0
2017-12-26,1308.3709749888817,USD,1.0
2017-12-27,1308.7628076328674,USD,1.0
2017-12-28,1311.3409017252545,USD,1.0
2017-12-29,1307.6990818740069,USD,1.0
2018-01-02,1314.1729508764454,USD,1.0
2018-01-03,1319.1558945424304,USD,1.0
2018-01-04,1321.4815023742908,USD,1.0
2018-01-05,1323.532120881535,USD,1.0
2018-01-08,1324.3590364912782,USD,1.0
2018-01-09,1325.087918289127,USD,1.0
2018-01-10,1323.9086862698225,USD,1.0
2018-01-11,1323.7957374867417,USD,1.0
2018-01-12,1323.4006128961273,USD,1.0
2018-01-16,1320.7649721611601,USD,1.0
2018-01-17,1330.9246185479512,USD,1.0
2018-01-18,1330.2899651228454,USD,1.0
2018-01-19,1334.9004382821595,USD,1.0
2018-01-22,1341.8835655482762,USD,1.0
2018-01-23,1344.143855318875,USD,1.0
2018-01-24,1343.60361657476,USD,1.0
2018-01-25,1345.617596703018,USD,1.0
2018-01-26,1347.3969142846286,USD,1.0
2018-01-29,1341.0297509686693,USD,1.0
2018-01-30,1330.0066058927737,USD,1.0
2018-01-31,1329.4386637404568,USD,1.0
2018-02-01,1327.936492532556,USD,1.0
2018-02-02,1304.6272288192374,USD,1.0
2018-02-05,1282.187261978482,USD,1.0
2018-02-06,1285.1471039208361,USD,1.0
2018-02-07,1280.3269519735159,USD,1.0
2018-02-08,1247.0754921842179,USD,1.0
2018-02-09,1259.6060329015713,USD,1.0
2018-02-12,1267.2846677648865,USD,1.0
2018-02-13,1268.377981409803,USD,1.0
2018-02-14,1271.8840198357334,USD,1.0
2018-02-15,1272.1536908420621,USD,1.0
2018-02-16,1271.8072828841116,USD,1.0
2018-02-20,1276.0491134504816,USD,1.0
2018-02-21,1277.2362470098576,USD,1.0
2018-02-22,1272.2679645228318,USD,1.0
2018-02-23,1272.1910065165998,USD,1.0
2018-02-26,1279.3913978747553,USD,1.0
2018-02-27,1271.798706552247,USD,1.0
2018-02-28,1263.9711634325688,USD,1.0
2018-03-01,1250.9229742702796,USD,1.0
2018-03-02,1254.9397338455847,USD,1.0
2018-03-05,1266.3868016224071,USD,1.0
2018-03-06,1269.3573522905278,USD,1.0
2018-03-07,1268.87872412518,USD,1.0
2018-03-08,1273.1678778796265,USD,1.0
2018-03-09,1291.9637479872865,USD,1.0
2018-03-12,1291.0551963016133,USD,1.0
2018-03-13,1285.0000927564636,USD,1.0
2018-03-14,1280.6165146200592,USD,1.0
2018-03-15,1278.7619440485587,USD,1.0
2018-03-16,1279.5576724412738,USD,1.0
2018-03-19,1267.0178292855753,USD,1.0
2018-03-20,1268.4108032105394,USD,1.0
2018-03-21,1266.1585832585301,USD,1.0
2018-03-22,1247.3277797287687,USD,1.0
2018-03-23,1230.682833554513,USD,1.0
2018-03-26,1239.4991704292331,USD,1.0
2018-03-27,1239.406726535792,USD,1.0
2018-03-28,1239.165607821863,USD,1.0
2018-03-29,1243.2725679434154,USD,1.0
2018-04-02,1240.0480708412558,USD,1.0
2018-04-03,1243.72403043749,USD,1.0
2018-04-04,1243.9607979421826,USD,1.0
2018-04-05,1247.2346044678748,USD,1.0
2018-04-06,1245.8633800729704,USD,1.0
2018-04-09,1247.7268725958957,USD,1.0
2018-04-10,1254.637544977191,USD,1.0
2018-04-11,1254.9331918155794,USD,1.0
2018-04-12,1256.0816470891073,USD,1.0
2018-04-13,1255.2234719821213,USD,1.0
2018-04-16,1254.7821212948757,USD,1.0
2018-04-17,1253.6224964500743,USD,1.0
2018-04-18,1253.0035126544235,USD,1.0
2018-04-19,1257.0303795487625,USD,1.0
2018-04-20,1260.4040356557837,USD,1.0
2018-04-23,1260.2658281604913,USD,1.0
2018-04-24,1251.0292634324223,USD,1.0
2018-04-25,1252.5835820022269,USD,1.0
2018-04-26,1258.5372015416906,USD,1.0
2018-04-27,1261.272336653171,USD,1.0
2018-04-30,1255.151312042942,USD,1.0
2018-05-01,1256.198887289922,USD,1.0
2018-05-02,1251.3818160326634,USD,1.0
2018-05-03,1247.468779601208,USD,1.0
2018-05-04,1258.4233681900375,USD,1.0
2018-05-07,1261.571125620988,USD,1.0
2018-05-08,1261.5535366119834,USD,1.0
2018-05-09,1267.451711812708,USD,1.0
2018-05-10,1271.712523325848,USD,1.0
2018-05-11,1271.801797979607,USD,1.0
2018-05-14,1272.0206907211452,USD,1.0
2018-05-15,1271.9374831544908,USD,1.0
2018-05-16,1273.2017810361524,USD,1.0
2018-05-17,1274.76684339782,USD,1.0
2018-05-18,1276.68206291626,USD,1.0
2018-05-21,1282.4357260782053,USD,1.0
2018-05-22,1280.516339143508,USD,1.0
2018-05-23,1283.504053526217,USD,1.0
2018-05-24,1281.514794028127,USD,1.0
2018-05-25,1279.9142761551796,USD,1.0
2018-05-29,1270.06688953506,USD,1.0
2018-05-30,1282.5891514900125,USD,1.0
2018-05-31,1276.850052786222,USD,1.0
2018-06-01,1285.433465901152,USD,1.0
2018-06-04,1289.3975380568572,USD,1.0
2018-06-05,1289.4217446312493,USD,1.0
2018-06-06,1296.048193360886,USD,1.0
2018-06-07,1296.504299292027,USD,1.0
2018-06-08,1299.0393141815348,USD,1.0
2018-06-11,1300.2369782147243,USD,1.0
2018-06-12,1302.7554756312875,USD,1.0
2018-06-13,1301.986886885302,USD,1.0
2018-06-14,1304.6805251421558,USD,1.0
2018-06-15,1304.1886430725688,USD,1.0
2018-06-18,1301.9922047649054,USD,1.0
2018-06-19,1300.0453725237483,USD,1.0
2018-06-20,1300.7693076431606,USD,1.0
2018-06-21,1296.1567385272942,USD,1.0
2018-06-22,1297.150192284283,USD,1.0
2018-06-25,1287.2691704058434,USD,1.0
2018-06-26,1287.757686465886,USD,1.0
2018-06-27,1282.3318131004792,USD,1.0
2018-06-28,1286.5145191500158,USD,1.0
2018-06-29,1287.2255380091995,USD,1.0
2018-07-02,1289.0609039800743,USD,1.0
2018-07-03,1288.0365080079582,USD,1.0
2018-07-05,1292.0922294055517,USD,1.0
2018-07-06,1296.827159474845,USD,1.0
2018-07-09,1298.2432603141572,USD,1.0
2018-07-10,1298.8389099602855,USD,1.0
2018-07-11,1300.3024535024367,USD,1.0
2018-07-12,1300.446335874026,USD,1.0
2018-07-13,1298.9400995413707,USD,1.0
2018-07-16,1298.7687134837252,USD,1.0
2018-07-17,1301.2596355972219,USD,1.0
2018-07-18,1303.5392095712566,USD,1.0
2018-07-19,1300.813548508244,USD,1.0
2018-07-20,1300.3569118283883,USD,1.0
2018-07-23,1300.9017548460617,USD,1.0
2018-07-24,1306.3066346122762,USD,1.0
2018-07-25,1313.9763823890698,USD,1.0
2018-07-26,1311.1205930638357,USD,1.0
2018-07-27,1305.702589480656,USD,1.0
2018-07-30,1301.1179546054932,USD,1.0
2018-07-31,1304.2891550809436,USD,1.0
2018-08-01,1304.0469139620568,USD,1.0
2018-08-02,1308.8853234441585,USD,1.0
2018-08-03,1313.0665098507338,USD,1.0
2018-08-06,1316.1100009391387,USD,1.0
2018-08-07,1318.9250465052696,USD,1.0
2018-08-08,1319.5821151598811,USD,1.0
2018-08-09,1318.376846316046,USD,1.0
2018-08-10,1312.0274898543914,USD,1.0
2018-08-13,1309.408743261529,USD,1.0
2018-08-14,1315.0247414153635,USD,1.0
2018-08-15,1308.0824401207324,USD,1.0
2018-08-16,1315.6314558526826,USD,1.0
2018-08-17,1319.2689573749458,USD,1.0
2018-08-20,1321.3885252231419,USD,1.0
2018-08-21,1324.526363915421,USD,1.0
2018-08-22,1323.8438988422408,USD,1.0
2018-08-23,1322.3898497659288,USD,1.0
2018-08-24,1328.8139572389225,USD,1.0
2018-08-27,1336.5154664233244,USD,1.0
2018-08-28,1337.7100048566328,USD,1.0
2018-08-29,1342.2690640691221,USD,1.0
2018-08-30,1340.0569933702575,USD,1.0
2018-08-31,1339.5710714808292,USD,1.0
2018-09-04,1338.8044454261385,USD,1.0
2018-09-05,1336.763202878586,USD,1.0
2018-09-06,1333.7912536630065,USD,1.0
2018-09-07,1331.6502603083004,USD,1.0
2018-09-10,1333.1175957278983,USD,1.0
2018-09-11,1335.6550841990334,USD,1.0
2018-09-12,1335.938968453138,USD,1.0
2018-09-13,1340.963859157762,USD,1.0
2018-09-14,1340.9610196936776,USD,1.0
2018-09-17,1335.6977483525498,USD,1.0
2018-09-18,1341.9302289389266,USD,1.0
2018-09-19,1343.1199230638301,USD,1.0
2018-09-20,1349.566884550996,USD,1.0
2018-09-21,1352.4392207741932,USD,1.0
2018-09-24,1348.999998010874,USD,1.0
2018-09-25,1348.3308665415943,USD,1.0
2018-09-26,1345.4116230627615,USD,1.0
2018-09-27,1347.9461843623292,USD,1.0
2018-09-28,1347.8863364226206,USD,1.0
2018-10-01,1351.4679138541042,USD,1.0
2018-10-02,1350.9070373584634,USD,1.0
2018-10-03,1351.0263043666114,USD,1.0
2018-10-04,1344.0684681037633,USD,1.0
2018-10-05,1338.6649519088514,USD,1.0
2018-10-08,1339.5314382475744,USD,1.0
2018-10-09,1338.6191577395703,USD,1.0
2018-10-10,1316.5918671982063,USD,1.0
2018-10-11,1294.6160746996982,USD,1.0
2018-10-12,1305.7337761912704,USD,1.0
2018-10-15,1302.3320844642753,USD,1.0
2018-10-16,1315.661323438612,USD,1.0
2018-10-17,1316.1365147578233,USD,1.0
2018-10-18,1306.5131409916605,USD,1.0
2018-10-19,1307.2124288845032,USD,1.0
2018-10-22,1305.1635853273547,USD,1.0
2018-10-23,1301.125922795681,USD,1.0
2018-10-24,1284.7939417935786,USD,1.0
2018-10-25,1302.6841915581922,USD,1.0
2018-10-26,1283.3395825853754,USD,1.0
2018-10-29,1283.7253706317736,USD,1.0
2018-10-30,1291.4965591114515,USD,1.0
2018-10-31,1298.5353129962152,USD,1.0
2018-11-01,1303.815671406248,USD,1.0
2018-11-02,1299.560677024814,USD,1.0
2018-11-05,1301.6069697305297,USD,1.0
2018-11-06,1301.279941155954,USD,1.0
2018-11-07,1303.8145296027699,USD,1.0
2018-11-08,1305.0030206665087,USD,1.0
2018-11-09,1307.8565381670037,USD,1.0
2018-11-12,1303.3174701207988,USD,1.0
2018-11-13,1302.0743645159337,USD,1.0
2018-11-14,1302.1854594494882,USD,1.0
2018-11-15,1306.6591576393646,USD,1.0
2018-11-16,1307.6472478689766,USD,1.0
2018-11-19,1300.8585552832963,USD,1.0
2018-11-20,1294.8278019773777,USD,1.0
2018-11-21,1295.0591791708994,USD,1.0
2018-11-23,1292.6297803143095,USD,1.0
2018-11-26,1299.0643715526348,USD,1.0
2018-11-27,1299.9121112044013,USD,1.0
2018-11-28,1315.114498259959,USD,1.0
2018-11-29,1313.0543694280727,USD,1.0
2018-11-30,1316.5135118993696,USD,1.0
2018-12-03,1325.9737381544933,USD,1.0
2018-12-04,1311.8247311943212,USD,1.0
2018-12-06,1313.3629519204142,USD,1.0
2018-12-07,1300.9355166189175,USD,1.0
2018-12-10,1299.9422134389713,USD,1.0
2018-12-11,1300.2901449145586,USD,1.0
2018-12-12,1303.6024478449222,USD,1.0
2018-12-13,1304.643375277928,USD,1.0
2018-12-14,1295.5411241649529,USD,1.0
2018-12-17,1293.8137757379443,USD,1.0
2018-12-18,1299.892171307255,USD,1.0
2018-12-19,1295.0734363850315,USD,1.0
2018-12-20,1283.925249911129,USD,1.0
2018-12-21,1289.9372951883743,USD,1.0
2018-12-24,1287.0952473373525,USD,1.0
2018-12-26,1296.4410148410377,USD,1.0
2018-12-27,1298.7021770605834,USD,1.0
2018-12-28,1298.7603501461635,USD,1.0
2018-12-31,1300.9569054875838,USD,1.0
2019-01-02,1305.6069768730456,USD,1.0
2019-01-03,1307.3628888025291,USD,1.0
2019-01-04,1306.3652028631586,USD,1.0
2019-01-07,1304.8967135828416,USD,1.0
2019-01-08,1303.2572647059148,USD,1.0
2019-01-09,1301.7623598554633,USD,1.0
2019-01-10,1298.1929045713598,USD,1.0
2019-01-11,1295.2353122461466,USD,1.0
2019-01-14,1293.7398118229216,USD,1.0
2019-01-15,1297.2731456292972,USD,1.0
2019-01-16,1296.9895790330697,USD,1.0
2019-01-17,1296.9932257531768,USD,1.0
2019-01-18,1294.4958100667839,USD,1.0
2019-01-22,1300.821053841511,USD,1.0
2019-01-23,1301.9512837553882,USD,1.0
2019-01-24,1305.699852028803,USD,1.0
2019-01-25,1301.0329503051573,USD,1.0
2019-01-28,1299.9094548126736,USD,1.0
2019-01-29,1298.4321779419565,USD,1.0
2019-01-30,1302.7615096853824,USD,1.0
2019-01-31,1304.0204705770434,USD,1.0
2019-02-01,1306.934707551014,USD,1.0
2019-02-04,1309.3586546839035,USD,1.0
2019-02-05,1309.1052252170234,USD,1.0
2019-02-06,1309.1355223432458,USD,1.0
2019-02-07,1311.1313010022093,USD,1.0
2019-02-08,1313.8565152319186,USD,1.0
2019-02-11,1313.62170240503,USD,1.0
2019-02-12,1317.709123330333,USD,1.0
2019-02-13,1320.630308044416,USD,1.0
2019-02-14,1320.8605604713755,USD,1.0
2019-02-15,1321.201741976447,USD,1.0
2019-02-19,1323.4582127211854,USD,1.0
2019-02-20,1321.0216011264272,USD,1.0
2019-02-21,1324.2366931374124,USD,1.0
2019-02-22,1321.6595395149993,USD,1.0
2019-02-25,1322.4625216957645,USD,1.0
2019-02-26,1323.3385693890896,USD,1.0
2019-02-27,1321.7811562824572,USD,1.0
2019-02-28,1320.47038355366,USD,1.0
2019-03-01,1325.284460672011,USD,1.0
2019-03-04,1323.0933656380087,USD,1.0
2019-03-05,1321.1025192862774,USD,1.0
2019-03-06,1317.181632847966,USD,1.0
2019-03-07,1310.3214799124642,USD,1.0
2019-03-08,1307.9344382516267,USD,1.0
2019-03-11,1315.0651057515456,USD,1.0
2019-03-12,1317.3277739015596,USD,1.0
2019-03-13,1317.662018357212,USD,1.0
2019-03-14,1320.2465156423298,USD,1.0
2019-03-15,1320.777988295755,USD,1.0
2019-03-18,1321.508931978618,USD,1.0
2019-03-19,1324.6483238663643,USD,1.0
2019-03-20,1326.4575392826937,USD,1.0
2019-03-21,1321.941050216314,USD,1.0
2019-03-22,1329.7651242029456,USD,1.0
2019-03-25,1330.9545953466218,USD,1.0
2019-03-26,1336.573658344663,USD,1.0
2019-03-27,1333.6329995434398,USD,1.0
2019-03-28,1335.8815297939514,USD,1.0
2019-03-29,1339.2181921778263,USD,1.0
2019-04-01,1344.3895281923667,USD,1.0
2019-04-02,1347.2843033820639,USD,1.0
2019-04-03,1344.0099876435008,USD,1.0
2019-04-04,1346.9980221849894,USD,1.0
2019-04-05,1345.6308036158264,USD,1.0
2019-04-08,1346.4076518123995,USD,1.0
2019-04-09,1342.9607836204666,USD,1.0
2019-04-10,1345.1249802585162,USD,1.0
2019-04-11,1345.125081766626,USD,1.0
2019-04-12,1350.7830041393436,USD,1.0
2019-04-15,1350.336720798761,USD,1.0
2019-04-16,1350.8806563620483,USD,1.0
2019-04-17,1349.1239129941416,USD,1.0
2019-04-18,1350.4863500440777,USD,1.0
2019-04-22,1351.383199422709,USD,1.0
2019-04-23,1358.8957399217402,USD,1.0
2019-04-24,1358.0249999585667,USD,1.0
2019-04-25,1358.6979380490357,USD,1.0
2019-04-26,1362.206321643078,USD,1.0
2019-04-29,1365.2481822944096,USD,1.0
2019-04-30,1365.0678425391548,USD,1.0
2019-05-01,1359.9874402720543,USD,1.0
2019-05-02,1357.2076983722927,USD,1.0
2019-05-03,1366.944806470647,USD,1.0
2019-05-06,1364.4131261862822,USD,1.0
2019-05-07,1349.3813482671817,USD,1.0
2019-05-08,1347.6411426250472,USD,1.0
2019-05-09,1344.7637040272468,USD,1.0
2019-05-10,1347.282346125797,USD,1.0
2019-05-13,1327.2964378548104,USD,1.0
2019-05-14,1332.0903457343964,USD,1.0
2019-05-15,1336.3046817590166,USD,1.0
2019-05-16,1344.665529953378,USD,1.0
2019-05-17,1338.2560322711845,USD,1.0
2019-05-20,1333.1813340244978,USD,1.0
2019-05-21,1340.3702568150795,USD,1.0
2019-05-22,1338.1409317695845,USD,1.0
2019-05-23,1329.4553078086901,USD,1.0
2019-05-24,1329.7472704131142,USD,1.0
2019-05-28,1321.9842882088321,USD,1.0
2019-05-29,1317.7995702635124,USD,1.0
2019-05-30,1318.8164590403662,USD,1.0
2019-05-31,1309.4612731362354,USD,1.0
2019-06-03,1307.2856192810386,USD,1.0
2019-06-04,1314.9564684675834,USD,1.0
2019-06-05,1317.7259968336548,USD,1.0
2019-06-06,1318.1192182773652,USD,1.0
2019-06-07,1317.3108402580683,USD,1.0
2019-06-10,1316.395889708751,USD,1.0
2019-06-11,1317.9742283469814,USD,1.0
2019-06-12,1318.7234602256913,USD,1.0
2019-06-13,1316.7091518411598,USD,1.0
2019-06-14,1317.7321615709093,USD,1.0
2019-06-17,1318.183385678466,USD,1.0
2019-06-18,1326.5265307728496,USD,1.0
2019-06-19,1328.7955685062032,USD,1.0
2019-06-20,1334.8907332991619,USD,1.0
2019-06-21,1337.337362981228,USD,1.0
2019-06-24,1336.2566649677428,USD,1.0
2019-06-25,1331.6967564830563,USD,1.0
2019-06-26,1331.016873262901,USD,1.0
2019-06-27,1333.4115430805336,USD,1.0
2019-06-28,1336.590110305904,USD,1.0
2019-07-01,1346.9924741511393,USD,1.0
2019-07-02,1348.1415430218515,USD,1.0
2019-07-03,1352.8880785802753,USD,1.0
2019-07-05,1355.0338219947207,USD,1.0
2019-07-08,1351.764368717222,USD,1.0
2019-07-09,1352.9881070189497,USD,1.0
2019-07-10,1356.503681873447,USD,1.0
2019-07-11,1358.4809365378796,USD,1.0
2019-07-12,1359.7687524852686,USD,1.0
2019-07-15,1360.4072968030391,USD,1.0
2019-07-16,1356.7745359537287,USD,1.0
2019-07-17,1350.8392191160476,USD,1.0
2019-07-18,1354.1265812660467,USD,1.0
2019-07-19,1349.0256809404273,USD,1.0
2019-07-22,1349.9716168671625,USD,1.0
2019-07-23,1357.1210151584066,USD,1.0
2019-07-24,1362.0108598343102,USD,1.0
2019-07-25,1357.1990225633479,USD,1.0
2019-07-26,1364.2956902727742,USD,1.0
2019-07-29,1362.301758454505,USD,1.0
2019-07-30,1360.6065856306914,USD,1.0
2019-07-31,1350.703473697971,USD,1.0
2019-08-01,1343.7613085042115,USD,1.0
2019-08-02,1335.1824713680314,USD,1.0
2019-08-05,1316.1499034485748,USD,1.0
2019-08-06,1322.9344106461062,USD,1.0
2019-08-07,1322.835450194274,USD,1.0
2019-08-08,1338.0594178774932,USD,1.0
2019-08-09,1332.3050374844365,USD,1.0
2019-08-12,1327.034759211406,USD,1.0
2019-08-13,1334.5635985326742,USD,1.0
2019-08-14,1316.5768269232171,USD,1.0
2019-08-15,1318.4984752636524,USD,1.0
2019-08-16,1328.420801846092,USD,1.0
2019-08-19,1337.1587330327816,USD,1.0
2019-08-20,1331.5802627390226,USD,1.0
2019-08-21,1336.0885662497697,USD,1.0
2019-08-22,1337.969810790093,USD,1.0
2019-08-23,1317.244105730446,USD,1.0
2019-08-26,1322.96620717272,USD,1.0
2019-08-27,1324.7704983719716,USD,1.0
2019-08-28,1326.403381905769,USD,1.0
2019-08-29,1329.2412161937118,USD,1.0
2019-08-30,1331.0343134253142,USD,1.0
2019-09-03,1332.9604009004602,USD,1.0
2019-09-04,1334.6372794822796,USD,1.0
2019-09-05,1333.8553976025648,USD,1.0
2019-09-06,1330.2508761809695,USD,1.0
2019-09-09,1331.4174202650665,USD,1.0
2019-09-10,1330.853458482923,USD,1.0
2019-09-11,1336.7625831817943,USD,1.0
2019-09-12,1339.7602163299034,USD,1.0
2019-09-13,1340.0355727397073,USD,1.0
2019-09-16,1337.6824265823552,USD,1.0
2019-09-17,1340.5861670834854,USD,1.0
2019-09-18,1341.355128224149,USD,1.0
2019-09-19,1341.7660985313312,USD,1.0
2019-09-20,1337.7025491100203,USD,1.0
2019-09-23,1336.1523248274816,USD,1.0
2019-09-24,1330.5465580815794,USD,1.0
2019-09-25,1335.885362742708,USD,1.0
2019-09-26,1334.1415718145004,USD,1.0
2019-09-27,1329.6427087105758,USD,1.0
2019-09-30,1331.994545904698,USD,1.0
2019-10-01,1323.5425153618694,USD,1.0
2019-10-02,1309.9578556326069,USD,1.0
2019-10-03,1315.2235520630725,USD,1.0
2019-10-04,1325.9253424588296,USD,1.0
2019-10-07,1323.279134752208,USD,1.0
2019-10-08,1312.4505502117868,USD,1.0
2019-10-09,1319.3308758294766,USD,1.0
2019-10-10,1322.8890174188286,USD,1.0
2019-10-11,1330.1204720504288,USD,1.0
2019-10-14,1330.2834989632956,USD,1.0
2019-10-15,1336.1327298142824,USD,1.0
2019-10-16,1336.693470462395,USD,1.0
2019-10-17,1340.0987191418894,USD,1.0
2019-10-18,1337.2321514302098,USD,1.0
2019-10-21,1342.5873355132114,USD,1.0
2019-10-22,1340.8281423569917,USD,1.0
2019-10-23,1343.0241927786617,USD,1.0
2019-10-24,1345.818587410609,USD,1.0
2019-10-25,1348.1960094942833,USD,1.0
2019-10-28,1352.0067549336532,USD,1.0
2019-10-29,1352.4446584196946,USD,1.0
2019-10-30,1353.4592103444813,USD,1.0
2019-10-31,1355.2912424395324,USD,1.0
2019-11-01,1357.4996974269966,USD,1.0
2019-11-04,1361.52955403444,USD,1.0
2019-11-05,1361.2497664266618,USD,1.0
2019-11-06,1361.7267081011976,USD,1.0
2019-11-07,1365.16790504127,USD,1.0
2019-11-08,1368.3600409670764,USD,1.0
2019-11-11,1366.1722998293158,USD,1.0
2019-11-12,1368.7282057289772,USD,1.0
2019-11-13,1369.2067890307774,USD,1.0
2019-11-14,1371.3209480983305,USD,1.0
2019-11-15,1379.4459177272815,USD,1.0
2019-11-18,1380.131475350678,USD,1.0
2019-11-19,1380.5080315498572,USD,1.0
2019-11-20,1376.455335724774,USD,1.0
2019-11-21,1375.088551291301,USD,1.0
2019-11-22,1377.029926350323,USD,1.0
2019-11-25,1385.3547873811972,USD,1.0
2019-11-26,1387.445848784208,USD,1.0
2019-11-27,1393.3910808257542,USD,1.0
2019-11-29,1389.2987886487235,USD,1.0
2019-12-02,1381.1089179968692,USD,1.0
2019-12-03,1374.3862781892574,USD,1.0
2019-12-04,1380.5235445957342,USD,1.0
2019-12-05,1382.303425775717,USD,1.0
2019-12-06,1392.4515533730212,USD,1.0
2019-12-09,1389.6885810940812,USD,1.0
2019-12-10,1387.7163450428013,USD,1.0
2019-12-11,1390.6979696290987,USD,1.0
2019-12-12,1400.2803216195443,USD,1.0
2019-12-13,1399.973239775305,USD,1.0
2019-12-16,1407.0629539418762,USD,1.0
2019-12-17,1408.302090431707,USD,1.0
2019-12-18,1408.336356680647,USD,1.0
2019-12-19,1413.5360271195436,USD,1.0
2019-12-20,1418.9136207993974,USD,1.0
2019-12-23,1421.3954461463502,USD,1.0
2019-12-24,1421.602148139589,USD,1.0
2019-12-26,1427.1645513792482,USD,1.0
2019-12-27,1428.7088794408346,USD,1.0
2019-12-30,1423.2812570222627,USD,1.0
2019-12-31,1424.3494547485918,USD,1.0
2020-01-02,1434.1776289862519,USD,1.0
2020-01-03,1427.299485395048,USD,1.0
2020-01-06,1431.6954507141272,USD,1.0
2020-01-07,1427.9698908905896,USD,1.0
2020-01-08,1432.6977937827235,USD,1.0
2020-01-09,1440.485413148643,USD,1.0
2020-01-10,1437.2052920968454,USD,1.0
2020-01-13,1443.816789547829,USD,1.0
2020-01-14,1441.6431524196246,USD,1.0
2020-01-15,1444.3461136446017,USD,1.0
2020-01-16,1452.2938455042654,USD,1.0
2020-01-17,1455.5452573039647,USD,1.0
2020-01-21,1454.7061141696636,USD,1.0
2020-01-22,1455.905879312215,USD,1.0
2020-01-23,1457.1132238484488,USD,1.0
2020-01-24,1449.7922406461253,USD,1.0
2020-01-27,1434.6174347276199,USD,1.0
2020-01-28,1444.2660862257871,USD,1.0
2020-01-29,1443.7442554296472,USD,1.0
2020-01-30,1445.79381351585,USD,1.0
2020-01-31,1427.2971490742323,USD,1.0
2020-02-03,1435.7179489210994,USD,1.0
2020-02-04,1451.670697094274,USD,1.0
2020-02-05,1464.6142325978815,USD,1.0
2020-02-06,1468.9573183817938,USD,1.0
2020-02-07,1464.4948392084139,USD,1.0
2020-02-10,1472.1358565156422,USD,1.0
2020-02-11,1473.9547302548526,USD,1.0
2020-02-12,1479.6766623449073,USD,1.0
2020-02-13,1479.0695060730793,USD,1.0
2020-02-14,1481.6056264052722,USD,1.0
2020-02-18,1481.560993823959,USD,1.0
2020-02-19,1486.5703191482758,USD,1.0
2020-02-20,1484.6127337910489,USD,1.0
2020-02-21,1472.2352933425987,USD,1.0
2020-02-24,1438.885055187056,USD,1.0
2020-02-25,1406.474057904244,USD,1.0
2020-02-26,1403.8992757119781,USD,1.0
2020-02-27,1373.422505332588,USD,1.0
2020-02-28,1368.7254341787486,USD,1.0
2020-03-02,1407.4843008701484,USD,1.0
2020-03-03,1381.2680858851668,USD,1.0
2020-03-04,1417.9981070821348,USD,1.0
2020-03-05,1393.782699491567,USD,1.0
2020-03-06,1385.8792967307195,USD,1.0
2020-03-09,1361.0842404935097,USD,1.0
2020-03-10,1386.8792436830886,USD,1.0
2020-03-11,1365.2359100097285,USD,1.0
2020-03-12,1344.8838467902976,USD,1.0
2020-03-13,1353.938401244308,USD,1.0
2020-03-16,1330.8238438124122,USD,1.0
2020-03-17,1359.5448344105723,USD,1.0
2020-03-18,1334.3252410424668,USD,1.0
2020-03-19,1335.8503525168421,USD,1.0
2020-03-20,1325.9876377625662,USD,1.0
2020-03-23,1336.7523724640039,USD,1.0
2020-03-24,1290.9375919170113,USD,1.0
2020-03-25,1290.338044488225,USD,1.0
2020-03-26,1249.5410578284277,USD,1.0
2020-03-27,1286.246363650827,USD,1.0
2020-03-30,1263.659371115437,USD,1.0
2020-03-31,1284.5031263041717,USD,1.0
2020-04-01,1332.3522608790302,USD,1.0
2020-04-02,1301.1505382635112,USD,1.0
2020-04-03,1315.8765065966386,USD,1.0
2020-04-06,1291.6449030084038,USD,1.0
2020-04-07,1295.3341374715842,USD,1.0
2020-04-08,1278.3005945388327,USD,1.0
2020-04-09,1267.0633660216295,USD,1.0
2020-04-13,1273.2482476897417,USD,1.0
2020-04-14,1246.8037749637315,USD,1.0
2020-04-15,1273.3950203446318,USD,1.0
2020-04-16,1270.0811580550842,USD,1.0
2020-04-17,1246.541960909316,USD,1.0
2020-04-20,1252.8347865085345,USD,1.0
2020-04-21,1244.3571761089097,USD,1.0
2020-04-22,1252.612717625038,USD,1.0
2020-04-23,1255.923442890094,USD,1.0
2020-04-24,1255.7514521188803,USD,1.0
2020-04-27,1258.060971792678,USD,1.0
2020-04-28,1252.4428058903823,USD,1.0
2020-04-29,1256.119161504103,USD,1.0
2020-04-30,1266.6283188085235,USD,1.0
2020-05-01,1257.7838963293696,USD,1.0
2020-05-04,1261.2224375502278,USD,1.0
2020-05-05,1258.8662527796373,USD,1.0
2020-05-06,1261.9911812109174,USD,1.0
2020-05-07,1257.6019266482606,USD,1.0
2020-05-08,1253.883249970981,USD,1.0
2020-05-11,1255.9963341185473,USD,1.0
2020-05-12,1267.8626554237865,USD,1.0
2020-05-13,1264.197345934835,USD,1.0
2020-05-14,1267.5966815036365,USD,1.0
2020-05-15,1275.6035557720343,USD,1.0
2020-05-18,1269.2872549917995,USD,1.0
2020-05-19,1270.6774556500259,USD,1.0
2020-05-20,1269.1692442773417,USD,1.0
2020-05-21,1278.0115738023867,USD,1.0
2020-05-22,1274.445859855938,USD,1.0
2020-05-26,1268.7123424542413,USD,1.0
2020-05-27,1264.584205029724,USD,1.0
2020-05-28,1262.4256390970738,USD,1.0
2020-05-29,1263.993024850133,USD,1.0
2020-06-01,1270.504150168891,USD,1.0
2020-06-02,1274.7374049697817,USD,1.0
2020-06-03,1278.1179885542654,USD,1.0
2020-06-04,1278.0832957449134,USD,1.0
2020-06-05,1279.54695548626,USD,1.0
2020-06-08,1279.4348272454315,USD,1.0
2020-06-09,1281.8678512100832,USD,1.0
2020-06-10,1284.0892314019281,USD,1.0
2020-06-11,1277.5407305590627,USD,1.0
2020-06-12,1285.1977230213988,USD,1.0
2020-06-15,1285.5126254539741,USD,1.0
2020-06-16,1292.612578663808,USD,1.0
2020-06-17,1293.5803642144708,USD,1.0
2020-06-18,1299.8056392899953,USD,1.0
2020-06-19,1306.0198081749616,USD,1.0
2020-06-22,1295.3480062860501,USD,1.0
2020-06-23,1301.0476376261752,USD,1.0
2020-06-24,1293.8514922608194,USD,1.0
2020-06-25,1302.9042948771125,USD,1.0
2020-06-26,1286.953598005184,USD,1.0
2020-06-29,1292.2398609308684,USD,1.0
2020-06-30,1293.5037304351606,USD,1.0
2020-07-01,1296.24518171971,USD,1.0
2020-07-02,1292.9863874242283,USD,1.0
2020-07-06,1293.6995498412348,USD,1.0
2020-07-07,1299.7227725201867,USD,1.0
2020-07-08,1296.4528138881426,USD,1.0
2020-07-09,1302.5086833517162,USD,1.0
2020-07-10,1295.9662565437707,USD,1.0
2020-07-13,1295.233105122219,USD,1.0
2020-07-14,1302.3974589034988,USD,1.0
2020-07-15,1304.898223791604,USD,1.0
2020-07-16,1308.035382993872,USD,1.0
2020-07-17,1307.729901288816,USD,1.0
2020-07-20,1307.6037418843862,USD,1.0
2020-07-21,1310.2170447646865,USD,1.0
2020-07-22,1313.8640944342321,USD,1.0
2020-07-23,1313.7424767705431,USD,1.0
2020-07-24,1311.704389909128,USD,1.0
2020-07-27,1315.2344957587773,USD,1.0
2020-07-28,1312.177102822347,USD,1.0
2020-07-29,1318.7378451821735,USD,1.0
2020-07-30,1316.330299286493,USD,1.0
2020-07-31,1324.3421639394269,USD,1.0
2020-08-03,1327.5060963994965,USD,1.0
2020-08-04,1329.020994197404,USD,1.0
2020-08-05,1331.7602605163015,USD,1.0
2020-08-06,1328.2810471583462,USD,1.0
2020-08-07,1329.2148400291046,USD,1.0
2020-08-10,1332.7559281345998,USD,1.0
2020-08-11,1325.6544579061351,USD,1.0
2020-08-12,1337.9029560547374,USD,1.0
2020-08-13,1337.2060110446914,USD,1.0
2020-08-14,1339.700767298204,USD,1.0
2020-08-17,1340.9673993653178,USD,1.0
2020-08-18,1343.045465737583,USD,1.0
2020-08-19,1340.777211915467,USD,1.0
2020-08-20,1344.9739939674837,USD,1.0
2020-08-21,1349.5197145424413,USD,1.0
2020-08-24,1358.301690203015,USD,1.0
2020-08-25,1360.0611113834073,USD,1.0
2020-08-26,1363.734237118157,USD,1.0
2020-08-27,1366.8582937682365,USD,1.0
2020-08-28,1372.098092639821,USD,1.0
2020-08-31,1372.0193279848982,USD,1.0
2020-09-01,1376.2814859883238,USD,1.0
2020-09-02,1377.8076393491615,USD,1.0
2020-09-03,1374.0399468117582,USD,1.0
2020-09-04,1371.1238590829525,USD,1.0
2020-09-08,1343.1387682880247,USD,1.0
2020-09-09,1360.4390463763698,USD,1.0
2020-09-10,1344.721124052776,USD,1.0
2020-09-11,1344.7901840517345,USD,1.0
2020-09-14,1359.2093002347692,USD,1.0
2020-09-15,1364.3882148644661,USD,1.0
2020-09-16,1360.7348656359752,USD,1.0
2020-09-17,1350.2866348264922,USD,1.0
2020-09-18,1335.569914012149,USD,1.0
2020-09-21,1331.8015734978944,USD,1.0
2020-09-22,1342.6215431914916,USD,1.0
2020-09-23,1325.9290041213796,USD,1.0
2020-09-24,1328.0856120984217,USD,1.0
2020-09-25,1341.0252851632736,USD,1.0
2020-09-28,1351.3708759018775,USD,1.0
2020-09-29,1346.0568467817673,USD,1.0
2020-09-30,1357.983058016851,USD,1.0
2020-10-01,1363.3956969772166,USD,1.0
2020-10-02,1361.264792778069,USD,1.0
2020-10-05,1372.8810834895253,USD,1.0
2020-10-06,1364.1463699930764,USD,1.0
2020-10-07,1374.2354729970848,USD,1.0
2020-10-08,1377.4265223704333,USD,1.0
2020-10-09,1375.8165845160229,USD,1.0
2020-10-12,1373.9776408012438,USD,1.0
2020-10-13,1377.4859378185572,USD,1.0
2020-10-14,1379.453916036117,USD,1.0
2020-10-15,1382.0479112209011,USD,1.0
2020-10-16,1384.354640028965,USD,1.0
2020-10-19,1371.3167557833065,USD,1.0
2020-10-20,1375.4599101989045,USD,1.0
2020-10-21,1371.9920220316578,USD,1.0
2020-10-22,1377.787987018678,USD,1.0
2020-10-23,1382.5934960017403,USD,1.0
2020-10-26,1365.9707115174986,USD,1.0
2020-10-27,1363.1079764359088,USD,1.0
2020-10-28,1333.3226611126329,USD,1.0
2020-10-29,1341.2169007054213,USD,1.0
2020-10-30,1329.0717318188429,USD,1.0
2020-11-02,1335.7651836980936,USD,1.0
2020-11-03,1342.4016117211308,USD,1.0
2020-11-04,1344.7589595309692,USD,1.0
2020-11-05,1344.161502338622,USD,1.0
2020-11-06,1346.6672171265125,USD,1.0
2020-11-09,1344.1007397668927,USD,1.0
2020-11-10,1344.4901881753833,USD,1.0
2020-11-11,1342.6527085321986,USD,1.0
2020-11-12,1345.1458653249545,USD,1.0
2020-11-13,1344.348047126983,USD,1.0
2020-11-16,1355.677230080824,USD,1.0
2020-11-17,1352.1969360084834,USD,1.0
2020-11-18,1342.7499213511821,USD,1.0
2020-11-19,1347.3711341393494,USD,1.0
2020-11-20,1340.682363049107,USD,1.0
2020-11-23,1346.6434331320306,USD,1.0
2020-11-24,1363.7642335446355,USD,1.0
2020-11-25,1363.5997987145713,USD,1.0
2020-11-27,1368.0136227572325,USD,1.0
2020-11-30,1363.0625528272242,USD,1.0
2020-12-01,1375.2496598078426,USD,1.0
2020-12-02,1377.5877888143339,USD,1.0
2020-12-03,1378.1887512429576,USD,1.0
2020-12-04,1388.5541523783304,USD,1.0
2020-12-07,1387.9933001009322,USD,1.0
2020-12-08,1390.8752753337517,USD,1.0
2020-12-09,1382.882150893613,USD,1.0
2020-12-10,1384.0536499353686,USD,1.0
2020-12-11,1383.4918725360694,USD,1.0
2020-12-14,1378.8133968129619,USD,1.0
2020-12-15,1394.761196072803,USD,1.0
2020-12-16,1396.1182031839598,USD,1.0
2020-12-17,1402.625258571093,USD,1.0
2020-12-18,1397.8480425548141,USD,1.0
2020-12-21,1398.4088437359328,USD,1.0
2020-12-22,1397.1783633523294,USD,1.0
2020-12-23,1397.1067237120444,USD,1.0
2020-12-24,1400.4399921163013,USD,1.0
2020-12-28,1407.2095287679351,USD,1.0
2020-12-29,1406.9484003455598,USD,1.0
2020-12-30,1409.0789970583637,USD,1.0
2020-12-31,1412.2914372441182,USD,1.0
2021-01-04,1404.4189070390996,USD,1.0
2021-01-05,1411.2069946486404,USD,1.0
2021-01-06,1415.5746963796757,USD,1.0
2021-01-07,1424.9170741699909,USD,1.0
2021-01-08,1426.2064458976438,USD,1.0
2021-01-11,1421.9958970048906,USD,1.0
2021-01-12,1422.490871587549,USD,1.0
2021-01-13,1425.449505872045,USD,1.0
2021-01-14,1422.502226667129,USD,1.0
2021-01-15,1416.0098640439253,USD,1.0
2021-01-19,1424.1558850168894,USD,1.0
2021-01-20,1440.127808063996,USD,1.0
2021-01-21,1442.5665033603448,USD,1.0
2021-01-22,1438.3820339584006,USD,1.0
2021-01-25,1443.7426504347054,USD,1.0
2021-01-26,1441.579904018312,USD,1.0
2021-01-27,1426.5602468792206,USD,1.0
2021-01-28,1430.2706650844575,USD,1.0
2021-01-29,1408.7839514503075,USD,1.0
2021-02-01,1427.0290221958394,USD,1.0
2021-02-02,1440.2146678131276,USD,1.0
2021-02-03,1439.1610965254927,USD,1.0
2021-02-04,1453.8536912957975,USD,1.0
2021-02-05,1459.3924207555735,USD,1.0
2021-02-08,1467.2249042869616,USD,1.0
2021-02-09,1466.8855997942546,USD,1.0
2021-02-10,1467.0106546432962,USD,1.0
2021-02-11,1470.3574020842643,USD,1.0
2021-02-12,1474.9921386451783,USD,1.0
2021-02-16,1477.3431068528957,USD,1.0
2021-02-17,1478.7368023900708,USD,1.0
2021-02-18,1474.7675988847668,USD,1.0
2021-02-19,1472.4016208901946,USD,1.0
2021-02-22,1463.5059712373925,USD,1.0
2021-02-23,1464.4998565137091,USD,1.0
2021-02-24,1475.2524499472888,USD,1.0
2021-02-25,1448.823728757609,USD,1.0
2021-02-26,1442.073603519351,USD,1.0
2021-03-01,1469.7548829177838,USD,1.0
2021-03-02,1459.9138668364253,USD,1.0
2021-03-03,1443.9037876010857,USD,1.0
2021-03-04,1427.9554057210391,USD,1.0
2021-03-05,1449.3513990703568,USD,1.0
2021-03-08,1443.296847297172,USD,1.0
2021-03-09,1458.2733713826933,USD,1.0
2021-03-10,1462.9131633642164,USD,1.0
2021-03-11,1471.3221210393663,USD,1.0
2021-03-12,1473.6942267627164,USD,1.0
2021-03-15,1476.887764910704,USD,1.0
2021-03-16,1474.787360346018,USD,1.0
2021-03-17,1477.313502197383,USD,1.0
2021-03-18,1475.1982500906197,USD,1.0
2021-03-19,1478.956017830259,USD,1.0
2021-03-22,1483.5356909232387,USD,1.0
2021-03-23,1475.6393030172057,USD,1.0
2021-03-24,1472.0189447247085,USD,1.0
2021-03-25,1476.1843842637315,USD,1.0
2021-03-26,1489.7755010471813,USD,1.0
2021-03-29,1490.1074445130482,USD,1.0
2021-03-30,1489.06520103541,USD,1.0
2021-03-31,1493.9951678655211,USD,1.0
2021-04-01,1496.90955427322,USD,1.0
2021-04-05,1510.6951429027022,USD,1.0
2021-04-06,1511.6064346608364,USD,1.0
2021-04-07,1512.127567729231,USD,1.0
2021-04-08,1516.3052092285448,USD,1.0
2021-04-09,1524.214601023337,USD,1.0
2021-04-12,1523.1030032477324,USD,1.0
2021-04-13,1524.1554776730136,USD,1.0
2021-04-14,1523.591057634981,USD,1.0
2021-04-15,1526.6182478933777,USD,1.0
2021-04-16,1525.7971270522678,USD,1.0
2021-04-19,1519.94221481533,USD,1.0
2021-04-20,1511.8196589099857,USD,1.0
2021-04-21,1523.4491146676398,USD,1.0
2021-04-22,1512.0533044900849,USD,1.0
2021-04-23,1526.2203508529585,USD,1.0
2021-04-26,1528.603348649317,USD,1.0
2021-04-27,1528.082721181622,USD,1.0
2021-04-28,1527.468799856793,USD,1.0
2021-04-29,1537.1799611198637,USD,1.0
2021-04-30,1527.9448334785118,USD,1.0
2021-05-03,1531.6711026494636,USD,1.0
2021-05-04,1524.9289804225946,USD,1.0
2021-05-05,1524.6155940396063,USD,1.0
2021-05-06,1534.49724992224,USD,1.0
2021-05-07,1542.2826078966316,USD,1.0
2021-05-10,1531.7645791323312,USD,1.0
2021-05-11,1521.7420895728947,USD,1.0
2021-05-12,1496.4478613243646,USD,1.0
2021-05-13,1509.1936913065203,USD,1.0
2021-05-14,1526.5252060515081,USD,1.0
2021-05-17,1525.827094726069,USD,1.0
2021-05-18,1516.9091743774175,USD,1.0
2021-05-19,1514.5745345904513,USD,1.0
2021-05-20,1527.3205672616018,USD,1.0
2021-05-21,1525.742821062655,USD,1.0
2021-05-24,1537.772496648493,USD,1.0
2021-05-25,1535.2437711551206,USD,1.0
2021-05-26,1537.1334938504979,USD,1.0
2021-05-27,1536.0820924523628,USD,1.0
2021-05-28,1538.9629605559494,USD,1.0
2021-06-01,1538.5358090483735,USD,1.0
2021-06-02,1541.346899663635,USD,1.0
2021-06-03,1536.9366302156257,USD,1.0
2021-06-04,1548.9151677666268,USD,1.0
2021-06-07,1547.3058938710217,USD,1.0
2021-06-08,1547.8273317813814,USD,1.0
2021-06-09,1545.8786036969175,USD,1.0
2021-06-10,1551.418235182571,USD,1.0
2021-06-11,1553.3898544408075,USD,1.0
2021-06-14,1556.8105546267275,USD,1.0
2021-06-15,1554.7884074984947,USD,1.0
2021-06-16,1547.4629781838826,USD,1.0
2021-06-17,1546.555527129682,USD,1.0
2021-06-18,1528.7341554566376,USD,1.0
2021-06-21,1543.5517072958935,USD,1.0
2021-06-22,1549.1926236946813,USD,1.0
2021-06-23,1546.5228158485804,USD,1.0
2021-06-24,1553.924458616929,USD,1.0
2021-06-25,1558.5628949136517,USD,1.0
2021-06-28,1561.2525161340045,USD,1.0
2021-06-29,1562.4715539693834,USD,1.0
2021-06-30,1563.9025604154274,USD,1.0
2021-07-01,1571.5032598524053,USD,1.0
2021-07-02,1579.5882431456187,USD,1.0
2021-07-06,1579.1967581174315,USD,1.0
2021-07-07,1583.082764316351,USD,1.0
2021-07-08,1576.4436169605972,USD,1.0
2021-07-09,1587.8634753784622,USD,1.0
2021-07-12,1592.3287011588338,USD,1.0
2021-07-13,1589.2750427712865,USD,1.0
2021-07-14,1591.6556080207276,USD,1.0
2021-07-15,1587.7927487330655,USD,1.0
2021-07-16,1578.057509028317,USD,1.0
2021-07-19,1559.7169475302205,USD,1.0
2021-07-20,1577.2164791770745,USD,1.0
2021-07-21,1586.8461758521576,USD,1.0
2021-07-22,1589.6564966507533,USD,1.0
2021-07-23,1604.6600565223926,USD,1.0
2021-07-26,1607.6663919908362,USD,1.0
2021-07-27,1603.3682509334535,USD,1.0
2021-07-28,1602.0413943542135,USD,1.0
2021-07-29,1607.5219378671482,USD,1.0
2021-07-30,1600.5101522935347,USD,1.0
2021-08-02,1598.101534430012,USD,1.0
2021-08-03,1609.2927520940962,USD,1.0
2021-08-04,1601.4371358282974,USD,1.0
2021-08-05,1610.2025459476183,USD,1.0
2021-08-06,1611.6059300318313,USD,1.0
2021-08-09,1611.4307380106418,USD,1.0
2021-08-10,1613.6623883655889,USD,1.0
2021-08-11,1616.7555720881574,USD,1.0
2021-08-12,1620.471700666516,USD,1.0
2021-08-13,1623.543338952516,USD,1.0
2021-08-16,1626.731059876063,USD,1.0
2021-08-17,1619.0757723279055,USD,1.0
2021-08-18,1605.0255121858554,USD,1.0
2021-08-19,1607.4281799915868,USD,1.0
2021-08-20,1617.5907363564077,USD,1.0
2021-08-23,1627.3543984765697,USD,1.0
2021-08-24,1630.5948146687108,USD,1.0
2021-08-25,1632.4020307618187,USD,1.0
2021-08-26,1625.6146414149027,USD,1.0
2021-08-27,1636.6495296747335,USD,1.0
2021-08-30,1640.4932970978475,USD,1.0
2021-08-31,1638.4716917428586,USD,1.0
2021-09-01,1640.4589274517878,USD,1.0
2021-09-02,1643.7905835210058,USD,1.0
2021-09-03,1646.0542565952478,USD,1.0
2021-09-07,1641.7908838278192,USD,1.0
2021-09-08,1640.051039669146,USD,1.0
2021-09-09,1633.9563002346483,USD,1.0
2021-09-10,1622.6570038954148,USD,1.0
2021-09-13,1625.3497972466894,USD,1.0
2021-09-14,1616.9808080741448,USD,1.0
2021-09-15,1628.9346101777512,USD,1.0
2021-09-16,1626.5065154412616,USD,1.0
2021-09-17,1613.2210113975145,USD,1.0
2021-09-20,1597.649068571992,USD,1.0
2021-09-21,1595.769103226868,USD,1.0
2021-09-22,1603.1140062559884,USD,1.0
2021-09-23,1614.8944838027176,USD,1.0
2021-09-24,1617.7510926379969,USD,1.0
2021-09-27,1615.608788193519,USD,1.0
2021-09-28,1593.5770458738405,USD,1.0
2021-09-29,1594.6880049950732,USD,1.0
2021-09-30,1579.1602030806564,USD,1.0
2021-10-01,1592.8141926331823,USD,1.0
2021-10-04,1581.0019483162419,USD,1.0
2021-10-05,1591.2950708240955,USD,1.0
2021-10-06,1594.7104117605481,USD,1.0
2021-10-07,1602.2213703294433,USD,1.0
2021-10-08,1602.8556951628207,USD,1.0
2021-10-11,1595.4969165937541,USD,1.0
2021-10-12,1592.932575709533,USD,1.0
2021-10-13,1595.4196601137664,USD,1.0
2021-10-14,1611.7407045273872,USD,1.0
2021-10-15,1615.7896662196918,USD,1.0
2021-10-18,1619.5389264081778,USD,1.0
2021-10-19,1626.6987325458226,USD,1.0
2021-10-20,1631.6438850576806,USD,1.0
2021-10-21,1633.7777557162183,USD,1.0
2021-10-22,1634.42924319229,USD,1.0
2021-10-25,1637.6641578268511,USD,1.0
2021-10-26,1638.1102429736275,USD,1.0
2021-10-27,1637.2756836008698,USD,1.0
2021-10-28,1644.7812565490294,USD,1.0
2021-10-29,1642.9371229328563,USD,1.0
2021-11-01,1645.32523271227,USD,1.0
2021-11-02,1650.038506363111,USD,1.0
2021-11-03,1656.052841048332,USD,1.0
2021-11-04,1661.2618897832267,USD,1.0
2021-11-05,1666.24181866146,USD,1.0
2021-11-08,1667.4551965937858,USD,1.0
2021-11-09,1666.0109739423688,USD,1.0
2021-11-10,1658.354158179021,USD,1.0
2021-11-11,1658.700787226995,USD,1.0
2021-11-12,1669.45035338567,USD,1.0
2021-11-15,1670.363567701274,USD,1.0
2021-11-16,1676.4642385506052,USD,1.0
2021-11-17,1674.6414280135298,USD,1.0
2021-11-18,1680.092126097906,USD,1.0
2021-11-19,1677.590922011801,USD,1.0
2021-11-22,1673.7467066608485,USD,1.0
2021-11-23,1676.2298072492242,USD,1.0
2021-11-24,1679.1895867141488,USD,1.0
2021-11-26,1655.485113079382,USD,1.0
2021-11-29,1662.9933305028565,USD,1.0
2021-11-30,1643.4575018126823,USD,1.0
2021-12-01,1634.7471202312504,USD,1.0
2021-12-02,1652.8821293683473,USD,1.0
2021-12-03,1646.5213593531337,USD,1.0
2021-12-06,1658.6608325078823,USD,1.0
2021-12-07,1674.8374751316196,USD,1.0
2021-12-08,1678.8475861111035,USD,1.0
2021-12-09,1676.852797294406,USD,1.0
2021-12-10,1682.8056099588657,USD,1.0
2021-12-13,1670.98610707981,USD,1.0
2021-12-14,1662.3238353605607,USD,1.0
2021-12-15,1682.8676733119646,USD,1.0
2021-12-16,1670.4258652376298,USD,1.0
2021-12-17,1655.6687315983445,USD,1.0
2021-12-20,1641.6208487399758,USD,1.0
2021-12-21,1663.5280114182654,USD,1.0
2021-12-22,1674.4004536277707,USD,1.0
2021-12-23,1682.5644095505431,USD,1.0
2021-12-27,1696.4446367390337,USD,1.0
2021-12-28,1694.580186646812,USD,1.0
2021-12-29,1697.2983983993618,USD,1.0
2021-12-30,1694.6689739137682,USD,1.0
2021-12-31,1691.842658015017,USD,1.0
2022-01-03,1698.8913440693211,USD,1.0
2022-01-04,1699.617589549093,USD,1.0
2022-01-05,1676.1332811748307,USD,1.0
2022-01-06,1675.1756231822121,USD,1.0
2022-01-07,1668.5263595619256,USD,1.0
2022-01-10,1666.6451059040924,USD,1.0
2022-01-11,1674.640252626119,USD,1.0
2022-01-12,1676.3218327132413,USD,1.0
2022-01-13,1665.1681283527353,USD,1.0
2022-01-14,1664.440670874474,USD,1.0
2022-01-18,1644.6271117977897,USD,1.0
2022-01-19,1631.2591169346642,USD,1.0
2022-01-20,1619.9908774040155,USD,1.0
2022-01-21,1599.9349892492025,USD,1.0
2022-01-24,1601.448646018282,USD,1.0
2022-01-25,1600.9935314663594,USD,1.0
2022-01-26,1598.4817366773455,USD,1.0
2022-01-27,1591.5033313023082,USD,1.0
2022-01-28,1611.7036183759114,USD,1.0
2022-01-31,1621.166251164158,USD,1.0
2022-02-01,1615.9300589283885,USD,1.0
2022-02-02,1632.5744903947643,USD,1.0
2022-02-03,1613.435569207173,USD,1.0
2022-02-04,1630.5094916889975,USD,1.0
2022-02-07,1626.8417095457112,USD,1.0
2022-02-08,1633.4539347443201,USD,1.0
2022-02-09,1642.5462127684332,USD,1.0
2022-02-10,1632.7486219061925,USD,1.0
2022-02-11,1615.5772035456614,USD,1.0
2022-02-14,1612.6497103082393,USD,1.0
2022-02-15,1629.3264944329565,USD,1.0
2022-02-16,1628.9504002033002,USD,1.0
2022-02-17,1607.009945590126,USD,1.0
2022-02-18,1598.9639749673406,USD,1.0
2022-02-22,1590.799808981609,USD,1.0
2022-02-23,1582.9377105649369,USD,1.0
2022-02-24,1598.7459510736926,USD,1.0
2022-02-25,1610.5304654102556,USD,1.0
2022-02-28,1610.8654517236246,USD,1.0
2022-03-01,1601.9727007334607,USD,1.0
2022-03-02,1619.424318324966,USD,1.0
2022-03-03,1616.590194080105,USD,1.0
2022-03-04,1611.605845818034,USD,1.0
2022-03-07,1595.6552826623554,USD,1.0
2022-03-08,1589.3815505914101,USD,1.0
2022-03-09,1608.168894489159,USD,1.0
2022-03-10,1603.3865908181087,USD,1.0
2022-03-11,1593.3436417969237,USD,1.0
2022-03-14,1586.2958922902476,USD,1.0
2022-03-15,1608.76172430586,USD,1.0
2022-03-16,1625.490715044311,USD,1.0
2022-03-17,1638.9842596160977,USD,1.0
2022-03-18,1639.9049166910568,USD,1.0
2022-03-21,1640.2711300633057,USD,1.0
2022-03-22,1646.9073539672413,USD,1.0
2022-03-23,1641.0229931035194,USD,1.0
2022-03-24,1650.8160080734049,USD,1.0
2022-03-25,1653.860700329545,USD,1.0
2022-03-28,1656.0883474453271,USD,1.0
2022-03-29,1657.7156062500173,USD,1.0
2022-03-30,1657.0783558851165,USD,1.0
2022-03-31,1654.9517154585412,USD,1.0
2022-04-01,1667.4345129479254,USD,1.0
2022-04-04,1672.8240240144776,USD,1.0
2022-04-05,1663.4500436973303,USD,1.0
2022-04-06,1655.1433230547198,USD,1.0
2022-04-07,1660.0360395526525,USD,1.0
2022-04-08,1657.0196003045744,USD,1.0
2022-04-11,1639.996885006093,USD,1.0
2022-04-12,1635.8002611018755,USD,1.0
2022-04-13,1645.4188325249017,USD,1.0
2022-04-14,1632.5750238025544,USD,1.0
2022-04-18,1629.9826403645468,USD,1.0
2022-04-19,1646.8992367507894,USD,1.0
2022-04-20,1636.1754557451836,USD,1.0
2022-04-21,1634.4914874059175,USD,1.0
2022-04-22,1619.5182171653873,USD,1.0
2022-04-25,1620.6220329736686,USD,1.0
2022-04-26,1603.9513659902657,USD,1.0
2022-04-27,1598.8378769858386,USD,1.0
2022-04-28,1624.780330859682,USD,1.0
2022-04-29,1588.739175855797,USD,1.0
2022-05-02,1598.9608097698615,USD,1.0
2022-05-03,1594.9352957938759,USD,1.0
2022-05-04,1596.4991990824074,USD,1.0
2022-05-05,1596.095541301622,USD,1.0
2022-05-06,1606.1530369191412,USD,1.0
2022-05-09,1591.5705153723957,USD,1.0
2022-05-10,1596.0534502791386,USD,1.0
2022-05-11,1586.816448009012,USD,1.0
2022-05-12,1589.404895170154,USD,1.0
2022-05-13,1598.4195744907518,USD,1.0
2022-05-16,1597.9404995675127,USD,1.0
2022-05-17,1595.6881396368854,USD,1.0
2022-05-18,1601.1368945880724,USD,1.0
2022-05-19,1595.5920888431997,USD,1.0
2022-05-20,1597.5861466033684,USD,1.0
2022-05-23,1601.0008173686952,USD,1.0
2022-05-24,1600.4381281242331,USD,1.0
2022-05-25,1606.920262554436,USD,1.0
2022-05-26,1615.787237936315,USD,1.0
2022-05-27,1607.0856931740723,USD,1.0
2022-05-31,1609.0809918230273,USD,1.0
2022-06-01,1605.9227880508806,USD,1.0
2022-06-02,1613.9741307565591,USD,1.0
2022-06-03,1606.6135371386388,USD,1.0
2022-06-06,1610.1099699207923,USD,1.0
2022-06-07,1615.114819741102,USD,1.0
2022-06-08,1608.323185763302,USD,1.0
2022-06-09,1597.5678524802668,USD,1.0
2022-06-10,1586.3014571664007,USD,1.0
2022-06-13,1591.991448232088,USD,1.0
2022-06-14,1595.2298400940033,USD,1.0
2022-06-15,1596.0811722231992,USD,1.0
2022-06-16,1588.8614144946685,USD,1.0
2022-06-17,1592.061745300291,USD,1.0
2022-06-21,1602.6381126384954,USD,1.0
2022-06-22,1599.7288053606967,USD,1.0
2022-06-23,1608.0643256513663,USD,1.0
2022-06-24,1622.568747976451,USD,1.0
2022-06-27,1618.693863080072,USD,1.0
2022-06-28,1617.2156586081646,USD,1.0
2022-06-29,1618.5269854898113,USD,1.0
2022-06-30,1619.5594462150036,USD,1.0
2022-07-01,1621.5568329962023,USD,1.0
2022-07-05,1623.0324652683805,USD,1.0
2022-07-06,1622.3681378536478,USD,1.0
2022-07-07,1631.6331255521789,USD,1.0
2022-07-08,1628.754066793417,USD,1.0
2022-07-11,1629.58616552391,USD,1.0
2022-07-12,1630.5078260512478,USD,1.0
2022-07-13,1630.3075856986943,USD,1.0
2022-07-14,1628.2613971445708,USD,1.0
2022-07-15,1636.5207859911702,USD,1.0
2022-07-18,1633.286078486356,USD,1.0
2022-07-19,1638.6218583876575,USD,1.0
2022-07-20,1643.869282029791,USD,1.0
2022-07-21,1648.8737320041623,USD,1.0
2022-07-22,1652.440773552159,USD,1.0
2022-07-25,1650.873152045973,USD,1.0
2022-07-26,1647.8273819080205,USD,1.0
2022-07-27,1657.012561909301,USD,1.0
2022-07-28,1647.7196939121081,USD,1.0
2022-07-29,1645.7194014167637,USD,1.0
2022-08-01,1646.503765653181,USD,1.0
2022-08-02,1654.2014733525966,USD,1.0
2022-08-03,1644.8189712914677,USD,1.0
2022-08-04,1644.9996008687483,USD,1.0
2022-08-05,1647.1989967515888,USD,1.0
2022-08-08,1645.1945873298778,USD,1.0
2022-08-09,1644.2630408313935,USD,1.0
2022-08-10,1651.6651223250255,USD,1.0
2022-08-11,1649.6400150596437,USD,1.0
2022-08-12,1651.1620297559716,USD,1.0
2022-08-15,1650.7085942505514,USD,1.0
2022-08-16,1650.1948089043785,USD,1.0
2022-08-17,1651.0902155303097,USD,1.0
2022-08-18,1654.7955340086219,USD,1.0
2022-08-19,1666.2843909717317,USD,1.0
2022-08-22,1657.471249669879,USD,1.0
2022-08-23,1657.5192251282206,USD,1.0
2022-08-24,1657.5075665626389,USD,1.0
2022-08-25,1667.568256058346,USD,1.0
2022-08-26,1648.5626738056878,USD,1.0
2022-08-29,1644.4288223990186,USD,1.0
2022-08-30,1637.6329234870516,USD,1.0
2022-08-31,1633.291903465573,USD,1.0
2022-09-01,1637.6322457577921,USD,1.0
2022-09-02,1629.4749622803504,USD,1.0
2022-09-06,1634.526911050401,USD,1.0
2022-09-07,1634.6000037981712,USD,1.0
2022-09-08,1631.1812444201792,USD,1.0
2022-09-09,1629.053727356909,USD,1.0
2022-09-12,1617.6955528198641,USD,1.0
2022-09-13,1639.339526776435,USD,1.0
2022-09-14,1643.7617167907433,USD,1.0
2022-09-15,1640.5512561242554,USD,1.0
2022-09-16,1637.5702631668323,USD,1.0
2022-09-19,1640.4402024857202,USD,1.0
2022-09-20,1638.0194925848052,USD,1.0
2022-09-21,1638.165835212924,USD,1.0
2022-09-22,1634.6539411017504,USD,1.0
2022-09-23,1629.0835912750288,USD,1.0
2022-09-26,1626.4340077295262,USD,1.0
2022-09-27,1623.869986169266,USD,1.0
2022-09-28,1633.4028953796935,USD,1.0
2022-09-29,1622.4562956232191,USD,1.0
2022-09-30,1610.336957469369,USD,1.0
2022-10-03,1611.1318790763585,USD,1.0
2022-10-04,1598.4894633649074,USD,1.0
2022-10-05,1595.934800542731,USD,1.0
2022-10-06,1608.1403081575884,USD,1.0
2022-10-07,1625.4553225205075,USD,1.0
2022-10-10,1627.8650655312736,USD,1.0
2022-10-11,1629.3834619115783,USD,1.0
2022-10-12,1629.5456190726281,USD,1.0
2022-10-13,1638.082287948238,USD,1.0
2022-10-14,1641.3709221501363,USD,1.0
2022-10-17,1635.9459630305537,USD,1.0
2022-10-18,1627.9847697878185,USD,1.0
2022-10-19,1640.5265445781067,USD,1.0
2022-10-20,1643.8230922592431,USD,1.0
2022-10-21,1636.462453067756,USD,1.0
2022-10-24,1631.8412668891588,USD,1.0
2022-10-25,1629.2833064988156,USD,1.0
2022-10-26,1618.6156057547912,USD,1.0
2022-10-27,1654.5682583909652,USD,1.0
2022-10-28,1601.527775638591,USD,1.0
2022-10-31,1604.6842502961974,USD,1.0
2022-11-01,1606.3410006781212,USD,1.0
2022-11-02,1599.1459866087082,USD,1.0
2022-11-03,1592.8491860745576,USD,1.0
2022-11-04,1602.009679485396,USD,1.0
2022-11-07,1605.7333219497464,USD,1.0
2022-11-08,1611.245525963146,USD,1.0
2022-11-09,1599.4506683279699,USD,1.0
2022-11-10,1626.1283554623685,USD,1.0
2022-11-11,1631.4029939263098,USD,1.0
2022-11-14,1627.8045652838105,USD,1.0
2022-11-15,1634.9723808767797,USD,1.0
2022-11-16,1629.8382987525447,USD,1.0
2022-11-17,1633.1655364810406,USD,1.0
2022-11-18,1636.4815961541321,USD,1.0
2022-11-21,1633.1957383524561,USD,1.0
2022-11-22,1641.6249752603999,USD,1.0
2022-11-23,1645.749896806322,USD,1.0
2022-11-25,1646.620773026862,USD,1.0
2022-11-28,1640.2894533632002,USD,1.0
2022-11-29,1640.7583211543301,USD,1.0
2022-11-30,1649.2986042340508,USD,1.0
2022-12-01,1652.684078397203,USD,1.0
2022-12-02,1656.1959889003626,USD,1.0
2022-12-05,1647.7075567291954,USD,1.0
2022-12-06,1639.1103621115587,USD,1.0
2022-12-07,1639.2503163221468,USD,1.0
2022-12-08,1644.090388545215,USD,1.0
2022-12-09,1639.108399926953,USD,1.0
2022-12-12,1640.3291222803814,USD,1.0
2022-12-13,1642.3167659367948,USD,1.0
2022-12-14,1643.4759961254863,USD,1.0
2022-12-15,1644.9294334819128,USD,1.0
2022-12-16,1639.0684969095619,USD,1.0
2022-12-19,1631.5703675814161,USD,1.0
2022-12-20,1631.3947856549844,USD,1.0
2022-12-21,1640.7700132508637,USD,1.0
2022-12-22,1632.1933429674884,USD,1.0
2022-12-23,1635.3663775633677,USD,1.0
2022-12-27,1633.2238982873596,USD,1.0
2022-12-28,1626.159751781579,USD,1.0
2022-12-29,1637.4009795802615,USD,1.0
2022-12-30,1634.9884688919603,USD,1.0
2023-01-03,1635.6214635557596,USD,1.0
2023-01-04,1639.1332371773412,USD,1.0
2023-01-05,1630.7574882170288,USD,1.0
2023-01-06,1649.6412233022797,USD,1.0
2023-01-09,1649.4033912436528,USD,1.0
2023-01-10,1651.3055437766384,USD,1.0
2023-01-11,1652.8407620921575,USD,1.0
2023-01-12,1658.7129958387554,USD,1.0
2023-01-13,1661.7956718685057,USD,1.0
2023-01-17,1663.2041405594584,USD,1.0
2023-01-18,1661.565171582658,USD,1.0
2023-01-19,1655.8660517341743,USD,1.0
2023-01-20,1673.162688617567,USD,1.0
2023-01-23,1677.4347770933393,USD,1.0
2023-01-24,1672.3955802047813,USD,1.0
2023-01-25,1676.9438331114673,USD,1.0
2023-01-26,1680.8458863600445,USD,1.0
2023-01-27,1680.593587665481,USD,1.0
2023-01-30,1676.149853089286,USD,1.0
2023-01-31,1685.6069393381185,USD,1.0
2023-02-01,1681.697166506283,USD,1.0
2023-02-02,1695.4731249297422,USD,1.0
2023-02-03,1688.7758692592813,USD,1.0
2023-02-06,1684.675195880759,USD,1.0
2023-02-07,1696.3265501241945,USD,1.0
2023-02-08,1688.1707401702595,USD,1.0
2023-02-09,1682.1767300442957,USD,1.0
2023-02-10,1685.5410745937354,USD,1.0
2023-02-13,1693.917173702191,USD,1.0
2023-02-14,1697.0809584680271,USD,1.0
2023-02-15,1699.5752084192507,USD,1.0
2023-02-16,1686.7427909904047,USD,1.0
2023-02-17,1684.279170176229,USD,1.0
2023-02-21,1669.4984533864579,USD,1.0
2023-02-22,1668.7019393500077,USD,1.0
2023-02-23,1673.0919141692323,USD,1.0
2023-02-24,1663.5234745856742,USD,1.0
2023-02-27,1664.994626909175,USD,1.0
2023-02-28,1661.6803596195784,USD,1.0
2023-03-01,1656.8932520674973,USD,1.0
2023-03-02,1664.0857220198811,USD,1.0
2023-03-03,1679.533124615084,USD,1.0
2023-03-06,1680.1311983955968,USD,1.0
2023-03-07,1669.9388166959955,USD,1.0
2023-03-08,1670.7064301603884,USD,1.0
2023-03-09,1659.1111804821458,USD,1.0
2023-03-10,1647.5916059074896,USD,1.0
2023-03-13,1647.50051625637,USD,1.0
2023-03-14,1662.7241923504155,USD,1.0
2023-03-15,1660.4087966554757,USD,1.0
2023-03-16,1672.8681219817472,USD,1.0
2023-03-17,1665.8538676694768,USD,1.0
2023-03-20,1671.927018091652,USD,1.0
2023-03-21,1675.240543743766,USD,1.0
2023-03-22,1668.3213467626113,USD,1.0
2023-03-23,1674.8813941481937,USD,1.0
2023-03-24,1679.0615864518297,USD,1.0
2023-03-27,1680.4568931376805,USD,1.0
2023-03-28,1680.1126552677706,USD,1.0
2023-03-29,1686.7519554002424,USD,1.0
2023-03-30,1687.6904845010097,USD,1.0
2023-03-31,1684.2906504489044,USD,1.0
2023-04-03,1688.4276199134583,USD,1.0
2023-04-04,1684.7262489281131,USD,1.0
2023-04-05,1683.5827238207173,USD,1.0
2023-04-06,1688.0669772193066,USD,1.0
2023-04-10,1688.8214704512,USD,1.0
2023-04-11,1689.3025988598433,USD,1.0
2023-04-12,1685.03836086888,USD,1.0
2023-04-13,1702.118148023711,USD,1.0
2023-04-14,1697.8522482606277,USD,1.0
2023-04-17,1701.4944500788765,USD,1.0
2023-04-18,1703.1829596517,USD,1.0
2023-04-19,1704.4566742461197,USD,1.0
2023-04-20,1698.9978798558773,USD,1.0
2023-04-21,1700.7049108176675,USD,1.0
2023-04-24,1702.3224890007245,USD,1.0
2023-04-25,1680.5429067977807,USD,1.0
2023-04-26,1674.7387822903065,USD,1.0
2023-04-27,1701.193689294305,USD,1.0
2023-04-28,1712.761592393531,USD,1.0
2023-05-01,1712.0598883155246,USD,1.0
2023-05-02,1699.6866968701265,USD,1.0
2023-05-03,1690.3502175275983,USD,1.0
2023-05-04,1684.0616765851405,USD,1.0
2023-05-05,1706.887956332474,USD,1.0
2023-05-08,1706.2776610125316,USD,1.0
2023-05-09,1699.9617873591123,USD,1.0
2023-05-10,1706.3317869717694,USD,1.0
2023-05-11,1703.3936875745376,USD,1.0
2023-05-12,1701.493110170401,USD,1.0
2023-05-15,1704.5368681123787,USD,1.0
2023-05-16,1696.3270692794206,USD,1.0
2023-05-17,1709.8693666421814,USD,1.0
2023-05-18,1717.1134295143117,USD,1.0
2023-05-19,1718.555945432541,USD,1.0
2023-05-22,1719.3057483771374,USD,1.0
2023-05-23,1709.0003765037334,USD,1.0
2023-05-24,1699.9168629841186,USD,1.0
2023-05-25,1712.2942017795451,USD,1.0
2023-05-26,1731.178732132588,USD,1.0
2023-05-30,1733.0233060433463,USD,1.0
2023-05-31,1727.0624917651442,USD,1.0
2023-06-01,1738.6850961669993,USD,1.0
2023-06-02,1753.5344490952218,USD,1.0
2023-06-05,1752.7312122845824,USD,1.0
2023-06-06,1754.0182911894135,USD,1.0
2023-06-07,1752.8065926068384,USD,1.0
2023-06-08,1759.6159138401142,USD,1.0
2023-06-09,1761.3339439966244,USD,1.0
2023-06-12,1772.7933954038467,USD,1.0
2023-06-13,1781.2622473211597,USD,1.0
2023-06-14,1783.7957794807276,USD,1.0
2023-06-15,1796.5619010833043,USD,1.0
2023-06-16,1794.182318319921,USD,1.0
2023-06-20,1794.9448448578398,USD,1.0
2023-06-21,1790.120966948397,USD,1.0
2023-06-22,1795.9296927209718,USD,1.0
2023-06-23,1785.94809401425,USD,1.0
2023-06-26,1779.894991602034,USD,1.0
2023-06-27,1793.5976744407042,USD,1.0
2023-06-28,1791.9441976742062,USD,1.0
2023-06-29,1798.0680638615895,USD,1.0
2023-06-30,1810.2045478111881,USD,1.0
2023-07-03,1810.6378133531452,USD,1.0
2023-07-05,1812.2318085853187,USD,1.0
2023-07-06,1808.064412291155,USD,1.0
2023-07-07,1805.494033771491,USD,1.0
2023-07-10,1809.0212842769286,USD,1.0
2023-07-11,1815.9727344054822,USD,1.0
2023-07-12,1823.891503658395,USD,1.0
2023-07-13,1830.7488232906765,USD,1.0
2023-07-14,1831.77548761583,USD,1.0
2023-07-17,1835.3358577880902,USD,1.0
2023-07-18,1836.2854609499016,USD,1.0
2023-07-19,1837.191408422966,USD,1.0
2023-07-20,1836.880979505327,USD,1.0
2023-07-21,1837.6129311001155,USD,1.0
2023-07-24,1843.8252050919439,USD,1.0
2023-07-25,1846.8542324342686,USD,1.0
2023-07-26,1849.378098964185,USD,1.0
2023-07-27,1841.145566408923,USD,1.0
2023-07-28,1855.8341414914,USD,1.0
2023-07-31,1858.8951398943004,USD,1.0
2023-08-01,1856.5397180965856,USD,1.0
2023-08-02,1835.8822218876246,USD,1.0
2023-08-03,1830.165168661307,USD,1.0
2023-08-04,1824.1790186116682,USD,1.0
2023-08-07,1834.9594715309627,USD,1.0
2023-08-08,1830.5331593956168,USD,1.0
2023-08-09,1820.7152093339816,USD,1.0
2023-08-10,1822.5810590005633,USD,1.0
2023-08-11,1821.5375770177518,USD,1.0
2023-08-14,1830.3882024995264,USD,1.0
2023-08-15,1812.7610340335211,USD,1.0
2023-08-16,1801.087526489364,USD,1.0
2023-08-17,1790.0756394219,USD,1.0
2023-08-18,1789.9995563168097,USD,1.0
2023-08-21,1798.2033149556394,USD,1.0
2023-08-22,1795.3779590988997,USD,1.0
2023-08-23,1806.2100458439638,USD,1.0
2023-08-24,1793.7285987809544,USD,1.0
2023-08-25,1802.0533894855746,USD,1.0
2023-08-28,1809.4500480732477,USD,1.0
2023-08-29,1817.7556509806375,USD,1.0
2023-08-30,1819.0374169084555,USD,1.0
2023-08-31,1820.108655544895,USD,1.0
2023-09-01,1821.5715914283337,USD,1.0
2023-09-05,1814.9948865813353,USD,1.0
2023-09-06,1804.8804320021607,USD,1.0
2023-09-07,1799.5309043278023,USD,1.0
2023-09-08,1801.3417132953828,USD,1.0
2023-09-11,1812.0054074721465,USD,1.0
2023-09-12,1802.6364012543786,USD,1.0
2023-09-13,1804.0307294978597,USD,1.0
2023-09-14,1818.128596090149,USD,1.0
2023-09-15,1798.0391159559817,USD,1.0
2023-09-18,1798.909179408914,USD,1.0
2023-09-19,1796.3281297779733,USD,1.0
2023-09-20,1785.7449408064062,USD,1.0
2023-09-21,1765.3100799864217,USD,1.0
2023-09-22,1761.7946872028117,USD,1.0
2023-09-25,1767.7292824413796,USD,1.0
2023-09-26,1750.5431180944438,USD,1.0
2023-09-27,1750.704535838952,USD,1.0
2023-09-28,1757.2250659873005,USD,1.0
2023-09-29,1752.8350134423667,USD,1.0
2023-10-02,1754.2681443268204,USD,1.0
2023-10-03,1744.3960384814527,USD,1.0
2023-10-04,1752.1964524073514,USD,1.0
2023-10-05,1752.654776156627,USD,1.0
2023-10-06,1762.4893011261663,USD,1.0
2023-10-09,1769.4627679144005,USD,1.0
2023-10-10,1773.373845839822,USD,1.0
2023-10-11,1774.3039114394517,USD,1.0
2023-10-12,1776.0744187339446,USD,1.0
2023-10-13,1776.0108534868075,USD,1.0
2023-10-16,1781.5879547721036,USD,1.0
2023-10-17,1784.1120592205614,USD,1.0
2023-10-18,1772.3610481961184,USD,1.0
2023-10-19,1767.8811267185467,USD,1.0
2023-10-20,1753.2098079133807,USD,1.0
2023-10-23,1747.7966561168319,USD,1.0
2023-10-24,1755.827147011572,USD,1.0
2023-10-25,1739.5078530291444,USD,1.0
2023-10-26,1725.7695214621285,USD,1.0
2023-10-27,1723.499288726185,USD,1.0
2023-10-30,1728.4522762347217,USD,1.0
2023-10-31,1732.1235602668062,USD,1.0
2023-11-01,1732.7682864828441,USD,1.0
2023-11-02,1731.5291888615152,USD,1.0
2023-11-03,1724.6313077395287,USD,1.0
2023-11-06,1726.8474913455073,USD,1.0
2023-11-07,1725.0601899604264,USD,1.0
2023-11-08,1725.714015133649,USD,1.0
2023-11-09,1727.693471704892,USD,1.0
2023-11-10,1721.4929431139299,USD,1.0
2023-11-13,1720.6523950028977,USD,1.0
2023-11-14,1737.3866835292597,USD,1.0
2023-11-15,1742.7598181916198,USD,1.0
2023-11-16,1742.6323841370047,USD,1.0
2023-11-17,1745.2783417329747,USD,1.0
2023-11-20,1748.1192627772377,USD,1.0
2023-11-21,1749.0686974284613,USD,1.0
2023-11-22,1748.7205428633888,USD,1.0
2023-11-24,1747.8710854411797,USD,1.0
2023-11-27,1745.7015492144042,USD,1.0
2023-11-28,1747.3738697343474,USD,1.0
2023-11-29,1746.397607980976,USD,1.0
2023-11-30,1752.666466873088,USD,1.0
2023-12-01,1760.1783756939042,USD,1.0
2023-12-04,1755.0590431190933,USD,1.0
2023-12-05,1754.5745495031795,USD,1.0
2023-12-06,1748.9986439439242,USD,1.0
2023-12-07,1760.4180402590462,USD,1.0
2023-12-08,1766.9529748122447,USD,1.0
2023-12-11,1772.2902784403655,USD,1.0
2023-12-12,1778.5100491276905,USD,1.0
2023-12-13,1792.2892326756676,USD,1.0
2023-12-14,1797.8811596196722,USD,1.0
2023-12-15,1796.2934883740263,USD,1.0
2023-12-18,1802.3491253741436,USD,1.0
2023-12-19,1804.213791647111,USD,1.0
2023-12-20,1803.1075010896466,USD,1.0
2023-12-21,1806.4933441575586,USD,1.0
2023-12-22,1807.517825258577,USD,1.0
2023-12-26,1812.6419217099065,USD,1.0
2023-12-27,1814.7077490259437,USD,1.0
2023-12-28,1815.9069695735657,USD,1.0
2023-12-29,1813.638844702498,USD,1.0
2024-01-02,1805.3856559888825,USD,1.0
2024-01-03,1793.8725146326203,USD,1.0
2024-01-04,1788.6811685785792,USD,1.0
2024-01-05,1789.421039669141,USD,1.0
2024-01-08,1803.993170566942,USD,1.0
2024-01-09,1803.2502680469393,USD,1.0
2024-01-10,1807.1295035237245,USD,1.0
2024-01-11,1808.3636311709913,USD,1.0
2024-01-12,1811.2415731648368,USD,1.0
2024-01-16,1809.3329108102184,USD,1.0
2024-01-17,1805.2988166615087,USD,1.0
2024-01-18,1815.6496278550867,USD,1.0
2024-01-19,1817.2653962369675,USD,1.0
2024-01-22,1820.1031280910436,USD,1.0
2024-01-23,1823.1169086881641,USD,1.0
2024-01-24,1826.488641835581,USD,1.0
2024-01-25,1832.7396832586785,USD,1.0
2024-01-26,1832.213009759905,USD,1.0
2024-01-29,1841.081897279135,USD,1.0
2024-01-30,1841.3948002336324,USD,1.0
2024-01-31,1822.524966518169,USD,1.0
2024-02-01,1839.9441532193089,USD,1.0
2024-02-02,1853.5745645978009,USD,1.0
2024-02-05,1848.4630759013555,USD,1.0
2024-02-06,1853.3481818142952,USD,1.0
2024-02-07,1864.4843145655168,USD,1.0
2024-02-08,1866.0034145471072,USD,1.0
2024-02-09,1874.623016486389,USD,1.0
2024-02-12,1876.130521428715,USD,1.0
2024-02-13,1856.7041401252052,USD,1.0
2024-02-14,1870.9087483239205,USD,1.0
2024-02-15,1881.997719980666,USD,1.0
2024-02-16,1875.6221947455656,USD,1.0
2024-02-20,1867.6584747023444,USD,1.0
2024-02-21,1868.701099531865,USD,1.0
2024-02-22,1897.5733999656543,USD,1.0
2024-02-23,1899.778375812468,USD,1.0
2024-02-26,1896.1570144351315,USD,1.0
2024-02-27,1898.5217473425719,USD,1.0
2024-02-28,1899.2716636523517,USD,1.0
2024-02-29,1904.7742359644726,USD,1.0
2024-03-01,1913.9512105711508,USD,1.0
2024-03-04,1912.8024183051882,USD,1.0
2024-03-05,1896.070548066018,USD,1.0
2024-03-06,1905.123367177649,USD,1.0
2024-03-07,1921.3715570164893,USD,1.0
2024-03-08,1912.4792888247114,USD,1.0
2024-03-11,1911.4417167191327,USD,1.0
2024-03-12,1930.4226831688104,USD,1.0
2024-03-13,1928.1064888608037,USD,1.0
2024-03-14,1925.2087370556314,USD,1.0
2024-03-15,1912.5998719126999,USD,1.0
2024-03-18,1919.7950304880842,USD,1.0
2024-03-19,1926.7646427420027,USD,1.0
2024-03-20,1934.416253665134,USD,1.0
2024-03-21,1938.7512105397777,USD,1.0
2024-03-22,1941.2055897168998,USD,1.0
2024-03-25,1940.6195582045884,USD,1.0
2024-03-26,1939.320532265509,USD,1.0
2024-03-27,1945.7616907391002,USD,1.0
2024-03-28,1947.6688324992422,USD,1.0
2024-04-01,1945.8749378615819,USD,1.0
2024-04-02,1936.202144948627,USD,1.0
2024-04-03,1937.973968093252,USD,1.0
2024-04-04,1919.1456388204815,USD,1.0
2024-04-05,1937.4459040362992,USD,1.0
2024-04-08,1936.83413793495,USD,1.0
2024-04-09,1938.2685698393057,USD,1.0
2024-04-10,1922.0858888271437,USD,1.0
2024-04-11,1934.4234766129257,USD,1.0
2024-04-12,1913.3802771371359,USD,1.0
2024-04-15,1898.8076099263126,USD,1.0
2024-04-16,1895.8808890878367,USD,1.0
2024-04-17,1887.218564277412,USD,1.0
2024-04-18,1883.9079325666783,USD,1.0
2024-04-19,1871.4481352707844,USD,1.0
2024-04-22,1881.469292639635,USD,1.0
2024-04-23,1898.6578474835571,USD,1.0
2024-04-24,1897.7725543370445,USD,1.0
2024-04-25,1891.8287174850318,USD,1.0
2024-04-26,1906.445465518351,USD,1.0
2024-04-29,1910.9900460712631,USD,1.0
2024-04-30,1889.9961744620855,USD,1.0
2024-05-01,1886.0084345297903,USD,1.0
2024-05-02,1899.3834683000528,USD,1.0
2024-05-03,1917.9155245929637,USD,1.0
2024-05-06,1929.9334432873454,USD,1.0
2024-05-07,1932.1690688500028,USD,1.0
2024-05-08,1933.8479132285097,USD,1.0
2024-05-09,1939.0994411554009,USD,1.0
2024-05-10,1940.2047805977193,USD,1.0
2024-05-13,1940.2744585688097,USD,1.0
2024-05-14,1946.9609106179246,USD,1.0
2024-05-15,1961.907230444082,USD,1.0
2024-05-16,1961.8475579964725,USD,1.0
2024-05-17,1964.6597111344722,USD,1.0
2024-05-20,1965.9966115389461,USD,1.0
2024-05-21,1968.8672452431215,USD,1.0
2024-05-22,1966.362941879188,USD,1.0
2024-05-23,1960.6666486935744,USD,1.0
2024-05-24,1972.5579537327562,USD,1.0
2024-05-28,1974.1241571381465,USD,1.0
2024-05-29,1962.57101378805,USD,1.0
2024-05-30,1950.8337127282057,USD,1.0
2024-05-31,1966.3907347495256,USD,1.0
2024-06-03,1967.857264880628,USD,1.0
2024-06-04,1970.197306105381,USD,1.0
2024-06-05,1990.8328769968107,USD,1.0
2024-06-06,1991.5093398728586,USD,1.0
2024-06-07,1989.6120963064468,USD,1.0
2024-06-10,1994.7882539750776,USD,1.0
2024-06-11,1999.0164187155333,USD,1.0
2024-06-12,2012.4341753449166,USD,1.0
2024-06-13,2016.933871976837,USD,1.0
2024-06-14,2019.7615525814726,USD,1.0
2024-06-17,2027.621444319726,USD,1.0
2024-06-18,2031.050164463204,USD,1.0
2024-06-20,2032.788755370501,USD,1.0
2024-06-21,2037.6888838214436,USD,1.0
2024-06-24,2033.1485969995797,USD,1.0
2024-06-25,2038.727867327313,USD,1.0
2024-06-26,2040.8709626716604,USD,1.0
2024-06-27,2043.4873996333695,USD,1.0
2024-06-28,2037.8566329060272,USD,1.0
2024-07-01,2040.8427309322024,USD,1.0
2024-07-02,2052.459765255369,USD,1.0
2024-07-03,2060.6809940531457,USD,1.0
2024-07-05,2072.4088045669905,USD,1.0
2024-07-08,2074.496234129132,USD,1.0
2024-07-09,2076.458378681918,USD,1.0
2024-07-10,2090.5814989784767,USD,1.0
2024-07-11,2079.1878230454568,USD,1.0
2024-07-12,2089.6527370208764,USD,1.0
2024-07-15,2094.5627864181834,USD,1.0
2024-07-16,2103.0685584992134,USD,1.0
2024-07-17,2083.5831714751025,USD,1.0
2024-07-18,2070.5178297677353,USD,1.0
2024-07-19,2058.815482143318,USD,1.0
2024-07-22,2071.382178833487,USD,1.0
2024-07-23,2070.4785589134653,USD,1.0
2024-07-24,2039.9666143742454,USD,1.0
2024-07-25,2032.1656051736802,USD,1.0
2024-07-26,2049.09725088561,USD,1.0
2024-07-29,2049.824612166746,USD,1.0
2024-07-30,2042.324469501424,USD,1.0
2024-07-31,2069.4402432964907,USD,1.0
2024-08-01,2047.7150588488591,USD,1.0
2024-08-02,2024.5858674394956,USD,1.0
2024-08-05,2003.566977690037,USD,1.0
2024-08-06,2006.0605051188538,USD,1.0
2024-08-07,1998.539708095541,USD,1.0
2024-08-08,2025.0328629158823,USD,1.0
2024-08-09,2029.0923036860443,USD,1.0
2024-08-12,2030.5687280721488,USD,1.0
2024-08-13,2047.4331558984784,USD,1.0
2024-08-14,2051.9527014580963,USD,1.0
2024-08-15,2056.695375360201,USD,1.0
2024-08-16,2057.9817856957834,USD,1.0
2024-08-19,2070.209125527288,USD,1.0
2024-08-20,2068.876206801228,USD,1.0
2024-08-21,2073.5765656837953,USD,1.0
2024-08-22,2065.1844432473863,USD,1.0
2024-08-23,2080.021547291401,USD,1.0
2024-08-26,2077.7999860472364,USD,1.0
2024-08-27,2080.6494350438147,USD,1.0
2024-08-28,2073.2915442643216,USD,1.0
2024-08-29,2076.217768343987,USD,1.0
2024-08-30,2093.9138194912607,USD,1.0
2024-09-03,2062.538341328271,USD,1.0
2024-09-04,2059.913915336933,USD,1.0
2024-09-05,2054.1923500393236,USD,1.0
2024-09-06,2026.8845813179814,USD,1.0
2024-09-09,2043.7175491861349,USD,1.0
2024-09-10,2050.9276144898677,USD,1.0
2024-09-11,2068.178374415802,USD,1.0
2024-09-12,2083.353009458267,USD,1.0
2024-09-13,2093.5131898392387,USD,1.0
2024-09-16,2096.26312317046,USD,1.0
2024-09-17,2096.7006735281116,USD,1.0
2024-09-18,2093.0359632103973,USD,1.0
2024-09-19,2117.8071041137173,USD,1.0
2024-09-20,2118.8154308108833,USD,1.0
2024-09-23,2123.0505773082405,USD,1.0
2024-09-24,2127.5663578382496,USD,1.0
2024-09-25,2126.84502751911,USD,1.0
2024-09-26,2132.6625035508146,USD,1.0
2024-09-27,2136.314870369804,USD,1.0
2024-09-30,2141.0130717691695,USD,1.0
2024-10-01,2131.450121320662,USD,1.0
2024-10-02,2132.341481267496,USD,1.0
2024-10-03,2131.222522914596,USD,1.0
2024-10-04,2144.5095238112626,USD,1.0
2024-10-07,2132.8559874083867,USD,1.0
2024-10-08,2147.461240395688,USD,1.0
2024-10-09,2157.792743176293,USD,1.0
2024-10-10,2156.504528325095,USD,1.0
2024-10-11,2167.62362908935,USD,1.0
2024-10-14,2177.256661878681,USD,1.0
2024-10-15,2168.029193741595,USD,1.0
2024-10-16,2175.0028456353134,USD,1.0
2024-10-17,2174.986303013479,USD,1.0
2024-10-18,2181.236046576495,USD,1.0
2024-10-21,2179.4135122936177,USD,1.0
2024-10-22,2178.896689496628,USD,1.0
2024-10-23,2163.888120870845,USD,1.0
2024-10-24,2167.8684941191514,USD,1.0
2024-10-25,2168.6973777869475,USD,1.0
2024-10-28,2172.002512873554,USD,1.0
2024-10-29,2173.4392349062196,USD,1.0
2024-10-30,2170.275523486991,USD,1.0
2024-10-31,2142.9043239997873,USD,1.0
2024-11-01,2153.0811149250653,USD,1.0
2024-11-04,2148.667063335663,USD,1.0
2024-11-05,2166.247157545601,USD,1.0
2024-11-06,2202.718751016521,USD,1.0
2024-11-07,2208.9995504290273,USD,1.0
2024-11-08,2210.496470184484,USD,1.0
2024-11-11,2212.526741522487,USD,1.0
2024-11-12,2207.9669069022293,USD,1.0
2024-11-13,2209.4454612223285,USD,1.0
2024-11-14,2197.577815412295,USD,1.0
2024-11-15,2174.176756006969,USD,1.0
2024-11-18,2180.835165681604,USD,1.0
2024-11-19,2188.8654543723374,USD,1.0
2024-11-20,2190.4035038412812,USD,1.0
2024-11-21,2200.8868684091876,USD,1.0
2024-11-22,2205.9635251420636,USD,1.0
2024-11-25,2211.205152410941,USD,1.0
2024-11-26,2219.7981391979065,USD,1.0
2024-11-27,2216.633382896862,USD,1.0
2024-11-29,2226.4973768142586,USD,1.0
2024-12-02,2229.7049604817166,USD,1.0
2024-12-03,2231.9104392458803,USD,1.0
2024-12-04,2240.9740061719167,USD,1.0
2024-12-05,2241.3325853078354,USD,1.0
2024-12-06,2247.4983200519096,USD,1.0
2024-12-09,2238.136307469146,USD,1.0
2024-12-10,2232.0165381668653,USD,1.0
2024-12-11,2248.0553609699023,USD,1.0
2024-12-12,2238.2767603837237,USD,1.0
2024-12-13,2237.9290573545413,USD,1.0
2024-12-16,2247.078989648232,USD,1.0
2024-12-17,2238.930373594144,USD,1.0
2024-12-18,2182.8893395246378,USD,1.0
2024-12-19,2183.57709441078,USD,1.0
2024-12-20,2202.7604970353477,USD,1.0
2024-12-23,2209.0628137799745,USD,1.0
2024-12-24,2222.999524537342,USD,1.0
2024-12-26,2223.9244723784027,USD,1.0
2024-12-27,2211.730178704623,USD,1.0
2024-12-30,2194.1202308155866,USD,1.0
2024-12-31,2187.5341265204506,USD,1.0
2025-01-02,2184.0900317978226,USD,1.0
2025-01-03,2204.319894968586,USD,1.0
2025-01-06,2212.439974563685,USD,1.0
2025-01-07,2197.891109332284,USD,1.0
2025-01-08,2201.235273684946,USD,1.0
2025-01-10,2178.762339622944,USD,1.0
2025-01-13,2179.7479456525652,USD,1.0
2025-01-14,2181.3208647143624,USD,1.0
2025-01-15,2209.7781718393685,USD,1.0
2025-01-16,2206.1495518894476,USD,1.0
2025-01-17,2225.4943325180316,USD,1.0
2025-01-21,2238.79044227603,USD,1.0
2025-01-22,2247.135985280129,USD,1.0
2025-01-23,2252.8286071649695,USD,1.0
2025-01-24,2252.0353460244214,USD,1.0
2025-01-27,2233.745268629728,USD,1.0
2025-01-28,2246.4275913045153,USD,1.0
2025-01-29,2240.6694931793195,USD,1.0
2025-01-30,2252.0198722616215,USD,1.0
2025-01-31,2243.897468776735,USD,1.0
2025-02-03,2234.5807743321006,USD,1.0
2025-02-04,2245.285915420962,USD,1.0
2025-02-05,2252.4154013397856,USD,1.0
2025-02-06,2258.367328833394,USD,1.0
2025-02-07,2245.6007256545304,USD,1.0
2025-02-10,2257.5348709311743,USD,1.0
2025-02-11,2259.4328458337445,USD,1.0
2025-02-12,2253.708375805445,USD,1.0
2025-02-13,2273.7439670520457,USD,1.0
2025-02-14,2274.3702127044367,USD,1.0
2025-02-18,2279.787959791701,USD,1.0
2025-02-19,2284.018022336091,USD,1.0
2025-02-20,2277.4712690069623,USD,1.0
2025-02-21,2246.5525117356183,USD,1.0
2025-02-24,2237.850992965036,USD,1.0
2025-02-25,2228.752037632778,USD,1.0
2025-02-26,2228.870731187229,USD,1.0
2025-02-27,2201.384660947556,USD,1.0
2025-02-28,2228.4556253718815,USD,1.0
2025-03-03,2205.1941126139664,USD,1.0
2025-03-04,2188.5393042711753,USD,1.0
2025-03-05,2203.9700848345105,USD,1.0
2025-03-06,2179.349506124292,USD,1.0
2025-03-07,2185.8758409478214,USD,1.0
2025-03-10,2148.5586159935533,USD,1.0
2025-03-11,2135.9699364113817,USD,1.0
2025-03-12,2139.381009651913,USD,1.0
2025-03-13,2122.006104136851,USD,1.0
2025-03-14,2146.762850569786,USD,1.0
2025-03-17,2154.8714061087803,USD,1.0
2025-03-18,2146.0198159730044,USD,1.0
2025-03-19,2157.660913304814,USD,1.0
2025-03-20,2155.9344929077574,USD,1.0
2025-03-21,2157.9370288286564,USD,1.0
2025-03-24,2168.8119431324662,USD,1.0
2025-03-25,2171.481717532017,USD,1.0
2025-03-26,2167.4555878806054,USD,1.0
2025-03-27,2167.557708900359,USD,1.0
2025-03-28,2146.979325670887,USD,1.0
2025-03-31,2152.6639951405155,USD,1.0
2025-04-01,2154.0790252797437,USD,1.0
2025-04-02,2155.2574106639877,USD,1.0
2025-04-03,2134.703742922998,USD,1.0
2025-04-04,2108.114204375609,USD,1.0
2025-04-07,2114.091746002428,USD,1.0
2025-04-08,2105.9864229959016,USD,1.0
2025-04-09,2174.700879802247,USD,1.0
2025-04-10,2136.9363087196243,USD,1.0
2025-04-11,2149.6790149499157,USD,1.0
2025-04-14,2153.6116505781174,USD,1.0
2025-04-15,2157.664544565882,USD,1.0
2025-04-16,2155.8960105414335,USD,1.0
2025-04-17,2158.0953040216905,USD,1.0
2025-04-21,2150.5340105691007,USD,1.0
2025-04-22,2164.004245233929,USD,1.0
2025-04-23,2170.1939593521297,USD,1.0
2025-04-24,2176.160564758041,USD,1.0
2025-04-25,2176.509464051296,USD,1.0
2025-04-28,2177.8363303189735,USD,1.0
2025-04-29,2183.2553478340833,USD,1.0
2025-04-30,2185.7271785098637,USD,1.0
2025-05-01,2188.1375354866627,USD,1.0
2025-05-02,2192.836354267728,USD,1.0
2025-05-05,2195.26021861583,USD,1.0
2025-05-06,2197.32341833484,USD,1.0
2025-05-07,2201.259244392142,USD,1.0
2025-05-08,2204.6668173966964,USD,1.0
2025-05-09,2210.197652026971,USD,1.0
2025-05-12,2218.9377449003714,USD,1.0
2025-05-13,2218.208532049316,USD,1.0
2025-05-14,2219.7319303359536,USD,1.0
2025-05-15,2219.9854432209863,USD,1.0
2025-05-16,2220.1499267919226,USD,1.0
2025-05-19,2220.764542534407,USD,1.0
2025-05-20,2223.2216460537356,USD,1.0
2025-05-21,2231.6446885530136,USD,1.0
2025-05-22,2234.8564316837137,USD,1.0
2025-05-23,2245.2438784637607,USD,1.0
2025-05-27,2260.963724240011,USD,1.0
2025-05-28,2258.0602528585464,USD,1.0
2025-05-29,2262.854178430862,USD,1.0
2025-05-30,2264.698923785967,USD,1.0
2025-06-02,2269.1800616576957,USD,1.0
2025-06-03,2272.22392027557,USD,1.0
2025-06-04,2273.386949378601,USD,1.0
2025-06-05,2275.5288639703144,USD,1.0
2025-06-06,2276.598102567291,USD,1.0
2025-06-09,2278.590066413547,USD,1.0
2025-06-10,2286.5252662953203,USD,1.0
2025-06-11,2284.2558556331514,USD,1.0
2025-06-12,2291.1889308889877,USD,1.0
2025-06-13,2277.9575504893373,USD,1.0
2025-06-16,2291.781421634415,USD,1.0
2025-06-17,2279.3551855634832,USD,1.0
2025-06-18,2278.465601749084,USD,1.0
2025-06-20,2274.8135839609286,USD,1.0
2025-06-23,2284.581013014265,USD,1.0
2025-06-24,2289.7643191304614,USD,1.0
2025-06-25,2291.5633986654193,USD,1.0
2025-06-26,2294.8889515278006,USD,1.0
2025-06-27,2297.7529853236574,USD,1.0
2025-06-30,2297.893372984019,USD,1.0
2025-07-01,2299.206627290752,USD,1.0
2025-07-02,2296.2093491072887,USD,1.0
2025-07-03,2295.57664574663,USD,1.0
2025-07-07,2284.8117342354576,USD,1.0
2025-07-08,2282.831261557155,USD,1.0
2025-07-09,2292.6293822005264,USD,1.0
2025-07-10,2297.5606778379215,USD,1.0
2025-07-11,2292.429673555709,USD,1.0
2025-07-14,2296.5913190911583,USD,1.0
2025-07-15,2288.6982395362193,USD,1.0
2025-07-16,2295.27548902436,USD,1.0
2025-07-17,2306.2561936567226,USD,1.0
2025-07-18,2304.726557156862,USD,1.0
2025-07-21,2307.733627855129,USD,1.0
2025-07-22,2308.7667116185676,USD,1.0
2025-07-23,2319.6860273824195,USD,1.0
2025-07-24,2320.5108662216116,USD,1.0
2025-07-25,2326.8783864258426,USD,1.0
2025-07-28,2327.1136863153993,USD,1.0
2025-07-29,2325.933587799679,USD,1.0
2025-07-30,2325.2424807988527,USD,1.0
2025-07-31,2320.58690398625,USD,1.0
2025-08-01,2293.100388571408,USD,1.0
2025-08-04,2311.243715733646,USD,1.0
2025-08-05,2306.3839330133455,USD,1.0
2025-08-06,2315.48495058724,USD,1.0
2025-08-07,2315.036631803459,USD,1.0
2025-08-08,2322.752788126793,USD,1.0
2025-08-11,2322.0417395985874,USD,1.0
2025-08-12,2327.5351595400225,USD,1.0
2025-08-13,2328.442804136478,USD,1.0
2025-08-14,2329.1779353783795,USD,1.0
2025-08-15,2331.0766643581583,USD,1.0
2025-08-18,2330.926179477693,USD,1.0
2025-08-19,2321.8024295963746,USD,1.0
2025-08-20,2317.1036716894546,USD,1.0
2025-08-21,2309.4624588908696,USD,1.0
2025-08-22,2338.158312079139,USD,1.0
2025-08-25,2329.9351937380716,USD,1.0
2025-08-26,2338.7490359902013,USD,1.0
2025-08-27,2343.319077700018,USD,1.0
2025-08-28,2350.914317602922,USD,1.0
2025-08-29,2338.7519316639036,USD,1.0
2025-09-02,2325.741085950334,USD,1.0
2025-09-03,2336.217979170806,USD,1.0
2025-09-04,2351.561054926719,USD,1.0
2025-09-05,2347.477285512925,USD,1.0
2025-09-08,2352.3952873848716,USD,1.0
2025-09-09,2357.387395980692,USD,1.0
2025-09-10,2363.778246794069,USD,1.0
2025-09-11,2379.0241991628777,USD,1.0
2025-09-12,2382.6025521868714,USD,1.0
2025-09-15,2393.1653390583247,USD,1.0
2025-09-16,2391.023345429886,USD,1.0
2025-09-17,2388.5172286699285,USD,1.0
2025-09-18,2399.2028334386955,USD,1.0
2025-09-19,2410.6047593886406,USD,1.0
2025-09-22,2419.807145423558,USD,1.0
2025-09-23,2413.0247750681297,USD,1.0
2025-09-24,2406.861045709052,USD,1.0
2025-09-25,2396.959320758923,USD,1.0
2025-09-26,2406.943485858461,USD,1.0
2025-09-29,2413.252316329307,USD,1.0
2025-09-30,2420.0109672140575,USD,1.0
2025-10-01,2425.724855772795,USD,1.0
2025-10-02,2429.089746842348,USD,1.0
2025-10-03,2430.6676443721517,USD,1.0
2025-10-06,2437.341531979985,USD,1.0
2025-10-07,2433.5137336885787,USD,1.0
2025-10-08,2444.267072134267,USD,1.0
2025-10-09,2441.15338447459,USD,1.0
2025-10-10,2392.396490061879,USD,1.0
2025-10-13,2410.8162154265447,USD,1.0
2025-10-14,2410.4619058560243,USD,1.0
2025-10-15,2415.241409276556,USD,1.0
2025-10-16,2411.592623507344,USD,1.0
2025-10-17,2417.330356894021,USD,1.0
2025-10-20,2425.8420608465494,USD,1.0
2025-10-21,2427.7900250101457,USD,1.0
2025-10-22,2427.5694753927164,USD,1.0
2025-10-23,2431.0230582098075,USD,1.0
2025-10-24,2430.8120209668537,USD,1.0
2025-10-27,2448.74281514466,USD,1.0
2025-10-28,2452.4606541569206,USD,1.0
2025-10-29,2453.292793413707,USD,1.0
2025-10-30,2440.618792542955,USD,1.0
2025-10-31,2449.135577992551,USD,1.0
2025-11-03,2454.4891228810848,USD,1.0
2025-11-04,2431.848840262446,USD,1.0
2025-11-05,2437.8384986481788,USD,1.0
2025-11-06,2416.079327652667,USD,1.0
2025-11-07,2417.6459801219826,USD,1.0
2025-11-10,2438.964516311568,USD,1.0
2025-11-11,2443.34981848079,USD,1.0
2025-11-12,2444.3611907118275,USD,1.0
2025-11-13,2423.964926230335,USD,1.0
2025-11-14,2425.1137229511073,USD,1.0
2025-11-17,2410.932686181614,USD,1.0
2025-11-18,2396.7770955208475,USD,1.0
2025-11-19,2403.6407222977864,USD,1.0
2025-11-20,2376.451542814358,USD,1.0
2025-11-21,2393.066602824051,USD,1.0
2025-11-24,2410.4493073949743,USD,1.0
2025-11-25,2421.059311667159,USD,1.0
2025-11-26,2426.032572201559,USD,1.0
2025-11-28,2429.0088934887985,USD,1.0
2025-12-01,2429.214544087175,USD,1.0
2025-12-02,2431.378586851119,USD,1.0
2025-12-03,2432.9740170436276,USD,1.0
2025-12-04,2430.0530947733873,USD,1.0
2025-12-05,2432.7606545549884,USD,1.0
2025-12-08,2427.7208085039547,USD,1.0
2025-12-09,2426.8935303644244,USD,1.0
2025-12-10,2439.774660058253,USD,1.0
2025-12-11,2445.2150162985477,USD,1.0
2025-12-12,2423.433094082487,USD,1.0
2025-12-15,2420.218856330743,USD,1.0
2025-12-16,2414.0040132796644,USD,1.0
2025-12-17,2390.599728717557,USD,1.0
2025-12-18,2405.3506469271742,USD,1.0
2025-12-19,2423.694404344174,USD,1.0
2025-12-22,2434.2134926243716,USD,1.0
2025-12-23,2442.554230875004,USD,1.0
2025-12-24,2448.383420434353,USD,1.0
2025-12-26,2449.7407547867074,USD,1.0
2025-12-29,2444.616669121179,USD,1.0
2025-12-30,2443.251454858235,USD,1.0
2025-12-31,2429.0330018188856,USD,1.0
2026-01-02,2432.3912626235265,USD,1.0
2026-01-05,2443.969391175518,USD,1.0
2026-01-06,2452.419525964573,USD,1.0
2026-01-07,2449.8715776652825,USD,1.0
2026-01-08,2449.6728872365143,USD,1.0
2026-01-09,2459.5749819534954,USD,1.0
2026-01-12,2462.1333913488393,USD,1.0
2026-01-13,2462.7385482816553,USD,1.0
2026-01-14,2457.1222522458957,USD,1.0
2026-01-15,2462.73512507029,USD,1.0
2026-01-16,2461.7877341394687,USD,1.0
2026-01-20,2426.5437398704535,USD,1.0
2026-01-21,2445.3746848154856,USD,1.0
2026-01-22,2454.925206123153,USD,1.0
2026-01-23,2456.6616130812213,USD,1.0
2026-01-26,2467.4038633307573,USD,1.0
2026-01-27,2475.9414191366645,USD,1.0
2026-01-28,2476.5645636454533,USD,1.0
2026-01-29,2473.1614079265228,USD,1.0
2026-01-30,2467.4739234106933,USD,1.0
2026-02-02,2476.0465643600187,USD,1.0
2026-02-03,2462.353026358254,USD,1.0
2026-02-04,2453.8723461352647,USD,1.0
2026-02-05,2432.2202969770437,USD,1.0
2026-02-06,2467.3945440173225,USD,1.0
2026-02-09,2476.6062855978703,USD,1.0
2026-02-10,2472.1444437045975,USD,1.0
2026-02-11,2471.259690113507,USD,1.0
2026-02-12,2441.582761956006,USD,1.0
2026-02-13,2443.3504917317964,USD,1.0
2026-02-17,2446.2408728296,USD,1.0
2026-02-18,2454.5256643445355,USD,1.0
2026-02-19,2452.227567706077,USD,1.0
2026-02-20,2463.932923110454,USD,1.0
2026-02-23,2451.6685337044305,USD,1.0
2026-02-24,2463.9294475268216,USD,1.0
2026-02-25,2475.4049831082716,USD,1.0
2026-02-26,2471.6225546156725,USD,1.0
2026-02-27,2463.6032012828764,USD,1.0
2026-03-02,2466.791252540038,USD,1.0
2026-03-03,2453.603231006765,USD,1.0
2026-03-04,2465.056202332961,USD,1.0
2026-03-05,2457.72325404914,USD,1.0
2026-03-06,2440.217467997791,USD,1.0
2026-03-09,2451.8546727028624,USD,1.0
2026-03-10,2450.4028508455294,USD,1.0
2026-03-11,2445.669375329022,USD,1.0
2026-03-12,2419.7313746805858,USD,1.0
2026-03-13,2409.3636974228316,USD,1.0
2026-03-16,2422.788217538833,USD,1.0
2026-03-17,2427.29214390683,USD,1.0
2026-03-18,2414.0657346580756,USD,1.0
2026-03-19,2412.182005381871,USD,1.0
2026-03-20,2394.5482772732876,USD,1.0
2026-03-23,2405.3742333672067,USD,1.0
2026-03-24,2401.9974536020886,USD,1.0
2026-03-25,2409.0501163366516,USD,1.0
2026-03-26,2385.906573667309,USD,1.0
2026-03-27,2367.4293448126627,USD,1.0
2026-03-30,2370.058498263677,USD,1.0
2026-03-31,2378.494565009936,USD,1.0
2026-04-01,2377.923256388476,USD,1.0
2026-04-02,2380.546352258228,USD,1.0
2026-04-06,2381.857978359328,USD,1.0
2026-04-07,2381.124413942055,USD,1.0
2026-04-08,2367.9152236529453,USD,1.0
2026-04-09,2362.0018810139354,USD,1.0
2026-04-10,2362.834966654655,USD,1.0
2026-04-13,2372.0115667309506,USD,1.0
2026-04-14,2381.001683789773,USD,1.0
2026-04-15,2386.295054250361,USD,1.0
2026-04-16,2388.3331755230547,USD,1.0
2026-04-17,2389.988684372158,USD,1.0
2026-04-20,2391.381558052284,USD,1.0
2026-04-21,2392.5706996594704,USD,1.0
2026-04-22,2393.5508838333267,USD,1.0
2026-04-23,2395.5990077035704,USD,1.0
2026-04-24,2394.3486311249517,USD,1.0
2026-04-27,2397.81794914746,USD,1.0
2026-04-28,2390.351546217739,USD,1.0
2026-04-29,2390.75747862433,USD,1.0
2026-04-30,2407.915337046634,USD,1.0
2026-05-01,2413.424653049487,USD,1.0
2026-05-04,2409.7346797707464,USD,1.0
2026-05-05,2424.2045991042974,USD,1.0
2026-05-06,2434.8540164663323,USD,1.0
2026-05-07,2435.622101784487,USD,1.0
2026-05-08,2437.792791672761,USD,1.0
2026-05-11,2442.68026324917,USD,1.0
2026-05-12,2441.409344326127,USD,1.0
2026-05-13,2450.724347784393,USD,1.0
2026-05-14,2461.086247259687,USD,1.0
2026-05-15,2445.8227992658453,USD,1.0
2026-05-18,2445.0033886308206,USD,1.0
2026-05-19,2433.3611688293227,USD,1.0
2026-05-20,2453.9666022903075,USD,1.0
2026-05-21,2458.3140339036136,USD,1.0
2026-05-22,2468.427020443949,USD,1.0
2026-05-26,2481.5666764360217,USD,1.0
2026-05-27,2482.4917800513313,USD,1.0
2026-05-28,2492.117614492903,USD,1.0
2026-05-29,2497.3401342213115,USD,1.0
2026-06-01,2503.9304164209566,USD,1.0
2026-06-02,2507.9343070504665,USD,1.0
2026-06-03,2498.137214118511,USD,1.0
2026-06-04,2506.5610020082463,USD,1.0
2026-06-05,2450.400356193823,USD,1.0
2026-06-08,2454.7458780022816,USD,1.0
2026-06-09,2450.0967244235944,USD,1.0
2026-06-10,2421.6481644889186,USD,1.0
2026-06-11,2452.5771980313293,USD,1.0
2026-06-12,2464.6906675762343,USD,1.0
2026-06-15,2490.2088461820645,USD,1.0
2026-06-16,2485.460164939042,USD,1.0
2026-06-17,2464.968737090636,USD,1.0
2026-06-18,2488.47119879075,USD,1.0
2026-06-22,2483.934645348492,USD,1.0
2026-06-23,2458.1720832318933,USD,1.0
2026-06-24,2456.3810908758564,USD,1.0
2026-06-25,2458.7961482454834,USD,1.0
2026-06-26,2442.7218541975963,USD,1.0
2026-06-29,2474.454920208232,USD,1.0
2026-06-30,2490.1160753998056,USD,1.0
2026-07-01,2486.8731428931155,USD,1.0
2026-07-02,2483.959278138317,USD,1.0
2026-07-06,2498.661214498313,USD,1.0
2026-07-07,2492.4488607100866,USD,1.0
2026-07-08,2487.6190195497215,USD,1.0
2026-07-09,2502.705627902813,USD,1.0
2026-07-10,2510.2910551552154,USD,1.0
2026-07-13,2498.374344247299,USD,1.0
2026-07-14,2505.823919097886,USD,1.0
2026-07-15,2513.8855756463154,USD,1.0
2026-07-16,2504.118540241732,USD,1.0
2026-07-17,2484.9126901140507,USD,1.0
2026-07-20,2482.32765805363,USD,1.0
2026-07-21,2495.5140569292907,USD,1.0
2026-07-22,2495.3726959619567,USD,1.0
2026-07-23,2475.2437880446455,USD,1.0
2026-07-24,2477.1408919519768,USD,1.0
2026-07-27,2476.186113167198,USD,1.0
2026-07-28,2480.3815400227013,USD,1.0
2026-07-29,2451.7088898929605,USD,1.0
2026-07-30,2482.0855660403145,USD,1.0
2026-07-31,2496.420955476758,USD,1.0
2026-08-03,2517.273109543789,USD,1.0
2026-08-04,2528.5384909322142,USD,1.0
2026-08-05,2528.138937609282,USD,1.0
2026-08-06,2530.42757774536,USD,1.0
2026-08-07,2534.879617507335,USD,1.0
2026-08-10,2536.405596505347,USD,1.0
2026-08-11,2537.442350599394,USD,1.0
2026-08-12,2538.392780975131,USD,1.0
