[2026-08-24 09:17:38,822] [merq.config] [INFO] [56923] MERQ_ENV: None
[2026-08-24 09:17:38,822] [merq.config] [INFO] [56923] MERQ_TEMPLATED_DAG: None
[2026-08-24 09:17:38,822] [merq.config] [INFO] [56923] Running environment: production
[2026-08-24 09:17:38,822] [merq.config] [INFO] [56923] is_prod_env() evaluated to False
/Users/luomengzhou/Projects/dev-put-harvesting/python/merq/util/corax_util.py:210: FutureWarning: The default dtype for empty Series will be 'object' instead of 'float64' in a future version. Specify a dtype explicitly to silence this warning.
  raw_data = pd.Series()  # used to hold on to the raw event for populating the corax data collection
/Users/luomengzhou/Library/Caches/pypoetry/virtualenvs/merq-YPsgvTkp-py3.10/lib/python3.10/site-packages/fastapi/applications.py:18: StarletteDeprecationWarning: 'HTTP_422_UNPROCESSABLE_ENTITY' is deprecated. Use 'HTTP_422_UNPROCESSABLE_CONTENT' instead.
  from fastapi.exception_handlers import (
/Users/luomengzhou/Library/Caches/pypoetry/virtualenvs/merq-YPsgvTkp-py3.10/lib/python3.10/site-packages/fastapi/applications.py:30: StarletteDeprecationWarning: 'HTTP_422_UNPROCESSABLE_ENTITY' is deprecated. Use 'HTTP_422_UNPROCESSABLE_CONTENT' instead.
  from fastapi.openapi.utils import get_openapi
/Users/luomengzhou/Projects/dev-put-harvesting/python/merq/indices/merqube/options/datatypes/custom_option_pricer.py:84: UserWarning: Field name "adjusted_price" in "CustomOptionPrice" shadows an attribute in parent "BasePrice"
  class CustomOptionPrice(BasePrice):
/Users/luomengzhou/Library/Caches/pypoetry/virtualenvs/merq-YPsgvTkp-py3.10/lib/python3.10/site-packages/pydantic/_internal/_generate_schema.py:2249: UnsupportedFieldAttributeWarning: The 'default' attribute with value None was provided to the `Field()` function, which has no effect in the context it was used. 'default' is field-specific metadata, and can only be attached to a model field using `Annotated` metadata or by assignment. This may have happened because an `Annotated` type alias using the `type` statement was used, or if the `Field()` function was attached to a single member of a union type.
  warnings.warn(
/Users/luomengzhou/Library/Caches/pypoetry/virtualenvs/merq-YPsgvTkp-py3.10/lib/python3.10/site-packages/pydantic/_internal/_generate_schema.py:2249: UnsupportedFieldAttributeWarning: The 'validate_default' attribute with value True was provided to the `Field()` function, which has no effect in the context it was used. 'validate_default' is field-specific metadata, and can only be attached to a model field using `Annotated` metadata or by assignment. This may have happened because an `Annotated` type alias using the `type` statement was used, or if the `Field()` function was attached to a single member of a union type.
  warnings.warn(
[2026-08-24 09:17:40,262] [merqutil.auth_web] [DEBUG] [56923] Creating new session for prefix_url: None
[2026-08-24 09:17:40,262] [merqutil.auth_web] [DEBUG] [56923] No explicit api key or username_password passed, Looking for `apikey` in credentials file
[2026-08-24 09:17:40,262] [merqutil.secrets] [DEBUG] [56923] File /Users/luomengzhou/.merq_creds will be read as secret.
[2026-08-24 09:17:40,262] [merqutil.auth_web] [DEBUG] [56923] APIKey not found in creds file, will fall back to oauth
[2026-08-24 09:17:40,262] [merqutil.auth_web] [DEBUG] [56923] Trying to make oauth session
[2026-08-24 09:17:40,262] [merqutil.secrets] [DEBUG] [56923] File /Users/luomengzhou/.merq_creds will be read as secret.
[2026-08-24 09:17:40,262] [merqutil.auth_web] [WARNING] [56923] User session not possible, falling back to machine session
[2026-08-24 09:17:40,262] [merqutil.secrets] [DEBUG] [56923] Fetching secret machine_api_keys from AWS (non-cached)
[2026-08-24 09:17:40,398] [merqutil.holidays] [DEBUG] [56923] Forming calendar with mics: ['XNYS'], futures roots: [], mqi indices: [], and overlays: []
[2026-08-24 09:17:40,398] [merqube_client_lib.session] [DEBUG] [56923] Performing GET on https://api.merqube.com/security
[2026-08-24 09:17:40,491] [merqube_client_lib.session] [DEBUG] [56923] Performing GET on https://api.merqube.com/security/exchange?metrics=closed.edi,closed.factset,closed.override,closed.merq&names=XNYS&ids=&start_date=1948-01-01T00:00:00&end_date=2202-12-31T00:00:00
[2026-08-24 09:17:41,007] [merq.merq_platform.api.indices.multi_asset.multi_asset_base_index] [DEBUG] [56923] Successfully initialized OptionStrategiesIndex unknown
[2026-08-24 09:17:41,009] [merq.merq_platform.api.indices.multi_asset.multi_asset_base_index] [DEBUG] [56923] Loaded in portfolio for date 2024-06-20 00:00:00
[2026-08-24 09:17:41,009] [merq.merq_platform.api.indices.multi_asset.multi_asset_base_index] [INFO] [56923] Computed index level for 2024-06-21 00:00:00 as 1000.0
[2026-08-24 09:17:41,148] [merqutil.files] [DEBUG] [56923] s3://platform-dcs/rebal_info/index_id=unknown/rebal_info.csv.gz exists
[2026-08-24 09:17:41,317] [merqutil.s3] [DEBUG] [56923] Syncing platform-dcs:rebal_info/index_id=unknown/rebal_info.csv.gz to /tmp/dc_cache/rebal_info/index_id=unknown and full name /tmp/dc_cache/rebal_info/index_id=unknown/rebal_info.csv.gz
[2026-08-24 09:17:41,389] [merq.mapping.mapping] [DEBUG] [56923] populating 1 entries in the price cache from the DB date=Timestamp('2024-06-21 00:00:00')
[2026-08-24 09:17:41,389] [merqutil.secrets] [DEBUG] [56923] File /Users/luomengzhou/.merq_creds will be read as secret.
[2026-08-24 09:17:41,389] [merqutil.db] [WARNING] [56923] Credentials are not configured in /Users/luomengzhou/.merq_creds.
Please explicitly set credentials. Using default credentials for compatibility.
Deprecation Warning: Default credentials will be removed in a later version.
[2026-08-24 09:17:41,389] [merqutil.secrets] [DEBUG] [56923] Fetching secret db/db1/admin from AWS (non-cached)
[2026-08-24 09:17:41,521] [merqutil.db] [INFO] [56923] creating engine for db1.mapping
[2026-08-24 09:17:41,832] [merqutil.db] [INFO] [56923] creating engine for secret db/ivol-mdb/admin
[2026-08-24 09:17:41,832] [merqutil.secrets] [DEBUG] [56923] File /Users/luomengzhou/.merq_creds will be read as secret.
[2026-08-24 09:17:41,832] [merqutil.secrets] [DEBUG] [56923] Fetching secret db/ivol-mdb/admin from AWS (non-cached)
[2026-08-24 09:17:42,099] [merqutil.db] [INFO] [56923] Engine successfully created for db/ivol-mdb/admin.ivol_mdb at ivol-mdb.aws.merqurian.com
[2026-08-24 09:17:42,345] [merq.merq_platform.impl.services.options.ivol_utils] [DEBUG] [56923] Getting external id for <class 'merq.merq_platform.api.components.identifiers.merq_equity_id.MerqEquityListingId'> with 1 ids.
[2026-08-24 09:17:42,345] [merqutil.db] [INFO] [56923] creating engine for secret db/db1/equities
[2026-08-24 09:17:42,345] [merqutil.secrets] [DEBUG] [56923] File /Users/luomengzhou/.merq_creds will be read as secret.
[2026-08-24 09:17:42,345] [merqutil.secrets] [DEBUG] [56923] Fetching secret db/db1/equities from AWS (non-cached)
[2026-08-24 09:17:42,474] [merqutil.db] [INFO] [56923] Engine successfully created for db/db1/equities.None at db1-proxy.aws.merqurian.com
[2026-08-24 09:17:42,629] [merqutil.db] [DEBUG] [56923] : running sql

                SELECT cvg.fsym_security_id, -- -S fsym id
                    tr.ticker_region,
                    tr.start_date,
                    tr.end_date
                  FROM fds.sym_v1_sym_coverage cvg
                  JOIN fds.sym_v1_sym_ticker_region_hist tr
                    ON tr.fsym_id = cvg.fsym_id -- join by regional -R fsym id
                 WHERE cvg.fsym_security_id IN ('LY6WH5-S')
                 ORDER BY tr.start_date
            
[2026-08-24 09:17:42,643] [merqutil.db] [INFO] [56923] 7 rows selected in 0.0138289590831846 s
[2026-08-24 09:17:42,671] [merqutil.db] [DEBUG] [56923] : running sql

                SELECT cvg.fsym_security_id, -- -S fsym id
                    tr.ticker_region,
                    tr.start_date,
                    tr.end_date
                  FROM fds.sym_v1_sym_coverage cvg
                  JOIN mapping.fds_ticker_region_overrides tr
                    ON tr.fsym_id = cvg.fsym_id -- join by regional -R fsym id
                 WHERE cvg.fsym_security_id IN ('LY6WH5-S')
                 ORDER BY tr.start_date
            
[2026-08-24 09:17:42,685] [merqutil.db] [INFO] [56923] 0 rows selected in 0.0138198749627918 s
[2026-08-24 09:17:42,699] [merqutil.db] [DEBUG] [56923] : running sql

        SELECT
            REPLACE(ss.symbol, '/', '.') AS symbol,
            s.region_id,
            e.mic
        FROM ivol.stock_symbol ss
        JOIN ivol.stock s
            ON s.stock_id = ss.stock_id
        LEFT JOIN ivol.exchange e
            ON e.exchange_id = ss.exchange_id
        WHERE (replace(ss.symbol, '/', '.'), s.region_id) in (('SPY', 1)) AND
            '2024-06-21 00:00:00' between ss.t_date and ss.term_date
    
[2026-08-24 09:17:42,731] [merqutil.db] [INFO] [56923] 1 rows selected in 0.03189358301460743 s
[2026-08-24 09:17:42,732] [merqutil.db] [DEBUG] [56923] Fetching contracts from ivol: : running sql

            SELECT
                ov.t_date,
                ss.stock_id,
                replace(ss.symbol, '/', '.') as symbol,
                ss.exchange_id,
                s.region_id,
                se.mic as underlier_mic,
                e.mic as option_mic,
                ov.root,
                ov.expiration_date,
                ov.strike,
                ov.call_put
            FROM ivol.stock_symbol ss
            JOIN ivol.stock s
                ON (
                    s.stock_id = ss.stock_id
                )
            JOIN ivol.root_property rp
                ON
                    rp.stock_id = ss.stock_id
            JOIN ivol.exchange e
                ON  (
                    e.exchange_id = rp.exchange_id
                )
            LEFT JOIN ivol.exchange se
                ON  (
                    se.exchange_id = ss.exchange_id
                )
            JOIN ivol.option_value ov
                ON  (
                    ov.stock_id = ss.stock_id
                    AND ov.root_id = rp.root_id
                )
            WHERE ov.t_date = '2024-06-21 00:00:00' AND
                (REPLACE(ss.symbol, '/', '.'), COALESCE(se.mic, 'NA')) IN (('SPY', 'ARCX')) AND
                '2024-06-21 00:00:00' BETWEEN ss.t_date AND ss.term_date AND
                '2024-06-21 00:00:00' BETWEEN rp.t_date AND rp.term_date AND
                ov.call_put = 'C' AND
                ov.expiration_date >= '2024-09-20 00:00:00' AND
                ov.expiration_date <= '2024-09-22 00:00:00' AND
                rp.is_enabled = TRUE
        
[2026-08-24 09:17:42,753] [merqutil.db] [INFO] [56923] Fetching contracts from ivol: 111 rows selected in 0.021213083993643522 s
[2026-08-24 09:17:42,766] [merqutil.db] [DEBUG] [56923] : running sql

        SELECT option_parent_mic
        FROM exchange.merq_exchange
        WHERE mic = 'XCBO'
    
[2026-08-24 09:17:42,781] [merqutil.db] [INFO] [56923] 1 rows selected in 0.015088791958987713 s
[2026-08-24 09:17:42,804] [merqutil.db] [DEBUG] [56923] : running sql

            SELECT
                rp.symbol, e.mic
            FROM ivol.root_property rp
            JOIN ivol.exchange e
                ON e.exchange_id = rp.exchange_id
            JOIN ivol.stock s
                ON s.stock_id = rp.stock_id
            WHERE rp.symbol in ('SPY')
                AND rp.t_date <= '2024-06-30 00:00:00' AND rp.term_date >= '2024-06-01 00:00:00'
                AND s.region_id = 1;
        
[2026-08-24 09:17:42,817] [merqutil.db] [INFO] [56923] 1 rows selected in 0.013171874918043613 s
[2026-08-24 09:17:42,818] [merqutil.db] [DEBUG] [56923] : running sql

            SELECT
                ov.t_date,
                ov.root, ov.expiration_date, ov.strike, ov.call_put, e.mic,
                ov.open, ov.high, ov.low, ov.close,
                ov.bid, ov.ask, ov.final_price as price, ov.open_interest, ov.volume, ov.shift,
                ov.iv, ov.delta, ov.gamma, ov.theta, ov.vega, ov.rho, ov.is_interpolated, ov.status,
                s.currency
            FROM ivol.root_property rp
            JOIN ivol.exchange e
                ON e.exchange_id = rp.exchange_id
            JOIN merq.option_prices ov
                ON  (
                    ov.stock_id = rp.stock_id
                    AND ov.root_id = rp.root_id
                )
            JOIN ivol.stock s
                ON s.stock_id = rp.stock_id
            WHERE
                ov.t_date between '2024-06-01 00:00:00' and '2024-06-30 00:00:00'
                AND ov.t_date between rp.t_date and rp.term_date
                AND (ov.expiration_date, ov.call_put, ov.strike::numeric, rp.symbol, e.mic) IN (('2024-09-20 00:00:00', 'C', '560.0', 'SPY', 'XCBO'), ('2024-09-20 00:00:00', 'C', '565.0', 'SPY', 'XCBO'), ('2024-09-20 00:00:00', 'C', '555.0', 'SPY', 'XCBO'), ('2024-09-20 00:00:00', 'C', '570.0', 'SPY', 'XCBO'), ('2024-09-20 00:00:00', 'C', '550.0', 'SPY', 'XCBO'))
                AND rp.is_enabled = TRUE
            UNION ALL
            SELECT
                ovn.t_date, ovn.root, ovn.expiration_date, ovn.strike, ovn.call_put, e.mic,
                ovn.open, ovn.high, ovn.low, ovn.close,
                ovn.bid, ovn.ask, ovn.final_price as price, ovn.open_interest, ovn.volume, ovn.shift,
                ovn.iv, ovn.delta, ovn.gamma, ovn.theta, ovn.vega, ovn.rho, ovn.is_interpolated, ovn.status,
                s.currency
            FROM ivol.root_property rp
            JOIN ivol.exchange e
                ON e.exchange_id = rp.exchange_id
            JOIN merq.option_prices_ns ovn
                ON  (
                    ovn.stock_id = rp.stock_id
                    AND ovn.root_id = rp.root_id
                )
            JOIN ivol.stock s
                ON s.stock_id = rp.stock_id
            WHERE
                ovn.t_date between '2024-06-01 00:00:00' and '2024-06-30 00:00:00'
                AND ovn.t_date between rp.t_date and rp.term_date
                AND (ovn.expiration_date, ovn.call_put, ovn.strike::numeric, rp.symbol, e.mic) IN (('2024-09-20 00:00:00', 'C', '560.0', 'SPY', 'XCBO'), ('2024-09-20 00:00:00', 'C', '565.0', 'SPY', 'XCBO'), ('2024-09-20 00:00:00', 'C', '555.0', 'SPY', 'XCBO'), ('2024-09-20 00:00:00', 'C', '570.0', 'SPY', 'XCBO'), ('2024-09-20 00:00:00', 'C', '550.0', 'SPY', 'XCBO'))
                AND rp.is_enabled = FALSE;
        
[2026-08-24 09:17:43,345] [merqutil.db] [INFO] [56923] 95 rows selected in 0.5268236671108752 s
[2026-08-24 09:17:43,361] [merqutil.db] [DEBUG] [56923] : running sql

        SELECT mic
        FROM exchange.merq_exchange
        WHERE option_parent_mic = 'OPRA'
    
[2026-08-24 09:17:43,378] [merqutil.db] [INFO] [56923] 16 rows selected in 0.01738041709177196 s
[2026-08-24 09:17:43,399] [merqutil.auth_web] [DEBUG] [56923] Creating new session for prefix_url: None
[2026-08-24 09:17:43,399] [merqutil.auth_web] [DEBUG] [56923] No explicit api key or username_password passed, Looking for `apikey` in credentials file
[2026-08-24 09:17:43,399] [merqutil.secrets] [DEBUG] [56923] File /Users/luomengzhou/.merq_creds will be read as secret.
[2026-08-24 09:17:43,399] [merqutil.auth_web] [DEBUG] [56923] APIKey not found in creds file, will fall back to oauth
[2026-08-24 09:17:43,400] [merqutil.auth_web] [DEBUG] [56923] Trying to make oauth session
[2026-08-24 09:17:43,400] [merqutil.secrets] [DEBUG] [56923] File /Users/luomengzhou/.merq_creds will be read as secret.
[2026-08-24 09:17:43,400] [merqutil.auth_web] [WARNING] [56923] User session not possible, falling back to machine session
[2026-08-24 09:17:43,401] [merqutil.holidays] [DEBUG] [56923] Forming calendar with mics: ['swaps_monitor_OPA'], futures roots: [], mqi indices: [], and overlays: []
[2026-08-24 09:17:43,401] [merqube_client_lib.session] [DEBUG] [56923] Performing GET on https://api.merqube.com/security
[2026-08-24 09:17:43,455] [merqube_client_lib.session] [DEBUG] [56923] Performing GET on https://api.merqube.com/security/exchange?metrics=closed.edi,closed.factset,closed.override,closed.merq&names=swaps_monitor_OPA&ids=&start_date=1948-01-01T00:00:00&end_date=2202-12-31T00:00:00
[2026-08-24 09:17:43,826] [merq.merq_platform.api.indices.multi_asset.multi_asset_base_index] [INFO] [56923] Selected rebalance portfolio on 2024-06-21 00:00:00, with selection date: 2024-06-21 00:00:00, application date: 2024-06-21 00:00:00
[2026-08-24 09:17:43,826] [merq.merq_platform.api.data_types.index_data.rebalances] [WARNING] [56923] Received Rebalance.portfolio where portfolio_type is not PENDING_REBALANCE for rebalance selection_date=2024-06-21 00:00:00. Received CLOSE instead.  Updating it to the correct val
[2026-08-24 09:17:43,826] [merq.merq_platform.api.indices.multi_asset.multi_asset_base_index] [INFO] [56923] Applicable rebalance on 2024-06-21 00:00:00 found. Applying.
[2026-08-24 09:17:43,827] [merq.indices.merqube.options.merq_option_strategies.rebalancer.composite_applier] [DEBUG] [56923] Applying rebalance for strategy 1
[2026-08-24 09:17:43,828] [merq.merq_platform.api.indices.multi_asset.multi_asset_base_index] [DEBUG] [56923] Post close portfolio differs from the close portfolio for 2024-06-21 00:00:00. Saving
[2026-08-24 09:17:43,828] [merq.merq_platform.api.indices.multi_asset.multi_asset_base_index] [DEBUG] [56923] Loaded in portfolio for date 2024-06-21 00:00:00
[2026-08-24 09:17:43,829] [merq.merq_platform.api.components.computation_pipeline.corax_loaders.index_corporate_actions_loader] [DEBUG] [56923] Loading corporate actions for el merq ids in unknown from 2024-06-22 00:00:00 to 2024-06-24 00:00:00...
[2026-08-24 09:17:44,006] [merq.mapping.mapping] [WARNING] [56923] Failed to parse corax event type Dividend for LY6WH5-S on 2026-09-18 00:00:00. Skipping
[2026-08-24 09:17:44,006] [merq.mapping.mapping] [WARNING] [56923] Failed to parse corax event type Dividend for LY6WH5-S on 2026-12-18 00:00:00. Skipping
[2026-08-24 09:17:44,009] [merq.mapping.mapping] [WARNING] [56923] Failed to parse corax event type Dividend for LY6WH5-S on 2001-06-15 00:00:00. Skipping
[2026-08-24 09:17:44,011] [merq.merq_platform.api.components.computation_pipeline.corax_loaders.index_corporate_actions_loader] [DEBUG] [56923] Loading corporate actions for op merq ids in unknown from 2024-06-22 00:00:00 to 2024-06-24 00:00:00...
[2026-08-24 09:17:44,012] [merq.merq_platform.impl.services.options.ivol_reference_data_provider] [DEBUG] [56923] Getting underlying for 1 option contracts on eff_date: 2024-06-21 00:00:00
[2026-08-24 09:17:44,111] [merqutil.db] [DEBUG] [56923] : running sql

            SELECT
                rp.symbol, e.mic
            FROM ivol.root_property rp
            JOIN ivol.exchange e
                ON e.exchange_id = rp.exchange_id
            JOIN ivol.stock s
                ON s.stock_id = rp.stock_id
            WHERE rp.symbol in ('SPY')
                AND rp.t_date <= '2024-06-21 00:00:00' AND rp.term_date >= '2024-06-21 00:00:00'
                AND s.region_id = 1;
        
[2026-08-24 09:17:44,139] [merqutil.db] [INFO] [56923] 1 rows selected in 0.02795183309353888 s
[2026-08-24 09:17:44,207] [merq.merq_platform.impl.services.options.ivol_utils] [DEBUG] [56923] Created temp table temp_option_contract_keys with index
[2026-08-24 09:17:44,207] [merq.merq_platform.impl.services.options.ivol_utils] [DEBUG] [56923] Populating temp table with 1 option keys
[2026-08-24 09:17:44,245] [merq.merq_platform.impl.services.options.ivol_utils] [DEBUG] [56923] Inserted 1 keys into temp table in 1 batches
[2026-08-24 09:17:44,290] [merqutil.db] [DEBUG] [56923] materializing option contracts: : running sql
CREATE TEMP TABLE temp_option_contracts AS 
        SELECT
            ov.t_date,
            ov.expiration_date, ov.call_put, ov.strike, ov.root, e.mic,
            ov.stock_id, ov.root_id
        FROM ivol.option_value ov
        JOIN ivol.root_property rp
            ON rp.root_id = ov.root_id
            AND '2024-06-21 00:00:00' BETWEEN rp.t_date AND rp.term_date
        JOIN ivol.exchange e
            ON e.exchange_id = rp.exchange_id
        JOIN temp_option_contract_keys tok
            ON ov.expiration_date = tok.expiration_date
            AND ov.call_put = tok.call_put
            AND ov.strike = tok.strike
            AND ov.root = tok.root
            AND e.mic = tok.mic
        WHERE ov.t_date = '2024-06-21 00:00:00'
        UNION ALL
        SELECT
            ovn.t_date,
            ovn.expiration_date, ovn.call_put, ovn.strike, ovn.root, e.mic,
            ovn.stock_id, ovn.root_id
        FROM ivol.option_value_ns ovn
        JOIN ivol.root_property rp
            ON rp.root_id = ovn.root_id
            AND '2024-06-21 00:00:00' BETWEEN rp.t_date AND rp.term_date
        JOIN ivol.exchange e
            ON e.exchange_id = rp.exchange_id
        JOIN temp_option_contract_keys tok
            ON ovn.expiration_date = tok.expiration_date
            AND ovn.call_put = tok.call_put
            AND ovn.strike = tok.strike
            AND ovn.root = tok.root
            AND e.mic = tok.mic
        WHERE ovn.t_date = '2024-06-21 00:00:00'
    
[2026-08-24 09:17:44,336] [merqutil.db] [INFO] [56923] materializing option contracts: 1 rows created in 0.04572483291849494 s
[2026-08-24 09:17:44,428] [merqutil.db] [DEBUG] [56923] : running sql

            SELECT
                ov.root, ov.expiration_date, ov.call_put, ov.strike, ov.mic,
                replace(ss.symbol, '/', '.') as symbol
            FROM temp_option_contracts ov
            JOIN ivol.stock_symbol ss
                ON (ss.stock_id = ov.stock_id
                    AND '2024-06-21 00:00:00' BETWEEN ss.t_date AND ss.term_date
                    AND ss.symbol not like '%%%%7' -- Exclude mini options
                )
            JOIN ivol.stock s
                ON (ss.stock_id = s.stock_id)
            WHERE
                s.type IN ('S', 'F')
        
[2026-08-24 09:17:44,460] [merqutil.db] [INFO] [56923] 1 rows selected in 0.03263945900835097 s
[2026-08-24 09:17:44,478] [merqutil.db] [DEBUG] [56923] : running sql

        SELECT country_code
        FROM exchange.merq_exchange
        WHERE mic = 'OPRA'
    
[2026-08-24 09:17:44,493] [merqutil.db] [INFO] [56923] 1 rows selected in 0.014910625061020255 s
[2026-08-24 09:17:44,507] [merqutil.secrets] [DEBUG] [56923] File /Users/luomengzhou/.merq_creds will be read as secret.
[2026-08-24 09:17:44,507] [merqutil.db] [WARNING] [56923] Credentials are not configured in /Users/luomengzhou/.merq_creds.
Please explicitly set credentials. Using default credentials for compatibility.
Deprecation Warning: Default credentials will be removed in a later version.
[2026-08-24 09:17:44,507] [merqutil.db] [INFO] [56923] creating engine for db1.fds
[2026-08-24 09:17:44,758] [merqutil.db] [DEBUG] [56923] : running sql

            SELECT
                rp.symbol, e.mic
            FROM ivol.root_property rp
            JOIN ivol.exchange e
                ON e.exchange_id = rp.exchange_id
            JOIN ivol.stock s
                ON s.stock_id = rp.stock_id
            WHERE rp.symbol in ('SPY')
                AND rp.t_date <= '2024-06-21 00:00:00' AND rp.term_date >= '2024-06-21 00:00:00'
                AND s.region_id = 1;
        
[2026-08-24 09:17:44,774] [merqutil.db] [INFO] [56923] 1 rows selected in 0.016020625131204724 s
[2026-08-24 09:17:44,842] [merq.merq_platform.impl.services.options.ivol_utils] [DEBUG] [56923] Created temp table temp_option_contract_keys with index
[2026-08-24 09:17:44,843] [merq.merq_platform.impl.services.options.ivol_utils] [DEBUG] [56923] Populating temp table with 1 option keys
[2026-08-24 09:17:44,885] [merq.merq_platform.impl.services.options.ivol_utils] [DEBUG] [56923] Inserted 1 keys into temp table in 1 batches
[2026-08-24 09:17:44,934] [merqutil.db] [DEBUG] [56923] materializing option contracts: : running sql
CREATE TEMP TABLE temp_option_contracts AS 
        SELECT
            ov.t_date,
            ov.expiration_date, ov.call_put, ov.strike, ov.root, e.mic,
            ov.stock_id, ov.root_id
        FROM ivol.option_value ov
        JOIN ivol.root_property rp
            ON rp.root_id = ov.root_id
            AND '2024-06-21 00:00:00' BETWEEN rp.t_date AND rp.term_date
        JOIN ivol.exchange e
            ON e.exchange_id = rp.exchange_id
        JOIN temp_option_contract_keys tok
            ON ov.expiration_date = tok.expiration_date
            AND ov.call_put = tok.call_put
            AND ov.strike = tok.strike
            AND ov.root = tok.root
            AND e.mic = tok.mic
        WHERE ov.t_date = '2024-06-21 00:00:00'
        UNION ALL
        SELECT
            ovn.t_date,
            ovn.expiration_date, ovn.call_put, ovn.strike, ovn.root, e.mic,
            ovn.stock_id, ovn.root_id
        FROM ivol.option_value_ns ovn
        JOIN ivol.root_property rp
            ON rp.root_id = ovn.root_id
            AND '2024-06-21 00:00:00' BETWEEN rp.t_date AND rp.term_date
        JOIN ivol.exchange e
            ON e.exchange_id = rp.exchange_id
        JOIN temp_option_contract_keys tok
            ON ovn.expiration_date = tok.expiration_date
            AND ovn.call_put = tok.call_put
            AND ovn.strike = tok.strike
            AND ovn.root = tok.root
            AND e.mic = tok.mic
        WHERE ovn.t_date = '2024-06-21 00:00:00'
    
[2026-08-24 09:17:44,976] [merqutil.db] [INFO] [56923] materializing option contracts: 1 rows created in 0.042092334013432264 s
[2026-08-24 09:17:45,053] [merqutil.db] [DEBUG] [56923] : running sql

            SELECT
                ov.root, ov.expiration_date, ov.call_put, ov.strike, ov.mic,
                replace(ss.symbol, '/', '.') as symbol
            FROM temp_option_contracts ov
            JOIN ivol.stock_symbol ss
                ON (ss.stock_id = ov.stock_id
                    AND '2024-06-21 00:00:00' BETWEEN ss.t_date AND ss.term_date
                    AND ss.symbol not like '%%%%7' -- Exclude mini options
                )
            JOIN ivol.stock s
                ON (ss.stock_id = s.stock_id)
            WHERE
                s.type IN ('I')
        
[2026-08-24 09:17:45,079] [merqutil.db] [INFO] [56923] 0 rows selected in 0.02513483283109963 s
[2026-08-24 09:17:45,079] [merq.merq_platform.impl.services.options.ivol_utils] [DEBUG] [56923] Getting external id for <class 'merq.merq_platform.api.components.identifiers.merq_equity_id.MerqEquityListingId'> with 1 ids.
[2026-08-24 09:17:45,092] [merqutil.db] [DEBUG] [56923] : running sql

                SELECT cvg.fsym_security_id, -- -S fsym id
                    tr.ticker_region,
                    tr.start_date,
                    tr.end_date
                  FROM fds.sym_v1_sym_coverage cvg
                  JOIN fds.sym_v1_sym_ticker_region_hist tr
                    ON tr.fsym_id = cvg.fsym_id -- join by regional -R fsym id
                 WHERE cvg.fsym_security_id IN ('LY6WH5-S')
                 ORDER BY tr.start_date
            
[2026-08-24 09:17:45,108] [merqutil.db] [INFO] [56923] 7 rows selected in 0.015986167127266526 s
[2026-08-24 09:17:45,137] [merqutil.db] [DEBUG] [56923] : running sql

                SELECT cvg.fsym_security_id, -- -S fsym id
                    tr.ticker_region,
                    tr.start_date,
                    tr.end_date
                  FROM fds.sym_v1_sym_coverage cvg
                  JOIN mapping.fds_ticker_region_overrides tr
                    ON tr.fsym_id = cvg.fsym_id -- join by regional -R fsym id
                 WHERE cvg.fsym_security_id IN ('LY6WH5-S')
                 ORDER BY tr.start_date
            
[2026-08-24 09:17:45,153] [merqutil.db] [INFO] [56923] 0 rows selected in 0.015820000087842345 s
[2026-08-24 09:17:45,168] [merqutil.db] [DEBUG] [56923] : running sql

        SELECT
            REPLACE(ss.symbol, '/', '.') AS symbol,
            s.region_id,
            e.mic
        FROM ivol.stock_symbol ss
        JOIN ivol.stock s
            ON s.stock_id = ss.stock_id
        LEFT JOIN ivol.exchange e
            ON e.exchange_id = ss.exchange_id
        WHERE (replace(ss.symbol, '/', '.'), s.region_id) in (('SPY', 1)) AND
            '2024-06-24 00:00:00' between ss.t_date and ss.term_date
    
[2026-08-24 09:17:45,185] [merqutil.db] [INFO] [56923] 1 rows selected in 0.017493666848167777 s
[2026-08-24 09:17:45,185] [merq.merq_platform.impl.services.options.ivol_utils] [DEBUG] [56923] Getting stock ids for 1 merq_ids, effective date: 2024-06-24 00:00:00.
[2026-08-24 09:17:45,186] [merqutil.db] [DEBUG] [56923] : running sql

        SELECT
            MAX(ss.stock_id) AS stock_id,
            REPLACE(ss.symbol, '/', '.') AS symbol,
            e.mic
        FROM ivol.stock_symbol ss
        LEFT JOIN ivol.exchange e
            ON e.exchange_id = ss.exchange_id
        WHERE
            (REPLACE(ss.symbol, '/', '.'), COALESCE(e.mic, 'NA')) IN (('SPY', 'ARCX')) AND
            '2024-06-24 00:00:00' BETWEEN ss.t_date AND ss.term_date
        GROUP BY ss.symbol, e.mic
        HAVING COUNT(DISTINCT ss.stock_id) = 1
    
[2026-08-24 09:17:45,205] [merqutil.db] [INFO] [56923] 1 rows selected in 0.019603833090513945 s
[2026-08-24 09:17:45,206] [merq.merq_platform.impl.services.options.ivol_utils] [DEBUG] [56923] Found 1 symbol, mic pairs mapping to stock ids.
[2026-08-24 09:17:45,206] [merqutil.db] [DEBUG] [56923] : running sql

            SELECT ca.ex_date, ca.action_type, ca.stock_id
            FROM merq.corp_actions ca
            WHERE ca.ex_date = '2024-06-24 00:00:00' AND
                ca.action_type in ('dvd', 'spl', 'sdvd', 'sp', 'distr', 'rts') AND
                ca.stock_id in (627)
        
[2026-08-24 09:17:45,219] [merqutil.db] [INFO] [56923] 0 rows selected in 0.012867832789197564 s
[2026-08-24 09:17:45,219] [merqutil.db] [DEBUG] [56923] : running sql

        SELECT d.stock_id, d.last_dvd_date, d.last_dvd_amount, d.real_last_dvd_amount, d.dvd_ccy
        FROM ivol.dividend d
        WHERE d.last_dvd_date = '2024-06-24 00:00:00' AND
            d.stock_id in (627)
        
[2026-08-24 09:17:45,232] [merqutil.db] [INFO] [56923] 0 rows selected in 0.012244459008798003 s
[2026-08-24 09:17:45,232] [merqutil.db] [DEBUG] [56923] : running sql

            SELECT COUNT(*)
            FROM merq.corp_actions ca
            JOIN ivol.root_property rp
                ON (
                    rp.stock_id=ca.stock_id
                )
            WHERE (ca.ex_date='2024-06-21 00:00:00' OR ca.ex_date='2024-06-24 00:00:00')
                AND ca.action_type='rn'
                AND rp.action_type='RootRn'
                AND rp.t_date='2024-06-24 00:00:00'
                AND ca.stock_id IN (627);
        
[2026-08-24 09:17:45,246] [merqutil.db] [INFO] [56923] 1 rows selected in 0.013443666975945234 s
[2026-08-24 09:17:45,249] [merq.merq_platform.api.components.computation_pipeline.level_computers.standard_level_computer] [WARNING] [56923] Price for el:LY6WH5-S:US:0 on 2024-06-21 00:00:00 does not have FX set. Looking it up dynamically
[2026-08-24 09:17:45,249] [merq.merq_platform.api.components.computation_pipeline.level_computers.standard_level_computer] [DEBUG] [56923] Equities contribution to index level: 1000.0
[2026-08-24 09:17:45,249] [merq.merq_platform.api.components.computation_pipeline.level_computers.standard_level_computer] [WARNING] [56923] Price for op|SPY|CALL|560.0|2024-09-20|OPRA|1 on 2024-06-21 00:00:00 does not have FX set. Looking it up dynamically
[2026-08-24 09:17:45,249] [merq.merq_platform.api.components.computation_pipeline.level_computers.standard_level_computer] [DEBUG] [56923] Options contribution to index level: -16.20723219040974
[2026-08-24 09:17:45,249] [merq.merq_platform.api.components.computation_pipeline.level_computers.standard_level_computer] [WARNING] [56923] Price for cu:USD:0 on 2024-06-21 00:00:00 does not have FX set. Looking it up dynamically
[2026-08-24 09:17:45,249] [merq.merq_platform.api.components.computation_pipeline.level_computers.standard_level_computer] [DEBUG] [56923] Cash contribution to index level: 16.20723219040974
[2026-08-24 09:17:45,250] [merq.merq_platform.api.components.computation_pipeline.level_computers.standard_level_computer] [DEBUG] [56923] Equities contribution to index level: 996.7493709941049
[2026-08-24 09:17:45,250] [merq.merq_platform.api.components.computation_pipeline.level_computers.standard_level_computer] [DEBUG] [56923] Options contribution to index level: -14.646195662154923
[2026-08-24 09:17:45,250] [merq.merq_platform.api.components.computation_pipeline.level_computers.standard_level_computer] [DEBUG] [56923] Cash contribution to index level: 16.20723219040974
[2026-08-24 09:17:45,250] [merq.merq_platform.api.indices.multi_asset.multi_asset_base_index] [INFO] [56923] Computed index level for 2024-06-24 00:00:00 as 998.3104075223597
[2026-08-24 09:17:45,251] [merq.merq_platform.api.components.computation_pipeline.level_computers.standard_level_computer] [DEBUG] [56923] Equities contribution to index level: 996.7493709941049
[2026-08-24 09:17:45,251] [merq.merq_platform.api.components.computation_pipeline.level_computers.standard_level_computer] [DEBUG] [56923] Options contribution to index level: -14.646195662154923
[2026-08-24 09:17:45,251] [merq.merq_platform.api.components.computation_pipeline.level_computers.standard_level_computer] [DEBUG] [56923] Cash contribution to index level: 16.20723219040974
[2026-08-24 09:17:45,264] [merq.merq_platform.api.indices.multi_asset.multi_asset_base_index] [WARNING] [56923] [unknown]: Received a close Portfolio with non-CLOSE portfolio_type POST_CLOSE on 2024-06-24 00:00:00
[2026-08-24 09:17:45,264] [merq.merq_platform.api.indices.multi_asset.multi_asset_base_index] [DEBUG] [56923] Loaded in portfolio for date 2024-06-24 00:00:00
[2026-08-24 09:17:45,264] [merq.merq_platform.api.components.computation_pipeline.corax_loaders.index_corporate_actions_loader] [DEBUG] [56923] Loading corporate actions for el merq ids in unknown from 2024-06-25 00:00:00 to 2024-06-25 00:00:00...
[2026-08-24 09:17:45,264] [merq.merq_platform.api.components.computation_pipeline.corax_loaders.index_corporate_actions_loader] [DEBUG] [56923] Loading corporate actions for op merq ids in unknown from 2024-06-25 00:00:00 to 2024-06-25 00:00:00...
[2026-08-24 09:17:45,264] [merq.merq_platform.impl.services.options.ivol_reference_data_provider] [DEBUG] [56923] Getting underlying for 1 option contracts on eff_date: 2024-06-24 00:00:00
[2026-08-24 09:17:45,265] [merqutil.db] [DEBUG] [56923] : running sql

            SELECT
                rp.symbol, e.mic
            FROM ivol.root_property rp
            JOIN ivol.exchange e
                ON e.exchange_id = rp.exchange_id
            JOIN ivol.stock s
                ON s.stock_id = rp.stock_id
            WHERE rp.symbol in ('SPY')
                AND rp.t_date <= '2024-06-24 00:00:00' AND rp.term_date >= '2024-06-24 00:00:00'
                AND s.region_id = 1;
        
[2026-08-24 09:17:45,278] [merqutil.db] [INFO] [56923] 1 rows selected in 0.012819415889680386 s
[2026-08-24 09:17:45,344] [merq.merq_platform.impl.services.options.ivol_utils] [DEBUG] [56923] Created temp table temp_option_contract_keys with index
[2026-08-24 09:17:45,344] [merq.merq_platform.impl.services.options.ivol_utils] [DEBUG] [56923] Populating temp table with 1 option keys
[2026-08-24 09:17:45,387] [merq.merq_platform.impl.services.options.ivol_utils] [DEBUG] [56923] Inserted 1 keys into temp table in 1 batches
[2026-08-24 09:17:45,430] [merqutil.db] [DEBUG] [56923] materializing option contracts: : running sql
CREATE TEMP TABLE temp_option_contracts AS 
        SELECT
            ov.t_date,
            ov.expiration_date, ov.call_put, ov.strike, ov.root, e.mic,
            ov.stock_id, ov.root_id
        FROM ivol.option_value ov
        JOIN ivol.root_property rp
            ON rp.root_id = ov.root_id
            AND '2024-06-24 00:00:00' BETWEEN rp.t_date AND rp.term_date
        JOIN ivol.exchange e
            ON e.exchange_id = rp.exchange_id
        JOIN temp_option_contract_keys tok
            ON ov.expiration_date = tok.expiration_date
            AND ov.call_put = tok.call_put
            AND ov.strike = tok.strike
            AND ov.root = tok.root
            AND e.mic = tok.mic
        WHERE ov.t_date = '2024-06-24 00:00:00'
        UNION ALL
        SELECT
            ovn.t_date,
            ovn.expiration_date, ovn.call_put, ovn.strike, ovn.root, e.mic,
            ovn.stock_id, ovn.root_id
        FROM ivol.option_value_ns ovn
        JOIN ivol.root_property rp
            ON rp.root_id = ovn.root_id
            AND '2024-06-24 00:00:00' BETWEEN rp.t_date AND rp.term_date
        JOIN ivol.exchange e
            ON e.exchange_id = rp.exchange_id
        JOIN temp_option_contract_keys tok
            ON ovn.expiration_date = tok.expiration_date
            AND ovn.call_put = tok.call_put
            AND ovn.strike = tok.strike
            AND ovn.root = tok.root
            AND e.mic = tok.mic
        WHERE ovn.t_date = '2024-06-24 00:00:00'
    
[2026-08-24 09:17:45,472] [merqutil.db] [INFO] [56923] materializing option contracts: 1 rows created in 0.04113854211755097 s
[2026-08-24 09:17:45,554] [merqutil.db] [DEBUG] [56923] : running sql

            SELECT
                ov.root, ov.expiration_date, ov.call_put, ov.strike, ov.mic,
                replace(ss.symbol, '/', '.') as symbol
            FROM temp_option_contracts ov
            JOIN ivol.stock_symbol ss
                ON (ss.stock_id = ov.stock_id
                    AND '2024-06-24 00:00:00' BETWEEN ss.t_date AND ss.term_date
                    AND ss.symbol not like '%%%%7' -- Exclude mini options
                )
            JOIN ivol.stock s
                ON (ss.stock_id = s.stock_id)
            WHERE
                s.type IN ('S', 'F')
        
[2026-08-24 09:17:45,582] [merqutil.db] [INFO] [56923] 1 rows selected in 0.027852416969835758 s
[2026-08-24 09:17:45,584] [merqutil.db] [DEBUG] [56923] : running sql

            SELECT
                rp.symbol, e.mic
            FROM ivol.root_property rp
            JOIN ivol.exchange e
                ON e.exchange_id = rp.exchange_id
            JOIN ivol.stock s
                ON s.stock_id = rp.stock_id
            WHERE rp.symbol in ('SPY')
                AND rp.t_date <= '2024-06-24 00:00:00' AND rp.term_date >= '2024-06-24 00:00:00'
                AND s.region_id = 1;
        
[2026-08-24 09:17:45,597] [merqutil.db] [INFO] [56923] 1 rows selected in 0.012657665880396962 s
[2026-08-24 09:17:45,667] [merq.merq_platform.impl.services.options.ivol_utils] [DEBUG] [56923] Created temp table temp_option_contract_keys with index
[2026-08-24 09:17:45,667] [merq.merq_platform.impl.services.options.ivol_utils] [DEBUG] [56923] Populating temp table with 1 option keys
[2026-08-24 09:17:45,707] [merq.merq_platform.impl.services.options.ivol_utils] [DEBUG] [56923] Inserted 1 keys into temp table in 1 batches
[2026-08-24 09:17:45,748] [merqutil.db] [DEBUG] [56923] materializing option contracts: : running sql
CREATE TEMP TABLE temp_option_contracts AS 
        SELECT
            ov.t_date,
            ov.expiration_date, ov.call_put, ov.strike, ov.root, e.mic,
            ov.stock_id, ov.root_id
        FROM ivol.option_value ov
        JOIN ivol.root_property rp
            ON rp.root_id = ov.root_id
            AND '2024-06-24 00:00:00' BETWEEN rp.t_date AND rp.term_date
        JOIN ivol.exchange e
            ON e.exchange_id = rp.exchange_id
        JOIN temp_option_contract_keys tok
            ON ov.expiration_date = tok.expiration_date
            AND ov.call_put = tok.call_put
            AND ov.strike = tok.strike
            AND ov.root = tok.root
            AND e.mic = tok.mic
        WHERE ov.t_date = '2024-06-24 00:00:00'
        UNION ALL
        SELECT
            ovn.t_date,
            ovn.expiration_date, ovn.call_put, ovn.strike, ovn.root, e.mic,
            ovn.stock_id, ovn.root_id
        FROM ivol.option_value_ns ovn
        JOIN ivol.root_property rp
            ON rp.root_id = ovn.root_id
            AND '2024-06-24 00:00:00' BETWEEN rp.t_date AND rp.term_date
        JOIN ivol.exchange e
            ON e.exchange_id = rp.exchange_id
        JOIN temp_option_contract_keys tok
            ON ovn.expiration_date = tok.expiration_date
            AND ovn.call_put = tok.call_put
            AND ovn.strike = tok.strike
            AND ovn.root = tok.root
            AND e.mic = tok.mic
        WHERE ovn.t_date = '2024-06-24 00:00:00'
    
[2026-08-24 09:17:45,789] [merqutil.db] [INFO] [56923] materializing option contracts: 1 rows created in 0.04056629189290106 s
[2026-08-24 09:17:45,870] [merqutil.db] [DEBUG] [56923] : running sql

            SELECT
                ov.root, ov.expiration_date, ov.call_put, ov.strike, ov.mic,
                replace(ss.symbol, '/', '.') as symbol
            FROM temp_option_contracts ov
            JOIN ivol.stock_symbol ss
                ON (ss.stock_id = ov.stock_id
                    AND '2024-06-24 00:00:00' BETWEEN ss.t_date AND ss.term_date
                    AND ss.symbol not like '%%%%7' -- Exclude mini options
                )
            JOIN ivol.stock s
                ON (ss.stock_id = s.stock_id)
            WHERE
                s.type IN ('I')
        
[2026-08-24 09:17:45,894] [merqutil.db] [INFO] [56923] 0 rows selected in 0.024282250087708235 s
[2026-08-24 09:17:45,895] [merq.merq_platform.impl.services.options.ivol_utils] [DEBUG] [56923] Getting external id for <class 'merq.merq_platform.api.components.identifiers.merq_equity_id.MerqEquityListingId'> with 1 ids.
[2026-08-24 09:17:45,895] [merqutil.db] [DEBUG] [56923] : running sql

        SELECT
            REPLACE(ss.symbol, '/', '.') AS symbol,
            s.region_id,
            e.mic
        FROM ivol.stock_symbol ss
        JOIN ivol.stock s
            ON s.stock_id = ss.stock_id
        LEFT JOIN ivol.exchange e
            ON e.exchange_id = ss.exchange_id
        WHERE (replace(ss.symbol, '/', '.'), s.region_id) in (('SPY', 1)) AND
            '2024-06-25 00:00:00' between ss.t_date and ss.term_date
    
[2026-08-24 09:17:45,913] [merqutil.db] [INFO] [56923] 1 rows selected in 0.017969582928344607 s
[2026-08-24 09:17:45,913] [merq.merq_platform.impl.services.options.ivol_utils] [DEBUG] [56923] Getting stock ids for 1 merq_ids, effective date: 2024-06-25 00:00:00.
[2026-08-24 09:17:45,914] [merqutil.db] [DEBUG] [56923] : running sql

        SELECT
            MAX(ss.stock_id) AS stock_id,
            REPLACE(ss.symbol, '/', '.') AS symbol,
            e.mic
        FROM ivol.stock_symbol ss
        LEFT JOIN ivol.exchange e
            ON e.exchange_id = ss.exchange_id
        WHERE
            (REPLACE(ss.symbol, '/', '.'), COALESCE(e.mic, 'NA')) IN (('SPY', 'ARCX')) AND
            '2024-06-25 00:00:00' BETWEEN ss.t_date AND ss.term_date
        GROUP BY ss.symbol, e.mic
        HAVING COUNT(DISTINCT ss.stock_id) = 1
    
[2026-08-24 09:17:45,930] [merqutil.db] [INFO] [56923] 1 rows selected in 0.016635000007227063 s
[2026-08-24 09:17:45,930] [merq.merq_platform.impl.services.options.ivol_utils] [DEBUG] [56923] Found 1 symbol, mic pairs mapping to stock ids.
[2026-08-24 09:17:45,931] [merqutil.db] [DEBUG] [56923] : running sql

            SELECT ca.ex_date, ca.action_type, ca.stock_id
            FROM merq.corp_actions ca
            WHERE ca.ex_date = '2024-06-25 00:00:00' AND
                ca.action_type in ('dvd', 'spl', 'sdvd', 'sp', 'distr', 'rts') AND
                ca.stock_id in (627)
        
[2026-08-24 09:17:45,945] [merqutil.db] [INFO] [56923] 0 rows selected in 0.01351354201324284 s
[2026-08-24 09:17:45,945] [merqutil.db] [DEBUG] [56923] : running sql

        SELECT d.stock_id, d.last_dvd_date, d.last_dvd_amount, d.real_last_dvd_amount, d.dvd_ccy
        FROM ivol.dividend d
        WHERE d.last_dvd_date = '2024-06-25 00:00:00' AND
            d.stock_id in (627)
        
[2026-08-24 09:17:45,958] [merqutil.db] [INFO] [56923] 0 rows selected in 0.012611249927431345 s
[2026-08-24 09:17:45,958] [merqutil.db] [DEBUG] [56923] : running sql

            SELECT COUNT(*)
            FROM merq.corp_actions ca
            JOIN ivol.root_property rp
                ON (
                    rp.stock_id=ca.stock_id
                )
            WHERE (ca.ex_date='2024-06-24 00:00:00' OR ca.ex_date='2024-06-25 00:00:00')
                AND ca.action_type='rn'
                AND rp.action_type='RootRn'
                AND rp.t_date='2024-06-25 00:00:00'
                AND ca.stock_id IN (627);
        
[2026-08-24 09:17:45,973] [merqutil.db] [INFO] [56923] 1 rows selected in 0.015005499823018909 s
[2026-08-24 09:17:45,975] [merq.merq_platform.api.components.computation_pipeline.level_computers.standard_level_computer] [DEBUG] [56923] Equities contribution to index level: 996.7493709941049
[2026-08-24 09:17:45,975] [merq.merq_platform.api.components.computation_pipeline.level_computers.standard_level_computer] [DEBUG] [56923] Options contribution to index level: -14.646195662154923
[2026-08-24 09:17:45,975] [merq.merq_platform.api.components.computation_pipeline.level_computers.standard_level_computer] [DEBUG] [56923] Cash contribution to index level: 16.20723219040974
[2026-08-24 09:17:45,976] [merq.merq_platform.api.components.computation_pipeline.level_computers.standard_level_computer] [DEBUG] [56923] Equities contribution to index level: 1000.587684340049
[2026-08-24 09:17:45,976] [merq.merq_platform.api.components.computation_pipeline.level_computers.standard_level_computer] [DEBUG] [56923] Options contribution to index level: -15.601182714734364
[2026-08-24 09:17:45,976] [merq.merq_platform.api.components.computation_pipeline.level_computers.standard_level_computer] [DEBUG] [56923] Cash contribution to index level: 16.20723219040974
[2026-08-24 09:17:45,976] [merq.merq_platform.api.indices.multi_asset.multi_asset_base_index] [INFO] [56923] Computed index level for 2024-06-25 00:00:00 as 1001.1937338157244
[2026-08-24 09:17:45,977] [merq.merq_platform.api.components.computation_pipeline.level_computers.standard_level_computer] [DEBUG] [56923] Equities contribution to index level: 1000.587684340049
[2026-08-24 09:17:45,977] [merq.merq_platform.api.components.computation_pipeline.level_computers.standard_level_computer] [DEBUG] [56923] Options contribution to index level: -15.601182714734364
[2026-08-24 09:17:45,977] [merq.merq_platform.api.components.computation_pipeline.level_computers.standard_level_computer] [DEBUG] [56923] Cash contribution to index level: 16.20723219040974
[2026-08-24 09:17:45,990] [merq.merq_platform.api.indices.multi_asset.multi_asset_base_index] [DEBUG] [56923] Loaded in portfolio for date 2024-06-25 00:00:00
[2026-08-24 09:17:45,990] [merq.merq_platform.api.components.computation_pipeline.corax_loaders.index_corporate_actions_loader] [DEBUG] [56923] Loading corporate actions for el merq ids in unknown from 2024-06-26 00:00:00 to 2024-06-26 00:00:00...
[2026-08-24 09:17:45,990] [merq.merq_platform.api.components.computation_pipeline.corax_loaders.index_corporate_actions_loader] [DEBUG] [56923] Loading corporate actions for op merq ids in unknown from 2024-06-26 00:00:00 to 2024-06-26 00:00:00...
[2026-08-24 09:17:45,990] [merq.merq_platform.impl.services.options.ivol_reference_data_provider] [DEBUG] [56923] Getting underlying for 1 option contracts on eff_date: 2024-06-25 00:00:00
[2026-08-24 09:17:45,991] [merqutil.db] [DEBUG] [56923] : running sql

            SELECT
                rp.symbol, e.mic
            FROM ivol.root_property rp
            JOIN ivol.exchange e
                ON e.exchange_id = rp.exchange_id
            JOIN ivol.stock s
                ON s.stock_id = rp.stock_id
            WHERE rp.symbol in ('SPY')
                AND rp.t_date <= '2024-06-25 00:00:00' AND rp.term_date >= '2024-06-25 00:00:00'
                AND s.region_id = 1;
        
[2026-08-24 09:17:46,005] [merqutil.db] [INFO] [56923] 1 rows selected in 0.014558334136381745 s
[2026-08-24 09:17:46,070] [merq.merq_platform.impl.services.options.ivol_utils] [DEBUG] [56923] Created temp table temp_option_contract_keys with index
[2026-08-24 09:17:46,070] [merq.merq_platform.impl.services.options.ivol_utils] [DEBUG] [56923] Populating temp table with 1 option keys
[2026-08-24 09:17:46,108] [merq.merq_platform.impl.services.options.ivol_utils] [DEBUG] [56923] Inserted 1 keys into temp table in 1 batches
[2026-08-24 09:17:46,149] [merqutil.db] [DEBUG] [56923] materializing option contracts: : running sql
CREATE TEMP TABLE temp_option_contracts AS 
        SELECT
            ov.t_date,
            ov.expiration_date, ov.call_put, ov.strike, ov.root, e.mic,
            ov.stock_id, ov.root_id
        FROM ivol.option_value ov
        JOIN ivol.root_property rp
            ON rp.root_id = ov.root_id
            AND '2024-06-25 00:00:00' BETWEEN rp.t_date AND rp.term_date
        JOIN ivol.exchange e
            ON e.exchange_id = rp.exchange_id
        JOIN temp_option_contract_keys tok
            ON ov.expiration_date = tok.expiration_date
            AND ov.call_put = tok.call_put
            AND ov.strike = tok.strike
            AND ov.root = tok.root
            AND e.mic = tok.mic
        WHERE ov.t_date = '2024-06-25 00:00:00'
        UNION ALL
        SELECT
            ovn.t_date,
            ovn.expiration_date, ovn.call_put, ovn.strike, ovn.root, e.mic,
            ovn.stock_id, ovn.root_id
        FROM ivol.option_value_ns ovn
        JOIN ivol.root_property rp
            ON rp.root_id = ovn.root_id
            AND '2024-06-25 00:00:00' BETWEEN rp.t_date AND rp.term_date
        JOIN ivol.exchange e
            ON e.exchange_id = rp.exchange_id
        JOIN temp_option_contract_keys tok
            ON ovn.expiration_date = tok.expiration_date
            AND ovn.call_put = tok.call_put
            AND ovn.strike = tok.strike
            AND ovn.root = tok.root
            AND e.mic = tok.mic
        WHERE ovn.t_date = '2024-06-25 00:00:00'
    
[2026-08-24 09:17:46,199] [merqutil.db] [INFO] [56923] materializing option contracts: 1 rows created in 0.04980112495832145 s
[2026-08-24 09:17:46,282] [merqutil.db] [DEBUG] [56923] : running sql

            SELECT
                ov.root, ov.expiration_date, ov.call_put, ov.strike, ov.mic,
                replace(ss.symbol, '/', '.') as symbol
            FROM temp_option_contracts ov
            JOIN ivol.stock_symbol ss
                ON (ss.stock_id = ov.stock_id
                    AND '2024-06-25 00:00:00' BETWEEN ss.t_date AND ss.term_date
                    AND ss.symbol not like '%%%%7' -- Exclude mini options
                )
            JOIN ivol.stock s
                ON (ss.stock_id = s.stock_id)
            WHERE
                s.type IN ('S', 'F')
        
[2026-08-24 09:17:46,308] [merqutil.db] [INFO] [56923] 1 rows selected in 0.025913666933774948 s
[2026-08-24 09:17:46,309] [merqutil.db] [DEBUG] [56923] : running sql

            SELECT
                rp.symbol, e.mic
            FROM ivol.root_property rp
            JOIN ivol.exchange e
                ON e.exchange_id = rp.exchange_id
            JOIN ivol.stock s
                ON s.stock_id = rp.stock_id
            WHERE rp.symbol in ('SPY')
                AND rp.t_date <= '2024-06-25 00:00:00' AND rp.term_date >= '2024-06-25 00:00:00'
                AND s.region_id = 1;
        
[2026-08-24 09:17:46,321] [merqutil.db] [INFO] [56923] 1 rows selected in 0.012246458092704415 s
[2026-08-24 09:17:46,393] [merq.merq_platform.impl.services.options.ivol_utils] [DEBUG] [56923] Created temp table temp_option_contract_keys with index
[2026-08-24 09:17:46,393] [merq.merq_platform.impl.services.options.ivol_utils] [DEBUG] [56923] Populating temp table with 1 option keys
[2026-08-24 09:17:46,431] [merq.merq_platform.impl.services.options.ivol_utils] [DEBUG] [56923] Inserted 1 keys into temp table in 1 batches
[2026-08-24 09:17:46,469] [merqutil.db] [DEBUG] [56923] materializing option contracts: : running sql
CREATE TEMP TABLE temp_option_contracts AS 
        SELECT
            ov.t_date,
            ov.expiration_date, ov.call_put, ov.strike, ov.root, e.mic,
            ov.stock_id, ov.root_id
        FROM ivol.option_value ov
        JOIN ivol.root_property rp
            ON rp.root_id = ov.root_id
            AND '2024-06-25 00:00:00' BETWEEN rp.t_date AND rp.term_date
        JOIN ivol.exchange e
            ON e.exchange_id = rp.exchange_id
        JOIN temp_option_contract_keys tok
            ON ov.expiration_date = tok.expiration_date
            AND ov.call_put = tok.call_put
            AND ov.strike = tok.strike
            AND ov.root = tok.root
            AND e.mic = tok.mic
        WHERE ov.t_date = '2024-06-25 00:00:00'
        UNION ALL
        SELECT
            ovn.t_date,
            ovn.expiration_date, ovn.call_put, ovn.strike, ovn.root, e.mic,
            ovn.stock_id, ovn.root_id
        FROM ivol.option_value_ns ovn
        JOIN ivol.root_property rp
            ON rp.root_id = ovn.root_id
            AND '2024-06-25 00:00:00' BETWEEN rp.t_date AND rp.term_date
        JOIN ivol.exchange e
            ON e.exchange_id = rp.exchange_id
        JOIN temp_option_contract_keys tok
            ON ovn.expiration_date = tok.expiration_date
            AND ovn.call_put = tok.call_put
            AND ovn.strike = tok.strike
            AND ovn.root = tok.root
            AND e.mic = tok.mic
        WHERE ovn.t_date = '2024-06-25 00:00:00'
    
[2026-08-24 09:17:46,511] [merqutil.db] [INFO] [56923] materializing option contracts: 1 rows created in 0.04148891707882285 s
[2026-08-24 09:17:46,590] [merqutil.db] [DEBUG] [56923] : running sql

            SELECT
                ov.root, ov.expiration_date, ov.call_put, ov.strike, ov.mic,
                replace(ss.symbol, '/', '.') as symbol
            FROM temp_option_contracts ov
            JOIN ivol.stock_symbol ss
                ON (ss.stock_id = ov.stock_id
                    AND '2024-06-25 00:00:00' BETWEEN ss.t_date AND ss.term_date
                    AND ss.symbol not like '%%%%7' -- Exclude mini options
                )
            JOIN ivol.stock s
                ON (ss.stock_id = s.stock_id)
            WHERE
                s.type IN ('I')
        
[2026-08-24 09:17:46,615] [merqutil.db] [INFO] [56923] 0 rows selected in 0.02460775012150407 s
[2026-08-24 09:17:46,615] [merq.merq_platform.impl.services.options.ivol_utils] [DEBUG] [56923] Getting external id for <class 'merq.merq_platform.api.components.identifiers.merq_equity_id.MerqEquityListingId'> with 1 ids.
[2026-08-24 09:17:46,616] [merqutil.db] [DEBUG] [56923] : running sql

        SELECT
            REPLACE(ss.symbol, '/', '.') AS symbol,
            s.region_id,
            e.mic
        FROM ivol.stock_symbol ss
        JOIN ivol.stock s
            ON s.stock_id = ss.stock_id
        LEFT JOIN ivol.exchange e
            ON e.exchange_id = ss.exchange_id
        WHERE (replace(ss.symbol, '/', '.'), s.region_id) in (('SPY', 1)) AND
            '2024-06-26 00:00:00' between ss.t_date and ss.term_date
    
[2026-08-24 09:17:46,633] [merqutil.db] [INFO] [56923] 1 rows selected in 0.01697441702708602 s
[2026-08-24 09:17:46,633] [merq.merq_platform.impl.services.options.ivol_utils] [DEBUG] [56923] Getting stock ids for 1 merq_ids, effective date: 2024-06-26 00:00:00.
[2026-08-24 09:17:46,633] [merqutil.db] [DEBUG] [56923] : running sql

        SELECT
            MAX(ss.stock_id) AS stock_id,
            REPLACE(ss.symbol, '/', '.') AS symbol,
            e.mic
        FROM ivol.stock_symbol ss
        LEFT JOIN ivol.exchange e
            ON e.exchange_id = ss.exchange_id
        WHERE
            (REPLACE(ss.symbol, '/', '.'), COALESCE(e.mic, 'NA')) IN (('SPY', 'ARCX')) AND
            '2024-06-26 00:00:00' BETWEEN ss.t_date AND ss.term_date
        GROUP BY ss.symbol, e.mic
        HAVING COUNT(DISTINCT ss.stock_id) = 1
    
[2026-08-24 09:17:46,654] [merqutil.db] [INFO] [56923] 1 rows selected in 0.020037167007103562 s
[2026-08-24 09:17:46,654] [merq.merq_platform.impl.services.options.ivol_utils] [DEBUG] [56923] Found 1 symbol, mic pairs mapping to stock ids.
[2026-08-24 09:17:46,654] [merqutil.db] [DEBUG] [56923] : running sql

            SELECT ca.ex_date, ca.action_type, ca.stock_id
            FROM merq.corp_actions ca
            WHERE ca.ex_date = '2024-06-26 00:00:00' AND
                ca.action_type in ('dvd', 'spl', 'sdvd', 'sp', 'distr', 'rts') AND
                ca.stock_id in (627)
        
[2026-08-24 09:17:46,670] [merqutil.db] [INFO] [56923] 0 rows selected in 0.015578250167891383 s
[2026-08-24 09:17:46,670] [merqutil.db] [DEBUG] [56923] : running sql

        SELECT d.stock_id, d.last_dvd_date, d.last_dvd_amount, d.real_last_dvd_amount, d.dvd_ccy
        FROM ivol.dividend d
        WHERE d.last_dvd_date = '2024-06-26 00:00:00' AND
            d.stock_id in (627)
        
[2026-08-24 09:17:46,683] [merqutil.db] [INFO] [56923] 0 rows selected in 0.01238870806992054 s
[2026-08-24 09:17:46,683] [merqutil.db] [DEBUG] [56923] : running sql

            SELECT COUNT(*)
            FROM merq.corp_actions ca
            JOIN ivol.root_property rp
                ON (
                    rp.stock_id=ca.stock_id
                )
            WHERE (ca.ex_date='2024-06-25 00:00:00' OR ca.ex_date='2024-06-26 00:00:00')
                AND ca.action_type='rn'
                AND rp.action_type='RootRn'
                AND rp.t_date='2024-06-26 00:00:00'
                AND ca.stock_id IN (627);
        
[2026-08-24 09:17:46,696] [merqutil.db] [INFO] [56923] 1 rows selected in 0.013239166932180524 s
[2026-08-24 09:17:46,698] [merq.merq_platform.api.components.computation_pipeline.level_computers.standard_level_computer] [DEBUG] [56923] Equities contribution to index level: 1000.587684340049
[2026-08-24 09:17:46,698] [merq.merq_platform.api.components.computation_pipeline.level_computers.standard_level_computer] [DEBUG] [56923] Options contribution to index level: -15.601182714734364
[2026-08-24 09:17:46,698] [merq.merq_platform.api.components.computation_pipeline.level_computers.standard_level_computer] [DEBUG] [56923] Cash contribution to index level: 16.20723219040974
[2026-08-24 09:17:46,699] [merq.merq_platform.api.components.computation_pipeline.level_computers.standard_level_computer] [DEBUG] [56923] Equities contribution to index level: 1001.8365135626527
[2026-08-24 09:17:46,699] [merq.merq_platform.api.components.computation_pipeline.level_computers.standard_level_computer] [DEBUG] [56923] Options contribution to index level: -15.647095553800682
[2026-08-24 09:17:46,699] [merq.merq_platform.api.components.computation_pipeline.level_computers.standard_level_computer] [DEBUG] [56923] Cash contribution to index level: 16.20723219040974
[2026-08-24 09:17:46,699] [merq.merq_platform.api.indices.multi_asset.multi_asset_base_index] [INFO] [56923] Computed index level for 2024-06-26 00:00:00 as 1002.3966501992618
[2026-08-24 09:17:46,701] [merq.merq_platform.api.components.computation_pipeline.level_computers.standard_level_computer] [DEBUG] [56923] Equities contribution to index level: 1001.8365135626527
[2026-08-24 09:17:46,701] [merq.merq_platform.api.components.computation_pipeline.level_computers.standard_level_computer] [DEBUG] [56923] Options contribution to index level: -15.647095553800682
[2026-08-24 09:17:46,701] [merq.merq_platform.api.components.computation_pipeline.level_computers.standard_level_computer] [DEBUG] [56923] Cash contribution to index level: 16.20723219040974
[2026-08-24 09:17:46,713] [merq.merq_platform.api.indices.multi_asset.multi_asset_base_index] [DEBUG] [56923] Loaded in portfolio for date 2024-06-26 00:00:00
[2026-08-24 09:17:46,713] [merq.merq_platform.api.components.computation_pipeline.corax_loaders.index_corporate_actions_loader] [DEBUG] [56923] Loading corporate actions for el merq ids in unknown from 2024-06-27 00:00:00 to 2024-06-27 00:00:00...
[2026-08-24 09:17:46,714] [merq.merq_platform.api.components.computation_pipeline.corax_loaders.index_corporate_actions_loader] [DEBUG] [56923] Loading corporate actions for op merq ids in unknown from 2024-06-27 00:00:00 to 2024-06-27 00:00:00...
[2026-08-24 09:17:46,714] [merq.merq_platform.impl.services.options.ivol_reference_data_provider] [DEBUG] [56923] Getting underlying for 1 option contracts on eff_date: 2024-06-26 00:00:00
[2026-08-24 09:17:46,714] [merqutil.db] [DEBUG] [56923] : running sql

            SELECT
                rp.symbol, e.mic
            FROM ivol.root_property rp
            JOIN ivol.exchange e
                ON e.exchange_id = rp.exchange_id
            JOIN ivol.stock s
                ON s.stock_id = rp.stock_id
            WHERE rp.symbol in ('SPY')
                AND rp.t_date <= '2024-06-26 00:00:00' AND rp.term_date >= '2024-06-26 00:00:00'
                AND s.region_id = 1;
        
[2026-08-24 09:17:46,727] [merqutil.db] [INFO] [56923] 1 rows selected in 0.013153249863535166 s
[2026-08-24 09:17:46,791] [merq.merq_platform.impl.services.options.ivol_utils] [DEBUG] [56923] Created temp table temp_option_contract_keys with index
[2026-08-24 09:17:46,791] [merq.merq_platform.impl.services.options.ivol_utils] [DEBUG] [56923] Populating temp table with 1 option keys
[2026-08-24 09:17:46,829] [merq.merq_platform.impl.services.options.ivol_utils] [DEBUG] [56923] Inserted 1 keys into temp table in 1 batches
[2026-08-24 09:17:46,868] [merqutil.db] [DEBUG] [56923] materializing option contracts: : running sql
CREATE TEMP TABLE temp_option_contracts AS 
        SELECT
            ov.t_date,
            ov.expiration_date, ov.call_put, ov.strike, ov.root, e.mic,
            ov.stock_id, ov.root_id
        FROM ivol.option_value ov
        JOIN ivol.root_property rp
            ON rp.root_id = ov.root_id
            AND '2024-06-26 00:00:00' BETWEEN rp.t_date AND rp.term_date
        JOIN ivol.exchange e
            ON e.exchange_id = rp.exchange_id
        JOIN temp_option_contract_keys tok
            ON ov.expiration_date = tok.expiration_date
            AND ov.call_put = tok.call_put
            AND ov.strike = tok.strike
            AND ov.root = tok.root
            AND e.mic = tok.mic
        WHERE ov.t_date = '2024-06-26 00:00:00'
        UNION ALL
        SELECT
            ovn.t_date,
            ovn.expiration_date, ovn.call_put, ovn.strike, ovn.root, e.mic,
            ovn.stock_id, ovn.root_id
        FROM ivol.option_value_ns ovn
        JOIN ivol.root_property rp
            ON rp.root_id = ovn.root_id
            AND '2024-06-26 00:00:00' BETWEEN rp.t_date AND rp.term_date
        JOIN ivol.exchange e
            ON e.exchange_id = rp.exchange_id
        JOIN temp_option_contract_keys tok
            ON ovn.expiration_date = tok.expiration_date
            AND ovn.call_put = tok.call_put
            AND ovn.strike = tok.strike
            AND ovn.root = tok.root
            AND e.mic = tok.mic
        WHERE ovn.t_date = '2024-06-26 00:00:00'
    
[2026-08-24 09:17:46,917] [merqutil.db] [INFO] [56923] materializing option contracts: 1 rows created in 0.04841774981468916 s
[2026-08-24 09:17:47,004] [merqutil.db] [DEBUG] [56923] : running sql

            SELECT
                ov.root, ov.expiration_date, ov.call_put, ov.strike, ov.mic,
                replace(ss.symbol, '/', '.') as symbol
            FROM temp_option_contracts ov
            JOIN ivol.stock_symbol ss
                ON (ss.stock_id = ov.stock_id
                    AND '2024-06-26 00:00:00' BETWEEN ss.t_date AND ss.term_date
                    AND ss.symbol not like '%%%%7' -- Exclude mini options
                )
            JOIN ivol.stock s
                ON (ss.stock_id = s.stock_id)
            WHERE
                s.type IN ('S', 'F')
        
[2026-08-24 09:17:47,028] [merqutil.db] [INFO] [56923] 1 rows selected in 0.023808791069313884 s
[2026-08-24 09:17:47,028] [merqutil.db] [DEBUG] [56923] : running sql

            SELECT
                rp.symbol, e.mic
            FROM ivol.root_property rp
            JOIN ivol.exchange e
                ON e.exchange_id = rp.exchange_id
            JOIN ivol.stock s
                ON s.stock_id = rp.stock_id
            WHERE rp.symbol in ('SPY')
                AND rp.t_date <= '2024-06-26 00:00:00' AND rp.term_date >= '2024-06-26 00:00:00'
                AND s.region_id = 1;
        
[2026-08-24 09:17:47,042] [merqutil.db] [INFO] [56923] 1 rows selected in 0.013661083066836 s
[2026-08-24 09:17:47,110] [merq.merq_platform.impl.services.options.ivol_utils] [DEBUG] [56923] Created temp table temp_option_contract_keys with index
[2026-08-24 09:17:47,110] [merq.merq_platform.impl.services.options.ivol_utils] [DEBUG] [56923] Populating temp table with 1 option keys
[2026-08-24 09:17:47,148] [merq.merq_platform.impl.services.options.ivol_utils] [DEBUG] [56923] Inserted 1 keys into temp table in 1 batches
[2026-08-24 09:17:47,188] [merqutil.db] [DEBUG] [56923] materializing option contracts: : running sql
CREATE TEMP TABLE temp_option_contracts AS 
        SELECT
            ov.t_date,
            ov.expiration_date, ov.call_put, ov.strike, ov.root, e.mic,
            ov.stock_id, ov.root_id
        FROM ivol.option_value ov
        JOIN ivol.root_property rp
            ON rp.root_id = ov.root_id
            AND '2024-06-26 00:00:00' BETWEEN rp.t_date AND rp.term_date
        JOIN ivol.exchange e
            ON e.exchange_id = rp.exchange_id
        JOIN temp_option_contract_keys tok
            ON ov.expiration_date = tok.expiration_date
            AND ov.call_put = tok.call_put
            AND ov.strike = tok.strike
            AND ov.root = tok.root
            AND e.mic = tok.mic
        WHERE ov.t_date = '2024-06-26 00:00:00'
        UNION ALL
        SELECT
            ovn.t_date,
            ovn.expiration_date, ovn.call_put, ovn.strike, ovn.root, e.mic,
            ovn.stock_id, ovn.root_id
        FROM ivol.option_value_ns ovn
        JOIN ivol.root_property rp
            ON rp.root_id = ovn.root_id
            AND '2024-06-26 00:00:00' BETWEEN rp.t_date AND rp.term_date
        JOIN ivol.exchange e
            ON e.exchange_id = rp.exchange_id
        JOIN temp_option_contract_keys tok
            ON ovn.expiration_date = tok.expiration_date
            AND ovn.call_put = tok.call_put
            AND ovn.strike = tok.strike
            AND ovn.root = tok.root
            AND e.mic = tok.mic
        WHERE ovn.t_date = '2024-06-26 00:00:00'
    
[2026-08-24 09:17:47,231] [merqutil.db] [INFO] [56923] materializing option contracts: 1 rows created in 0.04279200010932982 s
[2026-08-24 09:17:47,308] [merqutil.db] [DEBUG] [56923] : running sql

            SELECT
                ov.root, ov.expiration_date, ov.call_put, ov.strike, ov.mic,
                replace(ss.symbol, '/', '.') as symbol
            FROM temp_option_contracts ov
            JOIN ivol.stock_symbol ss
                ON (ss.stock_id = ov.stock_id
                    AND '2024-06-26 00:00:00' BETWEEN ss.t_date AND ss.term_date
                    AND ss.symbol not like '%%%%7' -- Exclude mini options
                )
            JOIN ivol.stock s
                ON (ss.stock_id = s.stock_id)
            WHERE
                s.type IN ('I')
        
[2026-08-24 09:17:47,332] [merqutil.db] [INFO] [56923] 0 rows selected in 0.024259416852146387 s
[2026-08-24 09:17:47,333] [merq.merq_platform.impl.services.options.ivol_utils] [DEBUG] [56923] Getting external id for <class 'merq.merq_platform.api.components.identifiers.merq_equity_id.MerqEquityListingId'> with 1 ids.
[2026-08-24 09:17:47,333] [merqutil.db] [DEBUG] [56923] : running sql

        SELECT
            REPLACE(ss.symbol, '/', '.') AS symbol,
            s.region_id,
            e.mic
        FROM ivol.stock_symbol ss
        JOIN ivol.stock s
            ON s.stock_id = ss.stock_id
        LEFT JOIN ivol.exchange e
            ON e.exchange_id = ss.exchange_id
        WHERE (replace(ss.symbol, '/', '.'), s.region_id) in (('SPY', 1)) AND
            '2024-06-27 00:00:00' between ss.t_date and ss.term_date
    
[2026-08-24 09:17:47,352] [merqutil.db] [INFO] [56923] 1 rows selected in 0.01846341695636511 s
[2026-08-24 09:17:47,352] [merq.merq_platform.impl.services.options.ivol_utils] [DEBUG] [56923] Getting stock ids for 1 merq_ids, effective date: 2024-06-27 00:00:00.
[2026-08-24 09:17:47,352] [merqutil.db] [DEBUG] [56923] : running sql

        SELECT
            MAX(ss.stock_id) AS stock_id,
            REPLACE(ss.symbol, '/', '.') AS symbol,
            e.mic
        FROM ivol.stock_symbol ss
        LEFT JOIN ivol.exchange e
            ON e.exchange_id = ss.exchange_id
        WHERE
            (REPLACE(ss.symbol, '/', '.'), COALESCE(e.mic, 'NA')) IN (('SPY', 'ARCX')) AND
            '2024-06-27 00:00:00' BETWEEN ss.t_date AND ss.term_date
        GROUP BY ss.symbol, e.mic
        HAVING COUNT(DISTINCT ss.stock_id) = 1
    
[2026-08-24 09:17:47,369] [merqutil.db] [INFO] [56923] 1 rows selected in 0.016621333081275225 s
[2026-08-24 09:17:47,369] [merq.merq_platform.impl.services.options.ivol_utils] [DEBUG] [56923] Found 1 symbol, mic pairs mapping to stock ids.
[2026-08-24 09:17:47,369] [merqutil.db] [DEBUG] [56923] : running sql

            SELECT ca.ex_date, ca.action_type, ca.stock_id
            FROM merq.corp_actions ca
            WHERE ca.ex_date = '2024-06-27 00:00:00' AND
                ca.action_type in ('dvd', 'spl', 'sdvd', 'sp', 'distr', 'rts') AND
                ca.stock_id in (627)
        
[2026-08-24 09:17:47,383] [merqutil.db] [INFO] [56923] 0 rows selected in 0.01338258315809071 s
[2026-08-24 09:17:47,383] [merqutil.db] [DEBUG] [56923] : running sql

        SELECT d.stock_id, d.last_dvd_date, d.last_dvd_amount, d.real_last_dvd_amount, d.dvd_ccy
        FROM ivol.dividend d
        WHERE d.last_dvd_date = '2024-06-27 00:00:00' AND
            d.stock_id in (627)
        
[2026-08-24 09:17:47,395] [merqutil.db] [INFO] [56923] 0 rows selected in 0.011688084108754992 s
[2026-08-24 09:17:47,395] [merqutil.db] [DEBUG] [56923] : running sql

            SELECT COUNT(*)
            FROM merq.corp_actions ca
            JOIN ivol.root_property rp
                ON (
                    rp.stock_id=ca.stock_id
                )
            WHERE (ca.ex_date='2024-06-26 00:00:00' OR ca.ex_date='2024-06-27 00:00:00')
                AND ca.action_type='rn'
                AND rp.action_type='RootRn'
                AND rp.t_date='2024-06-27 00:00:00'
                AND ca.stock_id IN (627);
        
[2026-08-24 09:17:47,409] [merqutil.db] [INFO] [56923] 1 rows selected in 0.01308699999935925 s
[2026-08-24 09:17:47,411] [merq.merq_platform.api.components.computation_pipeline.level_computers.standard_level_computer] [DEBUG] [56923] Equities contribution to index level: 1001.8365135626527
[2026-08-24 09:17:47,411] [merq.merq_platform.api.components.computation_pipeline.level_computers.standard_level_computer] [DEBUG] [56923] Options contribution to index level: -15.647095553800682
[2026-08-24 09:17:47,411] [merq.merq_platform.api.components.computation_pipeline.level_computers.standard_level_computer] [DEBUG] [56923] Cash contribution to index level: 16.20723219040974
[2026-08-24 09:17:47,412] [merq.merq_platform.api.components.computation_pipeline.level_computers.standard_level_computer] [DEBUG] [56923] Equities contribution to index level: 1003.415915226534
[2026-08-24 09:17:47,412] [merq.merq_platform.api.components.computation_pipeline.level_computers.standard_level_computer] [DEBUG] [56923] Options contribution to index level: -15.637912985987441
[2026-08-24 09:17:47,412] [merq.merq_platform.api.components.computation_pipeline.level_computers.standard_level_computer] [DEBUG] [56923] Cash contribution to index level: 16.20723219040974
[2026-08-24 09:17:47,412] [merq.merq_platform.api.indices.multi_asset.multi_asset_base_index] [INFO] [56923] Computed index level for 2024-06-27 00:00:00 as 1003.9852344309563
[2026-08-24 09:17:47,413] [merq.merq_platform.api.components.computation_pipeline.level_computers.standard_level_computer] [DEBUG] [56923] Equities contribution to index level: 1003.415915226534
[2026-08-24 09:17:47,413] [merq.merq_platform.api.components.computation_pipeline.level_computers.standard_level_computer] [DEBUG] [56923] Options contribution to index level: -15.637912985987441
[2026-08-24 09:17:47,413] [merq.merq_platform.api.components.computation_pipeline.level_computers.standard_level_computer] [DEBUG] [56923] Cash contribution to index level: 16.20723219040974
[2026-08-24 09:17:47,425] [merq.merq_platform.api.indices.multi_asset.multi_asset_base_index] [DEBUG] [56923] Loaded in portfolio for date 2024-06-27 00:00:00
[2026-08-24 09:17:47,426] [merq.merq_platform.api.components.computation_pipeline.corax_loaders.index_corporate_actions_loader] [DEBUG] [56923] Loading corporate actions for el merq ids in unknown from 2024-06-28 00:00:00 to 2024-06-28 00:00:00...
[2026-08-24 09:17:47,426] [merq.merq_platform.api.components.computation_pipeline.corax_loaders.index_corporate_actions_loader] [DEBUG] [56923] Loading corporate actions for op merq ids in unknown from 2024-06-28 00:00:00 to 2024-06-28 00:00:00...
[2026-08-24 09:17:47,426] [merq.merq_platform.impl.services.options.ivol_reference_data_provider] [DEBUG] [56923] Getting underlying for 1 option contracts on eff_date: 2024-06-27 00:00:00
[2026-08-24 09:17:47,427] [merqutil.db] [DEBUG] [56923] : running sql

            SELECT
                rp.symbol, e.mic
            FROM ivol.root_property rp
            JOIN ivol.exchange e
                ON e.exchange_id = rp.exchange_id
            JOIN ivol.stock s
                ON s.stock_id = rp.stock_id
            WHERE rp.symbol in ('SPY')
                AND rp.t_date <= '2024-06-27 00:00:00' AND rp.term_date >= '2024-06-27 00:00:00'
                AND s.region_id = 1;
        
[2026-08-24 09:17:47,439] [merqutil.db] [INFO] [56923] 1 rows selected in 0.01199258305132389 s
[2026-08-24 09:17:47,505] [merq.merq_platform.impl.services.options.ivol_utils] [DEBUG] [56923] Created temp table temp_option_contract_keys with index
[2026-08-24 09:17:47,505] [merq.merq_platform.impl.services.options.ivol_utils] [DEBUG] [56923] Populating temp table with 1 option keys
[2026-08-24 09:17:47,542] [merq.merq_platform.impl.services.options.ivol_utils] [DEBUG] [56923] Inserted 1 keys into temp table in 1 batches
[2026-08-24 09:17:47,582] [merqutil.db] [DEBUG] [56923] materializing option contracts: : running sql
CREATE TEMP TABLE temp_option_contracts AS 
        SELECT
            ov.t_date,
            ov.expiration_date, ov.call_put, ov.strike, ov.root, e.mic,
            ov.stock_id, ov.root_id
        FROM ivol.option_value ov
        JOIN ivol.root_property rp
            ON rp.root_id = ov.root_id
            AND '2024-06-27 00:00:00' BETWEEN rp.t_date AND rp.term_date
        JOIN ivol.exchange e
            ON e.exchange_id = rp.exchange_id
        JOIN temp_option_contract_keys tok
            ON ov.expiration_date = tok.expiration_date
            AND ov.call_put = tok.call_put
            AND ov.strike = tok.strike
            AND ov.root = tok.root
            AND e.mic = tok.mic
        WHERE ov.t_date = '2024-06-27 00:00:00'
        UNION ALL
        SELECT
            ovn.t_date,
            ovn.expiration_date, ovn.call_put, ovn.strike, ovn.root, e.mic,
            ovn.stock_id, ovn.root_id
        FROM ivol.option_value_ns ovn
        JOIN ivol.root_property rp
            ON rp.root_id = ovn.root_id
            AND '2024-06-27 00:00:00' BETWEEN rp.t_date AND rp.term_date
        JOIN ivol.exchange e
            ON e.exchange_id = rp.exchange_id
        JOIN temp_option_contract_keys tok
            ON ovn.expiration_date = tok.expiration_date
            AND ovn.call_put = tok.call_put
            AND ovn.strike = tok.strike
            AND ovn.root = tok.root
            AND e.mic = tok.mic
        WHERE ovn.t_date = '2024-06-27 00:00:00'
    
[2026-08-24 09:17:47,621] [merqutil.db] [INFO] [56923] materializing option contracts: 1 rows created in 0.039357082918286324 s
[2026-08-24 09:17:47,701] [merqutil.db] [DEBUG] [56923] : running sql

            SELECT
                ov.root, ov.expiration_date, ov.call_put, ov.strike, ov.mic,
                replace(ss.symbol, '/', '.') as symbol
            FROM temp_option_contracts ov
            JOIN ivol.stock_symbol ss
                ON (ss.stock_id = ov.stock_id
                    AND '2024-06-27 00:00:00' BETWEEN ss.t_date AND ss.term_date
                    AND ss.symbol not like '%%%%7' -- Exclude mini options
                )
            JOIN ivol.stock s
                ON (ss.stock_id = s.stock_id)
            WHERE
                s.type IN ('S', 'F')
        
[2026-08-24 09:17:47,727] [merqutil.db] [INFO] [56923] 1 rows selected in 0.025776457972824574 s
[2026-08-24 09:17:47,728] [merqutil.db] [DEBUG] [56923] : running sql

            SELECT
                rp.symbol, e.mic
            FROM ivol.root_property rp
            JOIN ivol.exchange e
                ON e.exchange_id = rp.exchange_id
            JOIN ivol.stock s
                ON s.stock_id = rp.stock_id
            WHERE rp.symbol in ('SPY')
                AND rp.t_date <= '2024-06-27 00:00:00' AND rp.term_date >= '2024-06-27 00:00:00'
                AND s.region_id = 1;
        
[2026-08-24 09:17:47,740] [merqutil.db] [INFO] [56923] 1 rows selected in 0.012204374885186553 s
[2026-08-24 09:17:47,828] [merq.merq_platform.impl.services.options.ivol_utils] [DEBUG] [56923] Created temp table temp_option_contract_keys with index
[2026-08-24 09:17:47,829] [merq.merq_platform.impl.services.options.ivol_utils] [DEBUG] [56923] Populating temp table with 1 option keys
[2026-08-24 09:17:47,867] [merq.merq_platform.impl.services.options.ivol_utils] [DEBUG] [56923] Inserted 1 keys into temp table in 1 batches
[2026-08-24 09:17:47,906] [merqutil.db] [DEBUG] [56923] materializing option contracts: : running sql
CREATE TEMP TABLE temp_option_contracts AS 
        SELECT
            ov.t_date,
            ov.expiration_date, ov.call_put, ov.strike, ov.root, e.mic,
            ov.stock_id, ov.root_id
        FROM ivol.option_value ov
        JOIN ivol.root_property rp
            ON rp.root_id = ov.root_id
            AND '2024-06-27 00:00:00' BETWEEN rp.t_date AND rp.term_date
        JOIN ivol.exchange e
            ON e.exchange_id = rp.exchange_id
        JOIN temp_option_contract_keys tok
            ON ov.expiration_date = tok.expiration_date
            AND ov.call_put = tok.call_put
            AND ov.strike = tok.strike
            AND ov.root = tok.root
            AND e.mic = tok.mic
        WHERE ov.t_date = '2024-06-27 00:00:00'
        UNION ALL
        SELECT
            ovn.t_date,
            ovn.expiration_date, ovn.call_put, ovn.strike, ovn.root, e.mic,
            ovn.stock_id, ovn.root_id
        FROM ivol.option_value_ns ovn
        JOIN ivol.root_property rp
            ON rp.root_id = ovn.root_id
            AND '2024-06-27 00:00:00' BETWEEN rp.t_date AND rp.term_date
        JOIN ivol.exchange e
            ON e.exchange_id = rp.exchange_id
        JOIN temp_option_contract_keys tok
            ON ovn.expiration_date = tok.expiration_date
            AND ovn.call_put = tok.call_put
            AND ovn.strike = tok.strike
            AND ovn.root = tok.root
            AND e.mic = tok.mic
        WHERE ovn.t_date = '2024-06-27 00:00:00'
    
[2026-08-24 09:17:47,950] [merqutil.db] [INFO] [56923] materializing option contracts: 1 rows created in 0.043994124978780746 s
[2026-08-24 09:17:48,029] [merqutil.db] [DEBUG] [56923] : running sql

            SELECT
                ov.root, ov.expiration_date, ov.call_put, ov.strike, ov.mic,
                replace(ss.symbol, '/', '.') as symbol
            FROM temp_option_contracts ov
            JOIN ivol.stock_symbol ss
                ON (ss.stock_id = ov.stock_id
                    AND '2024-06-27 00:00:00' BETWEEN ss.t_date AND ss.term_date
                    AND ss.symbol not like '%%%%7' -- Exclude mini options
                )
            JOIN ivol.stock s
                ON (ss.stock_id = s.stock_id)
            WHERE
                s.type IN ('I')
        
[2026-08-24 09:17:48,055] [merqutil.db] [INFO] [56923] 0 rows selected in 0.0255837079603225 s
[2026-08-24 09:17:48,055] [merq.merq_platform.impl.services.options.ivol_utils] [DEBUG] [56923] Getting external id for <class 'merq.merq_platform.api.components.identifiers.merq_equity_id.MerqEquityListingId'> with 1 ids.
[2026-08-24 09:17:48,056] [merqutil.db] [DEBUG] [56923] : running sql

        SELECT
            REPLACE(ss.symbol, '/', '.') AS symbol,
            s.region_id,
            e.mic
        FROM ivol.stock_symbol ss
        JOIN ivol.stock s
            ON s.stock_id = ss.stock_id
        LEFT JOIN ivol.exchange e
            ON e.exchange_id = ss.exchange_id
        WHERE (replace(ss.symbol, '/', '.'), s.region_id) in (('SPY', 1)) AND
            '2024-06-28 00:00:00' between ss.t_date and ss.term_date
    
[2026-08-24 09:17:48,074] [merqutil.db] [INFO] [56923] 1 rows selected in 0.01776229217648506 s
[2026-08-24 09:17:48,074] [merq.merq_platform.impl.services.options.ivol_utils] [DEBUG] [56923] Getting stock ids for 1 merq_ids, effective date: 2024-06-28 00:00:00.
[2026-08-24 09:17:48,074] [merqutil.db] [DEBUG] [56923] : running sql

        SELECT
            MAX(ss.stock_id) AS stock_id,
            REPLACE(ss.symbol, '/', '.') AS symbol,
            e.mic
        FROM ivol.stock_symbol ss
        LEFT JOIN ivol.exchange e
            ON e.exchange_id = ss.exchange_id
        WHERE
            (REPLACE(ss.symbol, '/', '.'), COALESCE(e.mic, 'NA')) IN (('SPY', 'ARCX')) AND
            '2024-06-28 00:00:00' BETWEEN ss.t_date AND ss.term_date
        GROUP BY ss.symbol, e.mic
        HAVING COUNT(DISTINCT ss.stock_id) = 1
    
[2026-08-24 09:17:48,091] [merqutil.db] [INFO] [56923] 1 rows selected in 0.017283125082030892 s
[2026-08-24 09:17:48,091] [merq.merq_platform.impl.services.options.ivol_utils] [DEBUG] [56923] Found 1 symbol, mic pairs mapping to stock ids.
[2026-08-24 09:17:48,092] [merqutil.db] [DEBUG] [56923] : running sql

            SELECT ca.ex_date, ca.action_type, ca.stock_id
            FROM merq.corp_actions ca
            WHERE ca.ex_date = '2024-06-28 00:00:00' AND
                ca.action_type in ('dvd', 'spl', 'sdvd', 'sp', 'distr', 'rts') AND
                ca.stock_id in (627)
        
[2026-08-24 09:17:48,104] [merqutil.db] [INFO] [56923] 0 rows selected in 0.012160458136349916 s
[2026-08-24 09:17:48,104] [merqutil.db] [DEBUG] [56923] : running sql

        SELECT d.stock_id, d.last_dvd_date, d.last_dvd_amount, d.real_last_dvd_amount, d.dvd_ccy
        FROM ivol.dividend d
        WHERE d.last_dvd_date = '2024-06-28 00:00:00' AND
            d.stock_id in (627)
        
[2026-08-24 09:17:48,117] [merqutil.db] [INFO] [56923] 0 rows selected in 0.012244208017364144 s
[2026-08-24 09:17:48,117] [merqutil.db] [DEBUG] [56923] : running sql

            SELECT COUNT(*)
            FROM merq.corp_actions ca
            JOIN ivol.root_property rp
                ON (
                    rp.stock_id=ca.stock_id
                )
            WHERE (ca.ex_date='2024-06-27 00:00:00' OR ca.ex_date='2024-06-28 00:00:00')
                AND ca.action_type='rn'
                AND rp.action_type='RootRn'
                AND rp.t_date='2024-06-28 00:00:00'
                AND ca.stock_id IN (627);
        
[2026-08-24 09:17:48,131] [merqutil.db] [INFO] [56923] 1 rows selected in 0.013305041939020157 s
[2026-08-24 09:17:48,132] [merq.merq_platform.api.components.computation_pipeline.level_computers.standard_level_computer] [DEBUG] [56923] Equities contribution to index level: 1003.415915226534
[2026-08-24 09:17:48,132] [merq.merq_platform.api.components.computation_pipeline.level_computers.standard_level_computer] [DEBUG] [56923] Options contribution to index level: -15.637912985987441
[2026-08-24 09:17:48,132] [merq.merq_platform.api.components.computation_pipeline.level_computers.standard_level_computer] [DEBUG] [56923] Cash contribution to index level: 16.20723219040974
[2026-08-24 09:17:48,133] [merq.merq_platform.api.components.computation_pipeline.level_computers.standard_level_computer] [DEBUG] [56923] Equities contribution to index level: 999.4674110668309
[2026-08-24 09:17:48,133] [merq.merq_platform.api.components.computation_pipeline.level_computers.standard_level_computer] [DEBUG] [56923] Options contribution to index level: -13.470826982057247
[2026-08-24 09:17:48,133] [merq.merq_platform.api.components.computation_pipeline.level_computers.standard_level_computer] [DEBUG] [56923] Cash contribution to index level: 16.20723219040974
[2026-08-24 09:17:48,133] [merq.merq_platform.api.indices.multi_asset.multi_asset_base_index] [INFO] [56923] Computed index level for 2024-06-28 00:00:00 as 1002.2038162751834
[2026-08-24 09:17:48,136] [merq.merq_platform.api.components.computation_pipeline.level_computers.standard_level_computer] [DEBUG] [56923] Equities contribution to index level: 999.4674110668309
[2026-08-24 09:17:48,136] [merq.merq_platform.api.components.computation_pipeline.level_computers.standard_level_computer] [DEBUG] [56923] Options contribution to index level: -13.470826982057247
[2026-08-24 09:17:48,136] [merq.merq_platform.api.components.computation_pipeline.level_computers.standard_level_computer] [DEBUG] [56923] Cash contribution to index level: 16.20723219040974
[2026-08-24 09:17:48,148] [merq.merq_platform.api.indices.multi_asset.multi_asset_base_index] [DEBUG] [56923] Loaded in portfolio for date 2024-06-28 00:00:00
[2026-08-24 09:17:48,149] [merq.merq_platform.api.components.computation_pipeline.corax_loaders.index_corporate_actions_loader] [DEBUG] [56923] Loading corporate actions for el merq ids in unknown from 2024-06-29 00:00:00 to 2024-07-01 00:00:00...
[2026-08-24 09:17:48,149] [merq.merq_platform.api.components.computation_pipeline.corax_loaders.index_corporate_actions_loader] [DEBUG] [56923] Loading corporate actions for op merq ids in unknown from 2024-06-29 00:00:00 to 2024-07-01 00:00:00...
[2026-08-24 09:17:48,149] [merq.merq_platform.impl.services.options.ivol_reference_data_provider] [DEBUG] [56923] Getting underlying for 1 option contracts on eff_date: 2024-06-28 00:00:00
[2026-08-24 09:17:48,149] [merqutil.db] [DEBUG] [56923] : running sql

            SELECT
                rp.symbol, e.mic
            FROM ivol.root_property rp
            JOIN ivol.exchange e
                ON e.exchange_id = rp.exchange_id
            JOIN ivol.stock s
                ON s.stock_id = rp.stock_id
            WHERE rp.symbol in ('SPY')
                AND rp.t_date <= '2024-06-28 00:00:00' AND rp.term_date >= '2024-06-28 00:00:00'
                AND s.region_id = 1;
        
[2026-08-24 09:17:48,162] [merqutil.db] [INFO] [56923] 1 rows selected in 0.012965166009962559 s
[2026-08-24 09:17:48,229] [merq.merq_platform.impl.services.options.ivol_utils] [DEBUG] [56923] Created temp table temp_option_contract_keys with index
[2026-08-24 09:17:48,229] [merq.merq_platform.impl.services.options.ivol_utils] [DEBUG] [56923] Populating temp table with 1 option keys
[2026-08-24 09:17:48,268] [merq.merq_platform.impl.services.options.ivol_utils] [DEBUG] [56923] Inserted 1 keys into temp table in 1 batches
[2026-08-24 09:17:48,309] [merqutil.db] [DEBUG] [56923] materializing option contracts: : running sql
CREATE TEMP TABLE temp_option_contracts AS 
        SELECT
            ov.t_date,
            ov.expiration_date, ov.call_put, ov.strike, ov.root, e.mic,
            ov.stock_id, ov.root_id
        FROM ivol.option_value ov
        JOIN ivol.root_property rp
            ON rp.root_id = ov.root_id
            AND '2024-06-28 00:00:00' BETWEEN rp.t_date AND rp.term_date
        JOIN ivol.exchange e
            ON e.exchange_id = rp.exchange_id
        JOIN temp_option_contract_keys tok
            ON ov.expiration_date = tok.expiration_date
            AND ov.call_put = tok.call_put
            AND ov.strike = tok.strike
            AND ov.root = tok.root
            AND e.mic = tok.mic
        WHERE ov.t_date = '2024-06-28 00:00:00'
        UNION ALL
        SELECT
            ovn.t_date,
            ovn.expiration_date, ovn.call_put, ovn.strike, ovn.root, e.mic,
            ovn.stock_id, ovn.root_id
        FROM ivol.option_value_ns ovn
        JOIN ivol.root_property rp
            ON rp.root_id = ovn.root_id
            AND '2024-06-28 00:00:00' BETWEEN rp.t_date AND rp.term_date
        JOIN ivol.exchange e
            ON e.exchange_id = rp.exchange_id
        JOIN temp_option_contract_keys tok
            ON ovn.expiration_date = tok.expiration_date
            AND ovn.call_put = tok.call_put
            AND ovn.strike = tok.strike
            AND ovn.root = tok.root
            AND e.mic = tok.mic
        WHERE ovn.t_date = '2024-06-28 00:00:00'
    
[2026-08-24 09:17:48,349] [merqutil.db] [INFO] [56923] materializing option contracts: 1 rows created in 0.04007437499240041 s
[2026-08-24 09:17:48,428] [merqutil.db] [DEBUG] [56923] : running sql

            SELECT
                ov.root, ov.expiration_date, ov.call_put, ov.strike, ov.mic,
                replace(ss.symbol, '/', '.') as symbol
            FROM temp_option_contracts ov
            JOIN ivol.stock_symbol ss
                ON (ss.stock_id = ov.stock_id
                    AND '2024-06-28 00:00:00' BETWEEN ss.t_date AND ss.term_date
                    AND ss.symbol not like '%%%%7' -- Exclude mini options
                )
            JOIN ivol.stock s
                ON (ss.stock_id = s.stock_id)
            WHERE
                s.type IN ('S', 'F')
        
[2026-08-24 09:17:48,454] [merqutil.db] [INFO] [56923] 1 rows selected in 0.025813916930928826 s
[2026-08-24 09:17:48,455] [merqutil.db] [DEBUG] [56923] : running sql

            SELECT
                rp.symbol, e.mic
            FROM ivol.root_property rp
            JOIN ivol.exchange e
                ON e.exchange_id = rp.exchange_id
            JOIN ivol.stock s
                ON s.stock_id = rp.stock_id
            WHERE rp.symbol in ('SPY')
                AND rp.t_date <= '2024-06-28 00:00:00' AND rp.term_date >= '2024-06-28 00:00:00'
                AND s.region_id = 1;
        
[2026-08-24 09:17:48,469] [merqutil.db] [INFO] [56923] 1 rows selected in 0.013597332872450352 s
[2026-08-24 09:17:48,536] [merq.merq_platform.impl.services.options.ivol_utils] [DEBUG] [56923] Created temp table temp_option_contract_keys with index
[2026-08-24 09:17:48,537] [merq.merq_platform.impl.services.options.ivol_utils] [DEBUG] [56923] Populating temp table with 1 option keys
[2026-08-24 09:17:48,575] [merq.merq_platform.impl.services.options.ivol_utils] [DEBUG] [56923] Inserted 1 keys into temp table in 1 batches
[2026-08-24 09:17:48,613] [merqutil.db] [DEBUG] [56923] materializing option contracts: : running sql
CREATE TEMP TABLE temp_option_contracts AS 
        SELECT
            ov.t_date,
            ov.expiration_date, ov.call_put, ov.strike, ov.root, e.mic,
            ov.stock_id, ov.root_id
        FROM ivol.option_value ov
        JOIN ivol.root_property rp
            ON rp.root_id = ov.root_id
            AND '2024-06-28 00:00:00' BETWEEN rp.t_date AND rp.term_date
        JOIN ivol.exchange e
            ON e.exchange_id = rp.exchange_id
        JOIN temp_option_contract_keys tok
            ON ov.expiration_date = tok.expiration_date
            AND ov.call_put = tok.call_put
            AND ov.strike = tok.strike
            AND ov.root = tok.root
            AND e.mic = tok.mic
        WHERE ov.t_date = '2024-06-28 00:00:00'
        UNION ALL
        SELECT
            ovn.t_date,
            ovn.expiration_date, ovn.call_put, ovn.strike, ovn.root, e.mic,
            ovn.stock_id, ovn.root_id
        FROM ivol.option_value_ns ovn
        JOIN ivol.root_property rp
            ON rp.root_id = ovn.root_id
            AND '2024-06-28 00:00:00' BETWEEN rp.t_date AND rp.term_date
        JOIN ivol.exchange e
            ON e.exchange_id = rp.exchange_id
        JOIN temp_option_contract_keys tok
            ON ovn.expiration_date = tok.expiration_date
            AND ovn.call_put = tok.call_put
            AND ovn.strike = tok.strike
            AND ovn.root = tok.root
            AND e.mic = tok.mic
        WHERE ovn.t_date = '2024-06-28 00:00:00'
    
[2026-08-24 09:17:48,654] [merqutil.db] [INFO] [56923] materializing option contracts: 1 rows created in 0.04081266699358821 s
[2026-08-24 09:17:48,736] [merqutil.db] [DEBUG] [56923] : running sql

            SELECT
                ov.root, ov.expiration_date, ov.call_put, ov.strike, ov.mic,
                replace(ss.symbol, '/', '.') as symbol
            FROM temp_option_contracts ov
            JOIN ivol.stock_symbol ss
                ON (ss.stock_id = ov.stock_id
                    AND '2024-06-28 00:00:00' BETWEEN ss.t_date AND ss.term_date
                    AND ss.symbol not like '%%%%7' -- Exclude mini options
                )
            JOIN ivol.stock s
                ON (ss.stock_id = s.stock_id)
            WHERE
                s.type IN ('I')
        
[2026-08-24 09:17:48,761] [merqutil.db] [INFO] [56923] 0 rows selected in 0.025290874997153878 s
[2026-08-24 09:17:48,762] [merq.merq_platform.impl.services.options.ivol_utils] [DEBUG] [56923] Getting external id for <class 'merq.merq_platform.api.components.identifiers.merq_equity_id.MerqEquityListingId'> with 1 ids.
[2026-08-24 09:17:48,762] [merqutil.db] [DEBUG] [56923] : running sql

        SELECT
            REPLACE(ss.symbol, '/', '.') AS symbol,
            s.region_id,
            e.mic
        FROM ivol.stock_symbol ss
        JOIN ivol.stock s
            ON s.stock_id = ss.stock_id
        LEFT JOIN ivol.exchange e
            ON e.exchange_id = ss.exchange_id
        WHERE (replace(ss.symbol, '/', '.'), s.region_id) in (('SPY', 1)) AND
            '2024-07-01 00:00:00' between ss.t_date and ss.term_date
    
[2026-08-24 09:17:48,780] [merqutil.db] [INFO] [56923] 1 rows selected in 0.017539292108267546 s
[2026-08-24 09:17:48,780] [merq.merq_platform.impl.services.options.ivol_utils] [DEBUG] [56923] Getting stock ids for 1 merq_ids, effective date: 2024-07-01 00:00:00.
[2026-08-24 09:17:48,780] [merqutil.db] [DEBUG] [56923] : running sql

        SELECT
            MAX(ss.stock_id) AS stock_id,
            REPLACE(ss.symbol, '/', '.') AS symbol,
            e.mic
        FROM ivol.stock_symbol ss
        LEFT JOIN ivol.exchange e
            ON e.exchange_id = ss.exchange_id
        WHERE
            (REPLACE(ss.symbol, '/', '.'), COALESCE(e.mic, 'NA')) IN (('SPY', 'ARCX')) AND
            '2024-07-01 00:00:00' BETWEEN ss.t_date AND ss.term_date
        GROUP BY ss.symbol, e.mic
        HAVING COUNT(DISTINCT ss.stock_id) = 1
    
[2026-08-24 09:17:48,798] [merqutil.db] [INFO] [56923] 1 rows selected in 0.017182958777993917 s
[2026-08-24 09:17:48,798] [merq.merq_platform.impl.services.options.ivol_utils] [DEBUG] [56923] Found 1 symbol, mic pairs mapping to stock ids.
[2026-08-24 09:17:48,798] [merqutil.db] [DEBUG] [56923] : running sql

            SELECT ca.ex_date, ca.action_type, ca.stock_id
            FROM merq.corp_actions ca
            WHERE ca.ex_date = '2024-07-01 00:00:00' AND
                ca.action_type in ('dvd', 'spl', 'sdvd', 'sp', 'distr', 'rts') AND
                ca.stock_id in (627)
        
[2026-08-24 09:17:48,811] [merqutil.db] [INFO] [56923] 0 rows selected in 0.012411375064402819 s
[2026-08-24 09:17:48,811] [merqutil.db] [DEBUG] [56923] : running sql

        SELECT d.stock_id, d.last_dvd_date, d.last_dvd_amount, d.real_last_dvd_amount, d.dvd_ccy
        FROM ivol.dividend d
        WHERE d.last_dvd_date = '2024-07-01 00:00:00' AND
            d.stock_id in (627)
        
[2026-08-24 09:17:48,823] [merqutil.db] [INFO] [56923] 0 rows selected in 0.012055542087182403 s
[2026-08-24 09:17:48,824] [merqutil.db] [DEBUG] [56923] : running sql

            SELECT COUNT(*)
            FROM merq.corp_actions ca
            JOIN ivol.root_property rp
                ON (
                    rp.stock_id=ca.stock_id
                )
            WHERE (ca.ex_date='2024-06-28 00:00:00' OR ca.ex_date='2024-07-01 00:00:00')
                AND ca.action_type='rn'
                AND rp.action_type='RootRn'
                AND rp.t_date='2024-07-01 00:00:00'
                AND ca.stock_id IN (627);
        
[2026-08-24 09:17:48,836] [merqutil.db] [INFO] [56923] 1 rows selected in 0.012551415944471955 s
[2026-08-24 09:17:48,838] [merq.merq_platform.api.components.computation_pipeline.level_computers.standard_level_computer] [DEBUG] [56923] Equities contribution to index level: 999.4674110668309
[2026-08-24 09:17:48,838] [merq.merq_platform.api.components.computation_pipeline.level_computers.standard_level_computer] [DEBUG] [56923] Options contribution to index level: -13.470826982057247
[2026-08-24 09:17:48,838] [merq.merq_platform.api.components.computation_pipeline.level_computers.standard_level_computer] [DEBUG] [56923] Cash contribution to index level: 16.20723219040974
[2026-08-24 09:17:48,839] [merqutil.db] [DEBUG] [56923] : running sql

            SELECT
                rp.symbol, e.mic
            FROM ivol.root_property rp
            JOIN ivol.exchange e
                ON e.exchange_id = rp.exchange_id
            JOIN ivol.stock s
                ON s.stock_id = rp.stock_id
            WHERE rp.symbol in ('SPY')
                AND rp.t_date <= '2024-07-31 00:00:00' AND rp.term_date >= '2024-07-01 00:00:00'
                AND s.region_id = 1;
        
[2026-08-24 09:17:48,851] [merqutil.db] [INFO] [56923] 1 rows selected in 0.011938542127609253 s
[2026-08-24 09:17:48,851] [merqutil.db] [DEBUG] [56923] : running sql

            SELECT
                ov.t_date,
                ov.root, ov.expiration_date, ov.strike, ov.call_put, e.mic,
                ov.open, ov.high, ov.low, ov.close,
                ov.bid, ov.ask, ov.final_price as price, ov.open_interest, ov.volume, ov.shift,
                ov.iv, ov.delta, ov.gamma, ov.theta, ov.vega, ov.rho, ov.is_interpolated, ov.status,
                s.currency
            FROM ivol.root_property rp
            JOIN ivol.exchange e
                ON e.exchange_id = rp.exchange_id
            JOIN merq.option_prices ov
                ON  (
                    ov.stock_id = rp.stock_id
                    AND ov.root_id = rp.root_id
                )
            JOIN ivol.stock s
                ON s.stock_id = rp.stock_id
            WHERE
                ov.t_date between '2024-07-01 00:00:00' and '2024-07-31 00:00:00'
                AND ov.t_date between rp.t_date and rp.term_date
                AND (ov.expiration_date, ov.call_put, ov.strike::numeric, rp.symbol, e.mic) IN (('2024-09-20 00:00:00', 'C', '560.0', 'SPY', 'XCBO'))
                AND rp.is_enabled = TRUE
            UNION ALL
            SELECT
                ovn.t_date, ovn.root, ovn.expiration_date, ovn.strike, ovn.call_put, e.mic,
                ovn.open, ovn.high, ovn.low, ovn.close,
                ovn.bid, ovn.ask, ovn.final_price as price, ovn.open_interest, ovn.volume, ovn.shift,
                ovn.iv, ovn.delta, ovn.gamma, ovn.theta, ovn.vega, ovn.rho, ovn.is_interpolated, ovn.status,
                s.currency
            FROM ivol.root_property rp
            JOIN ivol.exchange e
                ON e.exchange_id = rp.exchange_id
            JOIN merq.option_prices_ns ovn
                ON  (
                    ovn.stock_id = rp.stock_id
                    AND ovn.root_id = rp.root_id
                )
            JOIN ivol.stock s
                ON s.stock_id = rp.stock_id
            WHERE
                ovn.t_date between '2024-07-01 00:00:00' and '2024-07-31 00:00:00'
                AND ovn.t_date between rp.t_date and rp.term_date
                AND (ovn.expiration_date, ovn.call_put, ovn.strike::numeric, rp.symbol, e.mic) IN (('2024-09-20 00:00:00', 'C', '560.0', 'SPY', 'XCBO'))
                AND rp.is_enabled = FALSE;
        
[2026-08-24 09:17:49,390] [merqutil.db] [INFO] [56923] 22 rows selected in 0.5384072498418391 s
[2026-08-24 09:17:49,393] [merq.merq_platform.api.components.computation_pipeline.level_computers.standard_level_computer] [DEBUG] [56923] Equities contribution to index level: 1001.5243062570019
[2026-08-24 09:17:49,393] [merq.merq_platform.api.components.computation_pipeline.level_computers.standard_level_computer] [DEBUG] [56923] Options contribution to index level: -13.277993057978733
[2026-08-24 09:17:49,393] [merq.merq_platform.api.components.computation_pipeline.level_computers.standard_level_computer] [DEBUG] [56923] Cash contribution to index level: 16.20723219040974
[2026-08-24 09:17:49,393] [merq.merq_platform.api.indices.multi_asset.multi_asset_base_index] [INFO] [56923] Computed index level for 2024-07-01 00:00:00 as 1004.4535453894329
[2026-08-24 09:17:49,394] [merq.merq_platform.api.components.computation_pipeline.level_computers.standard_level_computer] [DEBUG] [56923] Equities contribution to index level: 1001.5243062570019
[2026-08-24 09:17:49,394] [merq.merq_platform.api.components.computation_pipeline.level_computers.standard_level_computer] [DEBUG] [56923] Options contribution to index level: -13.277993057978733
[2026-08-24 09:17:49,394] [merq.merq_platform.api.components.computation_pipeline.level_computers.standard_level_computer] [DEBUG] [56923] Cash contribution to index level: 16.20723219040974
[2026-08-24 09:17:49,406] [merq.merq_platform.api.indices.multi_asset.multi_asset_base_index] [DEBUG] [56923] Loaded in portfolio for date 2024-07-01 00:00:00
[2026-08-24 09:17:49,406] [merq.merq_platform.api.components.computation_pipeline.corax_loaders.index_corporate_actions_loader] [DEBUG] [56923] Loading corporate actions for el merq ids in unknown from 2024-07-02 00:00:00 to 2024-07-02 00:00:00...
[2026-08-24 09:17:49,406] [merq.merq_platform.api.components.computation_pipeline.corax_loaders.index_corporate_actions_loader] [DEBUG] [56923] Loading corporate actions for op merq ids in unknown from 2024-07-02 00:00:00 to 2024-07-02 00:00:00...
[2026-08-24 09:17:49,407] [merq.merq_platform.impl.services.options.ivol_reference_data_provider] [DEBUG] [56923] Getting underlying for 1 option contracts on eff_date: 2024-07-01 00:00:00
[2026-08-24 09:17:49,407] [merqutil.db] [DEBUG] [56923] : running sql

            SELECT
                rp.symbol, e.mic
            FROM ivol.root_property rp
            JOIN ivol.exchange e
                ON e.exchange_id = rp.exchange_id
            JOIN ivol.stock s
                ON s.stock_id = rp.stock_id
            WHERE rp.symbol in ('SPY')
                AND rp.t_date <= '2024-07-01 00:00:00' AND rp.term_date >= '2024-07-01 00:00:00'
                AND s.region_id = 1;
        
[2026-08-24 09:17:49,419] [merqutil.db] [INFO] [56923] 1 rows selected in 0.012512334156781435 s
[2026-08-24 09:17:49,486] [merq.merq_platform.impl.services.options.ivol_utils] [DEBUG] [56923] Created temp table temp_option_contract_keys with index
[2026-08-24 09:17:49,486] [merq.merq_platform.impl.services.options.ivol_utils] [DEBUG] [56923] Populating temp table with 1 option keys
[2026-08-24 09:17:49,524] [merq.merq_platform.impl.services.options.ivol_utils] [DEBUG] [56923] Inserted 1 keys into temp table in 1 batches
[2026-08-24 09:17:49,564] [merqutil.db] [DEBUG] [56923] materializing option contracts: : running sql
CREATE TEMP TABLE temp_option_contracts AS 
        SELECT
            ov.t_date,
            ov.expiration_date, ov.call_put, ov.strike, ov.root, e.mic,
            ov.stock_id, ov.root_id
        FROM ivol.option_value ov
        JOIN ivol.root_property rp
            ON rp.root_id = ov.root_id
            AND '2024-07-01 00:00:00' BETWEEN rp.t_date AND rp.term_date
        JOIN ivol.exchange e
            ON e.exchange_id = rp.exchange_id
        JOIN temp_option_contract_keys tok
            ON ov.expiration_date = tok.expiration_date
            AND ov.call_put = tok.call_put
            AND ov.strike = tok.strike
            AND ov.root = tok.root
            AND e.mic = tok.mic
        WHERE ov.t_date = '2024-07-01 00:00:00'
        UNION ALL
        SELECT
            ovn.t_date,
            ovn.expiration_date, ovn.call_put, ovn.strike, ovn.root, e.mic,
            ovn.stock_id, ovn.root_id
        FROM ivol.option_value_ns ovn
        JOIN ivol.root_property rp
            ON rp.root_id = ovn.root_id
            AND '2024-07-01 00:00:00' BETWEEN rp.t_date AND rp.term_date
        JOIN ivol.exchange e
            ON e.exchange_id = rp.exchange_id
        JOIN temp_option_contract_keys tok
            ON ovn.expiration_date = tok.expiration_date
            AND ovn.call_put = tok.call_put
            AND ovn.strike = tok.strike
            AND ovn.root = tok.root
            AND e.mic = tok.mic
        WHERE ovn.t_date = '2024-07-01 00:00:00'
    
[2026-08-24 09:17:49,606] [merqutil.db] [INFO] [56923] materializing option contracts: 1 rows created in 0.041493082884699106 s
[2026-08-24 09:17:49,700] [merqutil.db] [DEBUG] [56923] : running sql

            SELECT
                ov.root, ov.expiration_date, ov.call_put, ov.strike, ov.mic,
                replace(ss.symbol, '/', '.') as symbol
            FROM temp_option_contracts ov
            JOIN ivol.stock_symbol ss
                ON (ss.stock_id = ov.stock_id
                    AND '2024-07-01 00:00:00' BETWEEN ss.t_date AND ss.term_date
                    AND ss.symbol not like '%%%%7' -- Exclude mini options
                )
            JOIN ivol.stock s
                ON (ss.stock_id = s.stock_id)
            WHERE
                s.type IN ('S', 'F')
        
[2026-08-24 09:17:49,727] [merqutil.db] [INFO] [56923] 1 rows selected in 0.02614299999549985 s
[2026-08-24 09:17:49,728] [merqutil.db] [DEBUG] [56923] : running sql

            SELECT
                rp.symbol, e.mic
            FROM ivol.root_property rp
            JOIN ivol.exchange e
                ON e.exchange_id = rp.exchange_id
            JOIN ivol.stock s
                ON s.stock_id = rp.stock_id
            WHERE rp.symbol in ('SPY')
                AND rp.t_date <= '2024-07-01 00:00:00' AND rp.term_date >= '2024-07-01 00:00:00'
                AND s.region_id = 1;
        
[2026-08-24 09:17:49,740] [merqutil.db] [INFO] [56923] 1 rows selected in 0.012282165931537747 s
[2026-08-24 09:17:49,807] [merq.merq_platform.impl.services.options.ivol_utils] [DEBUG] [56923] Created temp table temp_option_contract_keys with index
[2026-08-24 09:17:49,807] [merq.merq_platform.impl.services.options.ivol_utils] [DEBUG] [56923] Populating temp table with 1 option keys
[2026-08-24 09:17:49,844] [merq.merq_platform.impl.services.options.ivol_utils] [DEBUG] [56923] Inserted 1 keys into temp table in 1 batches
[2026-08-24 09:17:49,884] [merqutil.db] [DEBUG] [56923] materializing option contracts: : running sql
CREATE TEMP TABLE temp_option_contracts AS 
        SELECT
            ov.t_date,
            ov.expiration_date, ov.call_put, ov.strike, ov.root, e.mic,
            ov.stock_id, ov.root_id
        FROM ivol.option_value ov
        JOIN ivol.root_property rp
            ON rp.root_id = ov.root_id
            AND '2024-07-01 00:00:00' BETWEEN rp.t_date AND rp.term_date
        JOIN ivol.exchange e
            ON e.exchange_id = rp.exchange_id
        JOIN temp_option_contract_keys tok
            ON ov.expiration_date = tok.expiration_date
            AND ov.call_put = tok.call_put
            AND ov.strike = tok.strike
            AND ov.root = tok.root
            AND e.mic = tok.mic
        WHERE ov.t_date = '2024-07-01 00:00:00'
        UNION ALL
        SELECT
            ovn.t_date,
            ovn.expiration_date, ovn.call_put, ovn.strike, ovn.root, e.mic,
            ovn.stock_id, ovn.root_id
        FROM ivol.option_value_ns ovn
        JOIN ivol.root_property rp
            ON rp.root_id = ovn.root_id
            AND '2024-07-01 00:00:00' BETWEEN rp.t_date AND rp.term_date
        JOIN ivol.exchange e
            ON e.exchange_id = rp.exchange_id
        JOIN temp_option_contract_keys tok
            ON ovn.expiration_date = tok.expiration_date
            AND ovn.call_put = tok.call_put
            AND ovn.strike = tok.strike
            AND ovn.root = tok.root
            AND e.mic = tok.mic
        WHERE ovn.t_date = '2024-07-01 00:00:00'
    
[2026-08-24 09:17:49,924] [merqutil.db] [INFO] [56923] materializing option contracts: 1 rows created in 0.040396083146333694 s
[2026-08-24 09:17:50,006] [merqutil.db] [DEBUG] [56923] : running sql

            SELECT
                ov.root, ov.expiration_date, ov.call_put, ov.strike, ov.mic,
                replace(ss.symbol, '/', '.') as symbol
            FROM temp_option_contracts ov
            JOIN ivol.stock_symbol ss
                ON (ss.stock_id = ov.stock_id
                    AND '2024-07-01 00:00:00' BETWEEN ss.t_date AND ss.term_date
                    AND ss.symbol not like '%%%%7' -- Exclude mini options
                )
            JOIN ivol.stock s
                ON (ss.stock_id = s.stock_id)
            WHERE
                s.type IN ('I')
        
[2026-08-24 09:17:50,032] [merqutil.db] [INFO] [56923] 0 rows selected in 0.02558929193764925 s
[2026-08-24 09:17:50,032] [merq.merq_platform.impl.services.options.ivol_utils] [DEBUG] [56923] Getting external id for <class 'merq.merq_platform.api.components.identifiers.merq_equity_id.MerqEquityListingId'> with 1 ids.
[2026-08-24 09:17:50,032] [merqutil.db] [DEBUG] [56923] : running sql

        SELECT
            REPLACE(ss.symbol, '/', '.') AS symbol,
            s.region_id,
            e.mic
        FROM ivol.stock_symbol ss
        JOIN ivol.stock s
            ON s.stock_id = ss.stock_id
        LEFT JOIN ivol.exchange e
            ON e.exchange_id = ss.exchange_id
        WHERE (replace(ss.symbol, '/', '.'), s.region_id) in (('SPY', 1)) AND
            '2024-07-02 00:00:00' between ss.t_date and ss.term_date
    
[2026-08-24 09:17:50,050] [merqutil.db] [INFO] [56923] 1 rows selected in 0.01747779198922217 s
[2026-08-24 09:17:50,050] [merq.merq_platform.impl.services.options.ivol_utils] [DEBUG] [56923] Getting stock ids for 1 merq_ids, effective date: 2024-07-02 00:00:00.
[2026-08-24 09:17:50,051] [merqutil.db] [DEBUG] [56923] : running sql

        SELECT
            MAX(ss.stock_id) AS stock_id,
            REPLACE(ss.symbol, '/', '.') AS symbol,
            e.mic
        FROM ivol.stock_symbol ss
        LEFT JOIN ivol.exchange e
            ON e.exchange_id = ss.exchange_id
        WHERE
            (REPLACE(ss.symbol, '/', '.'), COALESCE(e.mic, 'NA')) IN (('SPY', 'ARCX')) AND
            '2024-07-02 00:00:00' BETWEEN ss.t_date AND ss.term_date
        GROUP BY ss.symbol, e.mic
        HAVING COUNT(DISTINCT ss.stock_id) = 1
    
[2026-08-24 09:17:50,068] [merqutil.db] [INFO] [56923] 1 rows selected in 0.017348499968647957 s
[2026-08-24 09:17:50,068] [merq.merq_platform.impl.services.options.ivol_utils] [DEBUG] [56923] Found 1 symbol, mic pairs mapping to stock ids.
[2026-08-24 09:17:50,068] [merqutil.db] [DEBUG] [56923] : running sql

            SELECT ca.ex_date, ca.action_type, ca.stock_id
            FROM merq.corp_actions ca
            WHERE ca.ex_date = '2024-07-02 00:00:00' AND
                ca.action_type in ('dvd', 'spl', 'sdvd', 'sp', 'distr', 'rts') AND
                ca.stock_id in (627)
        
[2026-08-24 09:17:50,081] [merqutil.db] [INFO] [56923] 0 rows selected in 0.012233082903549075 s
[2026-08-24 09:17:50,081] [merqutil.db] [DEBUG] [56923] : running sql

        SELECT d.stock_id, d.last_dvd_date, d.last_dvd_amount, d.real_last_dvd_amount, d.dvd_ccy
        FROM ivol.dividend d
        WHERE d.last_dvd_date = '2024-07-02 00:00:00' AND
            d.stock_id in (627)
        
[2026-08-24 09:17:50,095] [merqutil.db] [INFO] [56923] 0 rows selected in 0.014175874879583716 s
[2026-08-24 09:17:50,096] [merqutil.db] [DEBUG] [56923] : running sql

            SELECT COUNT(*)
            FROM merq.corp_actions ca
            JOIN ivol.root_property rp
                ON (
                    rp.stock_id=ca.stock_id
                )
            WHERE (ca.ex_date='2024-07-01 00:00:00' OR ca.ex_date='2024-07-02 00:00:00')
                AND ca.action_type='rn'
                AND rp.action_type='RootRn'
                AND rp.t_date='2024-07-02 00:00:00'
                AND ca.stock_id IN (627);
        
[2026-08-24 09:17:50,114] [merqutil.db] [INFO] [56923] 1 rows selected in 0.018303040880709887 s
[2026-08-24 09:17:50,116] [merq.merq_platform.api.components.computation_pipeline.level_computers.standard_level_computer] [DEBUG] [56923] Equities contribution to index level: 1001.5243062570019
[2026-08-24 09:17:50,116] [merq.merq_platform.api.components.computation_pipeline.level_computers.standard_level_computer] [DEBUG] [56923] Options contribution to index level: -13.277993057978733
[2026-08-24 09:17:50,116] [merq.merq_platform.api.components.computation_pipeline.level_computers.standard_level_computer] [DEBUG] [56923] Cash contribution to index level: 16.20723219040974
[2026-08-24 09:17:50,117] [merq.merq_platform.api.components.computation_pipeline.level_computers.standard_level_computer] [DEBUG] [56923] Equities contribution to index level: 1008.264311031937
[2026-08-24 09:17:50,117] [merq.merq_platform.api.components.computation_pipeline.level_computers.standard_level_computer] [DEBUG] [56923] Options contribution to index level: -16.106223944463864
[2026-08-24 09:17:50,117] [merq.merq_platform.api.components.computation_pipeline.level_computers.standard_level_computer] [DEBUG] [56923] Cash contribution to index level: 16.20723219040974
[2026-08-24 09:17:50,118] [merq.merq_platform.api.indices.multi_asset.multi_asset_base_index] [INFO] [56923] Computed index level for 2024-07-02 00:00:00 as 1008.3653192778829
[2026-08-24 09:17:50,119] [merq.merq_platform.api.components.computation_pipeline.level_computers.standard_level_computer] [DEBUG] [56923] Equities contribution to index level: 1008.264311031937
[2026-08-24 09:17:50,119] [merq.merq_platform.api.components.computation_pipeline.level_computers.standard_level_computer] [DEBUG] [56923] Options contribution to index level: -16.106223944463864
[2026-08-24 09:17:50,119] [merq.merq_platform.api.components.computation_pipeline.level_computers.standard_level_computer] [DEBUG] [56923] Cash contribution to index level: 16.20723219040974
[2026-08-24 09:17:50,132] [merq.merq_platform.api.indices.multi_asset.multi_asset_base_index] [DEBUG] [56923] Loaded in portfolio for date 2024-07-02 00:00:00
[2026-08-24 09:17:50,132] [merq.merq_platform.api.components.computation_pipeline.corax_loaders.index_corporate_actions_loader] [DEBUG] [56923] Loading corporate actions for el merq ids in unknown from 2024-07-03 00:00:00 to 2024-07-03 00:00:00...
[2026-08-24 09:17:50,133] [merq.merq_platform.api.components.computation_pipeline.corax_loaders.index_corporate_actions_loader] [DEBUG] [56923] Loading corporate actions for op merq ids in unknown from 2024-07-03 00:00:00 to 2024-07-03 00:00:00...
[2026-08-24 09:17:50,133] [merq.merq_platform.impl.services.options.ivol_reference_data_provider] [DEBUG] [56923] Getting underlying for 1 option contracts on eff_date: 2024-07-02 00:00:00
[2026-08-24 09:17:50,133] [merqutil.db] [DEBUG] [56923] : running sql

            SELECT
                rp.symbol, e.mic
            FROM ivol.root_property rp
            JOIN ivol.exchange e
                ON e.exchange_id = rp.exchange_id
            JOIN ivol.stock s
                ON s.stock_id = rp.stock_id
            WHERE rp.symbol in ('SPY')
                AND rp.t_date <= '2024-07-02 00:00:00' AND rp.term_date >= '2024-07-02 00:00:00'
                AND s.region_id = 1;
        
[2026-08-24 09:17:50,145] [merqutil.db] [INFO] [56923] 1 rows selected in 0.012188625056296587 s
[2026-08-24 09:17:50,209] [merq.merq_platform.impl.services.options.ivol_utils] [DEBUG] [56923] Created temp table temp_option_contract_keys with index
[2026-08-24 09:17:50,210] [merq.merq_platform.impl.services.options.ivol_utils] [DEBUG] [56923] Populating temp table with 1 option keys
[2026-08-24 09:17:50,248] [merq.merq_platform.impl.services.options.ivol_utils] [DEBUG] [56923] Inserted 1 keys into temp table in 1 batches
[2026-08-24 09:17:50,287] [merqutil.db] [DEBUG] [56923] materializing option contracts: : running sql
CREATE TEMP TABLE temp_option_contracts AS 
        SELECT
            ov.t_date,
            ov.expiration_date, ov.call_put, ov.strike, ov.root, e.mic,
            ov.stock_id, ov.root_id
        FROM ivol.option_value ov
        JOIN ivol.root_property rp
            ON rp.root_id = ov.root_id
            AND '2024-07-02 00:00:00' BETWEEN rp.t_date AND rp.term_date
        JOIN ivol.exchange e
            ON e.exchange_id = rp.exchange_id
        JOIN temp_option_contract_keys tok
            ON ov.expiration_date = tok.expiration_date
            AND ov.call_put = tok.call_put
            AND ov.strike = tok.strike
            AND ov.root = tok.root
            AND e.mic = tok.mic
        WHERE ov.t_date = '2024-07-02 00:00:00'
        UNION ALL
        SELECT
            ovn.t_date,
            ovn.expiration_date, ovn.call_put, ovn.strike, ovn.root, e.mic,
            ovn.stock_id, ovn.root_id
        FROM ivol.option_value_ns ovn
        JOIN ivol.root_property rp
            ON rp.root_id = ovn.root_id
            AND '2024-07-02 00:00:00' BETWEEN rp.t_date AND rp.term_date
        JOIN ivol.exchange e
            ON e.exchange_id = rp.exchange_id
        JOIN temp_option_contract_keys tok
            ON ovn.expiration_date = tok.expiration_date
            AND ovn.call_put = tok.call_put
            AND ovn.strike = tok.strike
            AND ovn.root = tok.root
            AND e.mic = tok.mic
        WHERE ovn.t_date = '2024-07-02 00:00:00'
    
[2026-08-24 09:17:50,328] [merqutil.db] [INFO] [56923] materializing option contracts: 1 rows created in 0.04131437512114644 s
[2026-08-24 09:17:50,407] [merqutil.db] [DEBUG] [56923] : running sql

            SELECT
                ov.root, ov.expiration_date, ov.call_put, ov.strike, ov.mic,
                replace(ss.symbol, '/', '.') as symbol
            FROM temp_option_contracts ov
            JOIN ivol.stock_symbol ss
                ON (ss.stock_id = ov.stock_id
                    AND '2024-07-02 00:00:00' BETWEEN ss.t_date AND ss.term_date
                    AND ss.symbol not like '%%%%7' -- Exclude mini options
                )
            JOIN ivol.stock s
                ON (ss.stock_id = s.stock_id)
            WHERE
                s.type IN ('S', 'F')
        
[2026-08-24 09:17:50,434] [merqutil.db] [INFO] [56923] 1 rows selected in 0.027285334188491106 s
[2026-08-24 09:17:50,435] [merqutil.db] [DEBUG] [56923] : running sql

            SELECT
                rp.symbol, e.mic
            FROM ivol.root_property rp
            JOIN ivol.exchange e
                ON e.exchange_id = rp.exchange_id
            JOIN ivol.stock s
                ON s.stock_id = rp.stock_id
            WHERE rp.symbol in ('SPY')
                AND rp.t_date <= '2024-07-02 00:00:00' AND rp.term_date >= '2024-07-02 00:00:00'
                AND s.region_id = 1;
        
[2026-08-24 09:17:50,450] [merqutil.db] [INFO] [56923] 1 rows selected in 0.015024583088234067 s
[2026-08-24 09:17:50,515] [merq.merq_platform.impl.services.options.ivol_utils] [DEBUG] [56923] Created temp table temp_option_contract_keys with index
[2026-08-24 09:17:50,516] [merq.merq_platform.impl.services.options.ivol_utils] [DEBUG] [56923] Populating temp table with 1 option keys
[2026-08-24 09:17:50,552] [merq.merq_platform.impl.services.options.ivol_utils] [DEBUG] [56923] Inserted 1 keys into temp table in 1 batches
[2026-08-24 09:17:50,600] [merqutil.db] [DEBUG] [56923] materializing option contracts: : running sql
CREATE TEMP TABLE temp_option_contracts AS 
        SELECT
            ov.t_date,
            ov.expiration_date, ov.call_put, ov.strike, ov.root, e.mic,
            ov.stock_id, ov.root_id
        FROM ivol.option_value ov
        JOIN ivol.root_property rp
            ON rp.root_id = ov.root_id
            AND '2024-07-02 00:00:00' BETWEEN rp.t_date AND rp.term_date
        JOIN ivol.exchange e
            ON e.exchange_id = rp.exchange_id
        JOIN temp_option_contract_keys tok
            ON ov.expiration_date = tok.expiration_date
            AND ov.call_put = tok.call_put
            AND ov.strike = tok.strike
            AND ov.root = tok.root
            AND e.mic = tok.mic
        WHERE ov.t_date = '2024-07-02 00:00:00'
        UNION ALL
        SELECT
            ovn.t_date,
            ovn.expiration_date, ovn.call_put, ovn.strike, ovn.root, e.mic,
            ovn.stock_id, ovn.root_id
        FROM ivol.option_value_ns ovn
        JOIN ivol.root_property rp
            ON rp.root_id = ovn.root_id
            AND '2024-07-02 00:00:00' BETWEEN rp.t_date AND rp.term_date
        JOIN ivol.exchange e
            ON e.exchange_id = rp.exchange_id
        JOIN temp_option_contract_keys tok
            ON ovn.expiration_date = tok.expiration_date
            AND ovn.call_put = tok.call_put
            AND ovn.strike = tok.strike
            AND ovn.root = tok.root
            AND e.mic = tok.mic
        WHERE ovn.t_date = '2024-07-02 00:00:00'
    
[2026-08-24 09:17:50,644] [merqutil.db] [INFO] [56923] materializing option contracts: 1 rows created in 0.04378129099495709 s
[2026-08-24 09:17:50,726] [merqutil.db] [DEBUG] [56923] : running sql

            SELECT
                ov.root, ov.expiration_date, ov.call_put, ov.strike, ov.mic,
                replace(ss.symbol, '/', '.') as symbol
            FROM temp_option_contracts ov
            JOIN ivol.stock_symbol ss
                ON (ss.stock_id = ov.stock_id
                    AND '2024-07-02 00:00:00' BETWEEN ss.t_date AND ss.term_date
                    AND ss.symbol not like '%%%%7' -- Exclude mini options
                )
            JOIN ivol.stock s
                ON (ss.stock_id = s.stock_id)
            WHERE
                s.type IN ('I')
        
[2026-08-24 09:17:50,752] [merqutil.db] [INFO] [56923] 0 rows selected in 0.025844290852546692 s
[2026-08-24 09:17:50,752] [merq.merq_platform.impl.services.options.ivol_utils] [DEBUG] [56923] Getting external id for <class 'merq.merq_platform.api.components.identifiers.merq_equity_id.MerqEquityListingId'> with 1 ids.
[2026-08-24 09:17:50,752] [merqutil.db] [DEBUG] [56923] : running sql

        SELECT
            REPLACE(ss.symbol, '/', '.') AS symbol,
            s.region_id,
            e.mic
        FROM ivol.stock_symbol ss
        JOIN ivol.stock s
            ON s.stock_id = ss.stock_id
        LEFT JOIN ivol.exchange e
            ON e.exchange_id = ss.exchange_id
        WHERE (replace(ss.symbol, '/', '.'), s.region_id) in (('SPY', 1)) AND
            '2024-07-03 00:00:00' between ss.t_date and ss.term_date
    
[2026-08-24 09:17:50,769] [merqutil.db] [INFO] [56923] 1 rows selected in 0.01676404196768999 s
[2026-08-24 09:17:50,770] [merq.merq_platform.impl.services.options.ivol_utils] [DEBUG] [56923] Getting stock ids for 1 merq_ids, effective date: 2024-07-03 00:00:00.
[2026-08-24 09:17:50,770] [merqutil.db] [DEBUG] [56923] : running sql

        SELECT
            MAX(ss.stock_id) AS stock_id,
            REPLACE(ss.symbol, '/', '.') AS symbol,
            e.mic
        FROM ivol.stock_symbol ss
        LEFT JOIN ivol.exchange e
            ON e.exchange_id = ss.exchange_id
        WHERE
            (REPLACE(ss.symbol, '/', '.'), COALESCE(e.mic, 'NA')) IN (('SPY', 'ARCX')) AND
            '2024-07-03 00:00:00' BETWEEN ss.t_date AND ss.term_date
        GROUP BY ss.symbol, e.mic
        HAVING COUNT(DISTINCT ss.stock_id) = 1
    
[2026-08-24 09:17:50,786] [merqutil.db] [INFO] [56923] 1 rows selected in 0.01651279185898602 s
[2026-08-24 09:17:50,787] [merq.merq_platform.impl.services.options.ivol_utils] [DEBUG] [56923] Found 1 symbol, mic pairs mapping to stock ids.
[2026-08-24 09:17:50,787] [merqutil.db] [DEBUG] [56923] : running sql

            SELECT ca.ex_date, ca.action_type, ca.stock_id
            FROM merq.corp_actions ca
            WHERE ca.ex_date = '2024-07-03 00:00:00' AND
                ca.action_type in ('dvd', 'spl', 'sdvd', 'sp', 'distr', 'rts') AND
                ca.stock_id in (627)
        
[2026-08-24 09:17:50,799] [merqutil.db] [INFO] [56923] 0 rows selected in 0.012087333016097546 s
[2026-08-24 09:17:50,799] [merqutil.db] [DEBUG] [56923] : running sql

        SELECT d.stock_id, d.last_dvd_date, d.last_dvd_amount, d.real_last_dvd_amount, d.dvd_ccy
        FROM ivol.dividend d
        WHERE d.last_dvd_date = '2024-07-03 00:00:00' AND
            d.stock_id in (627)
        
[2026-08-24 09:17:50,811] [merqutil.db] [INFO] [56923] 0 rows selected in 0.011959209106862545 s
[2026-08-24 09:17:50,812] [merqutil.db] [DEBUG] [56923] : running sql

            SELECT COUNT(*)
            FROM merq.corp_actions ca
            JOIN ivol.root_property rp
                ON (
                    rp.stock_id=ca.stock_id
                )
            WHERE (ca.ex_date='2024-07-02 00:00:00' OR ca.ex_date='2024-07-03 00:00:00')
                AND ca.action_type='rn'
                AND rp.action_type='RootRn'
                AND rp.t_date='2024-07-03 00:00:00'
                AND ca.stock_id IN (627);
        
[2026-08-24 09:17:50,826] [merqutil.db] [INFO] [56923] 1 rows selected in 0.013519750209525228 s
[2026-08-24 09:17:50,827] [merq.merq_platform.api.components.computation_pipeline.level_computers.standard_level_computer] [DEBUG] [56923] Equities contribution to index level: 1008.264311031937
[2026-08-24 09:17:50,827] [merq.merq_platform.api.components.computation_pipeline.level_computers.standard_level_computer] [DEBUG] [56923] Options contribution to index level: -16.106223944463864
[2026-08-24 09:17:50,827] [merq.merq_platform.api.components.computation_pipeline.level_computers.standard_level_computer] [DEBUG] [56923] Cash contribution to index level: 16.20723219040974
[2026-08-24 09:17:50,828] [merq.merq_platform.api.components.computation_pipeline.level_computers.standard_level_computer] [DEBUG] [56923] Equities contribution to index level: 1012.7637692604361
[2026-08-24 09:17:50,828] [merq.merq_platform.api.components.computation_pipeline.level_computers.standard_level_computer] [DEBUG] [56923] Options contribution to index level: -18.31004021964702
[2026-08-24 09:17:50,828] [merq.merq_platform.api.components.computation_pipeline.level_computers.standard_level_computer] [DEBUG] [56923] Cash contribution to index level: 16.20723219040974
[2026-08-24 09:17:50,828] [merq.merq_platform.api.indices.multi_asset.multi_asset_base_index] [INFO] [56923] Computed index level for 2024-07-03 00:00:00 as 1010.6609612311988
[2026-08-24 09:17:50,829] [merq.merq_platform.api.components.computation_pipeline.level_computers.standard_level_computer] [DEBUG] [56923] Equities contribution to index level: 1012.7637692604361
[2026-08-24 09:17:50,829] [merq.merq_platform.api.components.computation_pipeline.level_computers.standard_level_computer] [DEBUG] [56923] Options contribution to index level: -18.31004021964702
[2026-08-24 09:17:50,829] [merq.merq_platform.api.components.computation_pipeline.level_computers.standard_level_computer] [DEBUG] [56923] Cash contribution to index level: 16.20723219040974
[2026-08-24 09:17:50,840] [merq.merq_platform.api.indices.multi_asset.multi_asset_base_index] [DEBUG] [56923] Loaded in portfolio for date 2024-07-03 00:00:00
[2026-08-24 09:17:50,840] [merq.merq_platform.api.components.computation_pipeline.corax_loaders.index_corporate_actions_loader] [DEBUG] [56923] Loading corporate actions for el merq ids in unknown from 2024-07-04 00:00:00 to 2024-07-05 00:00:00...
[2026-08-24 09:17:50,841] [merq.merq_platform.api.components.computation_pipeline.corax_loaders.index_corporate_actions_loader] [DEBUG] [56923] Loading corporate actions for op merq ids in unknown from 2024-07-04 00:00:00 to 2024-07-05 00:00:00...
[2026-08-24 09:17:50,841] [merq.merq_platform.impl.services.options.ivol_reference_data_provider] [DEBUG] [56923] Getting underlying for 1 option contracts on eff_date: 2024-07-03 00:00:00
[2026-08-24 09:17:50,841] [merqutil.db] [DEBUG] [56923] : running sql

            SELECT
                rp.symbol, e.mic
            FROM ivol.root_property rp
            JOIN ivol.exchange e
                ON e.exchange_id = rp.exchange_id
            JOIN ivol.stock s
                ON s.stock_id = rp.stock_id
            WHERE rp.symbol in ('SPY')
                AND rp.t_date <= '2024-07-03 00:00:00' AND rp.term_date >= '2024-07-03 00:00:00'
                AND s.region_id = 1;
        
[2026-08-24 09:17:50,855] [merqutil.db] [INFO] [56923] 1 rows selected in 0.014024167088791728 s
[2026-08-24 09:17:50,921] [merq.merq_platform.impl.services.options.ivol_utils] [DEBUG] [56923] Created temp table temp_option_contract_keys with index
[2026-08-24 09:17:50,921] [merq.merq_platform.impl.services.options.ivol_utils] [DEBUG] [56923] Populating temp table with 1 option keys
[2026-08-24 09:17:50,957] [merq.merq_platform.impl.services.options.ivol_utils] [DEBUG] [56923] Inserted 1 keys into temp table in 1 batches
[2026-08-24 09:17:50,997] [merqutil.db] [DEBUG] [56923] materializing option contracts: : running sql
CREATE TEMP TABLE temp_option_contracts AS 
        SELECT
            ov.t_date,
            ov.expiration_date, ov.call_put, ov.strike, ov.root, e.mic,
            ov.stock_id, ov.root_id
        FROM ivol.option_value ov
        JOIN ivol.root_property rp
            ON rp.root_id = ov.root_id
            AND '2024-07-03 00:00:00' BETWEEN rp.t_date AND rp.term_date
        JOIN ivol.exchange e
            ON e.exchange_id = rp.exchange_id
        JOIN temp_option_contract_keys tok
            ON ov.expiration_date = tok.expiration_date
            AND ov.call_put = tok.call_put
            AND ov.strike = tok.strike
            AND ov.root = tok.root
            AND e.mic = tok.mic
        WHERE ov.t_date = '2024-07-03 00:00:00'
        UNION ALL
        SELECT
            ovn.t_date,
            ovn.expiration_date, ovn.call_put, ovn.strike, ovn.root, e.mic,
            ovn.stock_id, ovn.root_id
        FROM ivol.option_value_ns ovn
        JOIN ivol.root_property rp
            ON rp.root_id = ovn.root_id
            AND '2024-07-03 00:00:00' BETWEEN rp.t_date AND rp.term_date
        JOIN ivol.exchange e
            ON e.exchange_id = rp.exchange_id
        JOIN temp_option_contract_keys tok
            ON ovn.expiration_date = tok.expiration_date
            AND ovn.call_put = tok.call_put
            AND ovn.strike = tok.strike
            AND ovn.root = tok.root
            AND e.mic = tok.mic
        WHERE ovn.t_date = '2024-07-03 00:00:00'
    
[2026-08-24 09:17:51,037] [merqutil.db] [INFO] [56923] materializing option contracts: 1 rows created in 0.04040895798243582 s
[2026-08-24 09:17:51,113] [merqutil.db] [DEBUG] [56923] : running sql

            SELECT
                ov.root, ov.expiration_date, ov.call_put, ov.strike, ov.mic,
                replace(ss.symbol, '/', '.') as symbol
            FROM temp_option_contracts ov
            JOIN ivol.stock_symbol ss
                ON (ss.stock_id = ov.stock_id
                    AND '2024-07-03 00:00:00' BETWEEN ss.t_date AND ss.term_date
                    AND ss.symbol not like '%%%%7' -- Exclude mini options
                )
            JOIN ivol.stock s
                ON (ss.stock_id = s.stock_id)
            WHERE
                s.type IN ('S', 'F')
        
[2026-08-24 09:17:51,138] [merqutil.db] [INFO] [56923] 1 rows selected in 0.024485750123858452 s
[2026-08-24 09:17:51,139] [merqutil.db] [DEBUG] [56923] : running sql

            SELECT
                rp.symbol, e.mic
            FROM ivol.root_property rp
            JOIN ivol.exchange e
                ON e.exchange_id = rp.exchange_id
            JOIN ivol.stock s
                ON s.stock_id = rp.stock_id
            WHERE rp.symbol in ('SPY')
                AND rp.t_date <= '2024-07-03 00:00:00' AND rp.term_date >= '2024-07-03 00:00:00'
                AND s.region_id = 1;
        
[2026-08-24 09:17:51,151] [merqutil.db] [INFO] [56923] 1 rows selected in 0.011632625013589859 s
[2026-08-24 09:17:51,217] [merq.merq_platform.impl.services.options.ivol_utils] [DEBUG] [56923] Created temp table temp_option_contract_keys with index
[2026-08-24 09:17:51,217] [merq.merq_platform.impl.services.options.ivol_utils] [DEBUG] [56923] Populating temp table with 1 option keys
[2026-08-24 09:17:51,259] [merq.merq_platform.impl.services.options.ivol_utils] [DEBUG] [56923] Inserted 1 keys into temp table in 1 batches
[2026-08-24 09:17:51,301] [merqutil.db] [DEBUG] [56923] materializing option contracts: : running sql
CREATE TEMP TABLE temp_option_contracts AS 
        SELECT
            ov.t_date,
            ov.expiration_date, ov.call_put, ov.strike, ov.root, e.mic,
            ov.stock_id, ov.root_id
        FROM ivol.option_value ov
        JOIN ivol.root_property rp
            ON rp.root_id = ov.root_id
            AND '2024-07-03 00:00:00' BETWEEN rp.t_date AND rp.term_date
        JOIN ivol.exchange e
            ON e.exchange_id = rp.exchange_id
        JOIN temp_option_contract_keys tok
            ON ov.expiration_date = tok.expiration_date
            AND ov.call_put = tok.call_put
            AND ov.strike = tok.strike
            AND ov.root = tok.root
            AND e.mic = tok.mic
        WHERE ov.t_date = '2024-07-03 00:00:00'
        UNION ALL
        SELECT
            ovn.t_date,
            ovn.expiration_date, ovn.call_put, ovn.strike, ovn.root, e.mic,
            ovn.stock_id, ovn.root_id
        FROM ivol.option_value_ns ovn
        JOIN ivol.root_property rp
            ON rp.root_id = ovn.root_id
            AND '2024-07-03 00:00:00' BETWEEN rp.t_date AND rp.term_date
        JOIN ivol.exchange e
            ON e.exchange_id = rp.exchange_id
        JOIN temp_option_contract_keys tok
            ON ovn.expiration_date = tok.expiration_date
            AND ovn.call_put = tok.call_put
            AND ovn.strike = tok.strike
            AND ovn.root = tok.root
            AND e.mic = tok.mic
        WHERE ovn.t_date = '2024-07-03 00:00:00'
    
[2026-08-24 09:17:51,345] [merqutil.db] [INFO] [56923] materializing option contracts: 1 rows created in 0.0438231248408556 s
[2026-08-24 09:17:51,420] [merqutil.db] [DEBUG] [56923] : running sql

            SELECT
                ov.root, ov.expiration_date, ov.call_put, ov.strike, ov.mic,
                replace(ss.symbol, '/', '.') as symbol
            FROM temp_option_contracts ov
            JOIN ivol.stock_symbol ss
                ON (ss.stock_id = ov.stock_id
                    AND '2024-07-03 00:00:00' BETWEEN ss.t_date AND ss.term_date
                    AND ss.symbol not like '%%%%7' -- Exclude mini options
                )
            JOIN ivol.stock s
                ON (ss.stock_id = s.stock_id)
            WHERE
                s.type IN ('I')
        
[2026-08-24 09:17:51,448] [merqutil.db] [INFO] [56923] 0 rows selected in 0.027319290908053517 s
[2026-08-24 09:17:51,448] [merq.merq_platform.impl.services.options.ivol_utils] [DEBUG] [56923] Getting external id for <class 'merq.merq_platform.api.components.identifiers.merq_equity_id.MerqEquityListingId'> with 1 ids.
[2026-08-24 09:17:51,449] [merqutil.db] [DEBUG] [56923] : running sql

        SELECT
            REPLACE(ss.symbol, '/', '.') AS symbol,
            s.region_id,
            e.mic
        FROM ivol.stock_symbol ss
        JOIN ivol.stock s
            ON s.stock_id = ss.stock_id
        LEFT JOIN ivol.exchange e
            ON e.exchange_id = ss.exchange_id
        WHERE (replace(ss.symbol, '/', '.'), s.region_id) in (('SPY', 1)) AND
            '2024-07-05 00:00:00' between ss.t_date and ss.term_date
    
[2026-08-24 09:17:51,469] [merqutil.db] [INFO] [56923] 1 rows selected in 0.02041374985128641 s
[2026-08-24 09:17:51,469] [merq.merq_platform.impl.services.options.ivol_utils] [DEBUG] [56923] Getting stock ids for 1 merq_ids, effective date: 2024-07-05 00:00:00.
[2026-08-24 09:17:51,470] [merqutil.db] [DEBUG] [56923] : running sql

        SELECT
            MAX(ss.stock_id) AS stock_id,
            REPLACE(ss.symbol, '/', '.') AS symbol,
            e.mic
        FROM ivol.stock_symbol ss
        LEFT JOIN ivol.exchange e
            ON e.exchange_id = ss.exchange_id
        WHERE
            (REPLACE(ss.symbol, '/', '.'), COALESCE(e.mic, 'NA')) IN (('SPY', 'ARCX')) AND
            '2024-07-05 00:00:00' BETWEEN ss.t_date AND ss.term_date
        GROUP BY ss.symbol, e.mic
        HAVING COUNT(DISTINCT ss.stock_id) = 1
    
[2026-08-24 09:17:51,487] [merqutil.db] [INFO] [56923] 1 rows selected in 0.01690570800565183 s
[2026-08-24 09:17:51,487] [merq.merq_platform.impl.services.options.ivol_utils] [DEBUG] [56923] Found 1 symbol, mic pairs mapping to stock ids.
[2026-08-24 09:17:51,487] [merqutil.db] [DEBUG] [56923] : running sql

            SELECT ca.ex_date, ca.action_type, ca.stock_id
            FROM merq.corp_actions ca
            WHERE ca.ex_date = '2024-07-05 00:00:00' AND
                ca.action_type in ('dvd', 'spl', 'sdvd', 'sp', 'distr', 'rts') AND
                ca.stock_id in (627)
        
[2026-08-24 09:17:51,499] [merqutil.db] [INFO] [56923] 0 rows selected in 0.011549083050340414 s
[2026-08-24 09:17:51,499] [merqutil.db] [DEBUG] [56923] : running sql

        SELECT d.stock_id, d.last_dvd_date, d.last_dvd_amount, d.real_last_dvd_amount, d.dvd_ccy
        FROM ivol.dividend d
        WHERE d.last_dvd_date = '2024-07-05 00:00:00' AND
            d.stock_id in (627)
        
[2026-08-24 09:17:51,511] [merqutil.db] [INFO] [56923] 0 rows selected in 0.012189958011731505 s
[2026-08-24 09:17:51,512] [merqutil.db] [DEBUG] [56923] : running sql

            SELECT COUNT(*)
            FROM merq.corp_actions ca
            JOIN ivol.root_property rp
                ON (
                    rp.stock_id=ca.stock_id
                )
            WHERE (ca.ex_date='2024-07-03 00:00:00' OR ca.ex_date='2024-07-05 00:00:00')
                AND ca.action_type='rn'
                AND rp.action_type='RootRn'
                AND rp.t_date='2024-07-05 00:00:00'
                AND ca.stock_id IN (627);
        
[2026-08-24 09:17:51,524] [merqutil.db] [INFO] [56923] 1 rows selected in 0.012307083001360297 s
[2026-08-24 09:17:51,525] [merq.merq_platform.api.components.computation_pipeline.level_computers.standard_level_computer] [DEBUG] [56923] Equities contribution to index level: 1012.7637692604361
[2026-08-24 09:17:51,525] [merq.merq_platform.api.components.computation_pipeline.level_computers.standard_level_computer] [DEBUG] [56923] Options contribution to index level: -18.31004021964702
[2026-08-24 09:17:51,525] [merq.merq_platform.api.components.computation_pipeline.level_computers.standard_level_computer] [DEBUG] [56923] Cash contribution to index level: 16.20723219040974
[2026-08-24 09:17:51,526] [merq.merq_platform.api.components.computation_pipeline.level_computers.standard_level_computer] [DEBUG] [56923] Equities contribution to index level: 1018.6038823896715
[2026-08-24 09:17:51,526] [merq.merq_platform.api.components.computation_pipeline.level_computers.standard_level_computer] [DEBUG] [56923] Options contribution to index level: -21.606582064608574
[2026-08-24 09:17:51,526] [merq.merq_platform.api.components.computation_pipeline.level_computers.standard_level_computer] [DEBUG] [56923] Cash contribution to index level: 16.20723219040974
[2026-08-24 09:17:51,526] [merq.merq_platform.api.indices.multi_asset.multi_asset_base_index] [INFO] [56923] Computed index level for 2024-07-05 00:00:00 as 1013.2045325154727
[2026-08-24 09:17:51,527] [merq.merq_platform.api.components.computation_pipeline.level_computers.standard_level_computer] [DEBUG] [56923] Equities contribution to index level: 1018.6038823896715
[2026-08-24 09:17:51,527] [merq.merq_platform.api.components.computation_pipeline.level_computers.standard_level_computer] [DEBUG] [56923] Options contribution to index level: -21.606582064608574
[2026-08-24 09:17:51,527] [merq.merq_platform.api.components.computation_pipeline.level_computers.standard_level_computer] [DEBUG] [56923] Cash contribution to index level: 16.20723219040974
[2026-08-24 09:17:51,540] [merq.merq_platform.api.indices.multi_asset.multi_asset_base_index] [DEBUG] [56923] Loaded in portfolio for date 2024-07-05 00:00:00
[2026-08-24 09:17:51,541] [merq.merq_platform.api.components.computation_pipeline.corax_loaders.index_corporate_actions_loader] [DEBUG] [56923] Loading corporate actions for el merq ids in unknown from 2024-07-06 00:00:00 to 2024-07-08 00:00:00...
[2026-08-24 09:17:51,541] [merq.merq_platform.api.components.computation_pipeline.corax_loaders.index_corporate_actions_loader] [DEBUG] [56923] Loading corporate actions for op merq ids in unknown from 2024-07-06 00:00:00 to 2024-07-08 00:00:00...
[2026-08-24 09:17:51,541] [merq.merq_platform.impl.services.options.ivol_reference_data_provider] [DEBUG] [56923] Getting underlying for 1 option contracts on eff_date: 2024-07-05 00:00:00
[2026-08-24 09:17:51,542] [merqutil.db] [DEBUG] [56923] : running sql

            SELECT
                rp.symbol, e.mic
            FROM ivol.root_property rp
            JOIN ivol.exchange e
                ON e.exchange_id = rp.exchange_id
            JOIN ivol.stock s
                ON s.stock_id = rp.stock_id
            WHERE rp.symbol in ('SPY')
                AND rp.t_date <= '2024-07-05 00:00:00' AND rp.term_date >= '2024-07-05 00:00:00'
                AND s.region_id = 1;
        
[2026-08-24 09:17:51,554] [merqutil.db] [INFO] [56923] 1 rows selected in 0.012382582994177938 s
[2026-08-24 09:17:51,638] [merq.merq_platform.impl.services.options.ivol_utils] [DEBUG] [56923] Created temp table temp_option_contract_keys with index
[2026-08-24 09:17:51,638] [merq.merq_platform.impl.services.options.ivol_utils] [DEBUG] [56923] Populating temp table with 1 option keys
[2026-08-24 09:17:51,688] [merq.merq_platform.impl.services.options.ivol_utils] [DEBUG] [56923] Inserted 1 keys into temp table in 1 batches
[2026-08-24 09:17:51,729] [merqutil.db] [DEBUG] [56923] materializing option contracts: : running sql
CREATE TEMP TABLE temp_option_contracts AS 
        SELECT
            ov.t_date,
            ov.expiration_date, ov.call_put, ov.strike, ov.root, e.mic,
            ov.stock_id, ov.root_id
        FROM ivol.option_value ov
        JOIN ivol.root_property rp
            ON rp.root_id = ov.root_id
            AND '2024-07-05 00:00:00' BETWEEN rp.t_date AND rp.term_date
        JOIN ivol.exchange e
            ON e.exchange_id = rp.exchange_id
        JOIN temp_option_contract_keys tok
            ON ov.expiration_date = tok.expiration_date
            AND ov.call_put = tok.call_put
            AND ov.strike = tok.strike
            AND ov.root = tok.root
            AND e.mic = tok.mic
        WHERE ov.t_date = '2024-07-05 00:00:00'
        UNION ALL
        SELECT
            ovn.t_date,
            ovn.expiration_date, ovn.call_put, ovn.strike, ovn.root, e.mic,
            ovn.stock_id, ovn.root_id
        FROM ivol.option_value_ns ovn
        JOIN ivol.root_property rp
            ON rp.root_id = ovn.root_id
            AND '2024-07-05 00:00:00' BETWEEN rp.t_date AND rp.term_date
        JOIN ivol.exchange e
            ON e.exchange_id = rp.exchange_id
        JOIN temp_option_contract_keys tok
            ON ovn.expiration_date = tok.expiration_date
            AND ovn.call_put = tok.call_put
            AND ovn.strike = tok.strike
            AND ovn.root = tok.root
            AND e.mic = tok.mic
        WHERE ovn.t_date = '2024-07-05 00:00:00'
    
[2026-08-24 09:17:51,773] [merqutil.db] [INFO] [56923] materializing option contracts: 1 rows created in 0.04331350000575185 s
[2026-08-24 09:17:51,849] [merqutil.db] [DEBUG] [56923] : running sql

            SELECT
                ov.root, ov.expiration_date, ov.call_put, ov.strike, ov.mic,
                replace(ss.symbol, '/', '.') as symbol
            FROM temp_option_contracts ov
            JOIN ivol.stock_symbol ss
                ON (ss.stock_id = ov.stock_id
                    AND '2024-07-05 00:00:00' BETWEEN ss.t_date AND ss.term_date
                    AND ss.symbol not like '%%%%7' -- Exclude mini options
                )
            JOIN ivol.stock s
                ON (ss.stock_id = s.stock_id)
            WHERE
                s.type IN ('S', 'F')
        
[2026-08-24 09:17:51,874] [merqutil.db] [INFO] [56923] 1 rows selected in 0.025216124951839447 s
[2026-08-24 09:17:51,875] [merqutil.db] [DEBUG] [56923] : running sql

            SELECT
                rp.symbol, e.mic
            FROM ivol.root_property rp
            JOIN ivol.exchange e
                ON e.exchange_id = rp.exchange_id
            JOIN ivol.stock s
                ON s.stock_id = rp.stock_id
            WHERE rp.symbol in ('SPY')
                AND rp.t_date <= '2024-07-05 00:00:00' AND rp.term_date >= '2024-07-05 00:00:00'
                AND s.region_id = 1;
        
[2026-08-24 09:17:51,887] [merqutil.db] [INFO] [56923] 1 rows selected in 0.01217000000178814 s
[2026-08-24 09:17:51,953] [merq.merq_platform.impl.services.options.ivol_utils] [DEBUG] [56923] Created temp table temp_option_contract_keys with index
[2026-08-24 09:17:51,954] [merq.merq_platform.impl.services.options.ivol_utils] [DEBUG] [56923] Populating temp table with 1 option keys
[2026-08-24 09:17:51,994] [merq.merq_platform.impl.services.options.ivol_utils] [DEBUG] [56923] Inserted 1 keys into temp table in 1 batches
[2026-08-24 09:17:52,036] [merqutil.db] [DEBUG] [56923] materializing option contracts: : running sql
CREATE TEMP TABLE temp_option_contracts AS 
        SELECT
            ov.t_date,
            ov.expiration_date, ov.call_put, ov.strike, ov.root, e.mic,
            ov.stock_id, ov.root_id
        FROM ivol.option_value ov
        JOIN ivol.root_property rp
            ON rp.root_id = ov.root_id
            AND '2024-07-05 00:00:00' BETWEEN rp.t_date AND rp.term_date
        JOIN ivol.exchange e
            ON e.exchange_id = rp.exchange_id
        JOIN temp_option_contract_keys tok
            ON ov.expiration_date = tok.expiration_date
            AND ov.call_put = tok.call_put
            AND ov.strike = tok.strike
            AND ov.root = tok.root
            AND e.mic = tok.mic
        WHERE ov.t_date = '2024-07-05 00:00:00'
        UNION ALL
        SELECT
            ovn.t_date,
            ovn.expiration_date, ovn.call_put, ovn.strike, ovn.root, e.mic,
            ovn.stock_id, ovn.root_id
        FROM ivol.option_value_ns ovn
        JOIN ivol.root_property rp
            ON rp.root_id = ovn.root_id
            AND '2024-07-05 00:00:00' BETWEEN rp.t_date AND rp.term_date
        JOIN ivol.exchange e
            ON e.exchange_id = rp.exchange_id
        JOIN temp_option_contract_keys tok
            ON ovn.expiration_date = tok.expiration_date
            AND ovn.call_put = tok.call_put
            AND ovn.strike = tok.strike
            AND ovn.root = tok.root
            AND e.mic = tok.mic
        WHERE ovn.t_date = '2024-07-05 00:00:00'
    
[2026-08-24 09:17:52,078] [merqutil.db] [INFO] [56923] materializing option contracts: 1 rows created in 0.04231295781210065 s
[2026-08-24 09:17:52,157] [merqutil.db] [DEBUG] [56923] : running sql

            SELECT
                ov.root, ov.expiration_date, ov.call_put, ov.strike, ov.mic,
                replace(ss.symbol, '/', '.') as symbol
            FROM temp_option_contracts ov
            JOIN ivol.stock_symbol ss
                ON (ss.stock_id = ov.stock_id
                    AND '2024-07-05 00:00:00' BETWEEN ss.t_date AND ss.term_date
                    AND ss.symbol not like '%%%%7' -- Exclude mini options
                )
            JOIN ivol.stock s
                ON (ss.stock_id = s.stock_id)
            WHERE
                s.type IN ('I')
        
[2026-08-24 09:17:52,182] [merqutil.db] [INFO] [56923] 0 rows selected in 0.02408933313563466 s
[2026-08-24 09:17:52,182] [merq.merq_platform.impl.services.options.ivol_utils] [DEBUG] [56923] Getting external id for <class 'merq.merq_platform.api.components.identifiers.merq_equity_id.MerqEquityListingId'> with 1 ids.
[2026-08-24 09:17:52,182] [merqutil.db] [DEBUG] [56923] : running sql

        SELECT
            REPLACE(ss.symbol, '/', '.') AS symbol,
            s.region_id,
            e.mic
        FROM ivol.stock_symbol ss
        JOIN ivol.stock s
            ON s.stock_id = ss.stock_id
        LEFT JOIN ivol.exchange e
            ON e.exchange_id = ss.exchange_id
        WHERE (replace(ss.symbol, '/', '.'), s.region_id) in (('SPY', 1)) AND
            '2024-07-08 00:00:00' between ss.t_date and ss.term_date
    
[2026-08-24 09:17:52,199] [merqutil.db] [INFO] [56923] 1 rows selected in 0.016863000113517046 s
[2026-08-24 09:17:52,199] [merq.merq_platform.impl.services.options.ivol_utils] [DEBUG] [56923] Getting stock ids for 1 merq_ids, effective date: 2024-07-08 00:00:00.
[2026-08-24 09:17:52,200] [merqutil.db] [DEBUG] [56923] : running sql

        SELECT
            MAX(ss.stock_id) AS stock_id,
            REPLACE(ss.symbol, '/', '.') AS symbol,
            e.mic
        FROM ivol.stock_symbol ss
        LEFT JOIN ivol.exchange e
            ON e.exchange_id = ss.exchange_id
        WHERE
            (REPLACE(ss.symbol, '/', '.'), COALESCE(e.mic, 'NA')) IN (('SPY', 'ARCX')) AND
            '2024-07-08 00:00:00' BETWEEN ss.t_date AND ss.term_date
        GROUP BY ss.symbol, e.mic
        HAVING COUNT(DISTINCT ss.stock_id) = 1
    
[2026-08-24 09:17:52,216] [merqutil.db] [INFO] [56923] 1 rows selected in 0.016618124907836318 s
[2026-08-24 09:17:52,217] [merq.merq_platform.impl.services.options.ivol_utils] [DEBUG] [56923] Found 1 symbol, mic pairs mapping to stock ids.
[2026-08-24 09:17:52,217] [merqutil.db] [DEBUG] [56923] : running sql

            SELECT ca.ex_date, ca.action_type, ca.stock_id
            FROM merq.corp_actions ca
            WHERE ca.ex_date = '2024-07-08 00:00:00' AND
                ca.action_type in ('dvd', 'spl', 'sdvd', 'sp', 'distr', 'rts') AND
                ca.stock_id in (627)
        
[2026-08-24 09:17:52,236] [merqutil.db] [INFO] [56923] 0 rows selected in 0.018786791944876313 s
[2026-08-24 09:17:52,236] [merqutil.db] [DEBUG] [56923] : running sql

        SELECT d.stock_id, d.last_dvd_date, d.last_dvd_amount, d.real_last_dvd_amount, d.dvd_ccy
        FROM ivol.dividend d
        WHERE d.last_dvd_date = '2024-07-08 00:00:00' AND
            d.stock_id in (627)
        
[2026-08-24 09:17:52,249] [merqutil.db] [INFO] [56923] 0 rows selected in 0.01254583289846778 s
[2026-08-24 09:17:52,249] [merqutil.db] [DEBUG] [56923] : running sql

            SELECT COUNT(*)
            FROM merq.corp_actions ca
            JOIN ivol.root_property rp
                ON (
                    rp.stock_id=ca.stock_id
                )
            WHERE (ca.ex_date='2024-07-05 00:00:00' OR ca.ex_date='2024-07-08 00:00:00')
                AND ca.action_type='rn'
                AND rp.action_type='RootRn'
                AND rp.t_date='2024-07-08 00:00:00'
                AND ca.stock_id IN (627);
        
[2026-08-24 09:17:52,263] [merqutil.db] [INFO] [56923] 1 rows selected in 0.013541999971494079 s
[2026-08-24 09:17:52,264] [merq.merq_platform.api.components.computation_pipeline.level_computers.standard_level_computer] [DEBUG] [56923] Equities contribution to index level: 1018.6038823896715
[2026-08-24 09:17:52,264] [merq.merq_platform.api.components.computation_pipeline.level_computers.standard_level_computer] [DEBUG] [56923] Options contribution to index level: -21.606582064608574
[2026-08-24 09:17:52,264] [merq.merq_platform.api.components.computation_pipeline.level_computers.standard_level_computer] [DEBUG] [56923] Cash contribution to index level: 16.20723219040974
[2026-08-24 09:17:52,265] [merq.merq_platform.api.components.computation_pipeline.level_computers.standard_level_computer] [DEBUG] [56923] Equities contribution to index level: 1019.7792510697692
[2026-08-24 09:17:52,265] [merq.merq_platform.api.components.computation_pipeline.level_computers.standard_level_computer] [DEBUG] [56923] Options contribution to index level: -21.790233420873847
[2026-08-24 09:17:52,265] [merq.merq_platform.api.components.computation_pipeline.level_computers.standard_level_computer] [DEBUG] [56923] Cash contribution to index level: 16.20723219040974
[2026-08-24 09:17:52,265] [merq.merq_platform.api.indices.multi_asset.multi_asset_base_index] [INFO] [56923] Computed index level for 2024-07-08 00:00:00 as 1014.1962498393051
[2026-08-24 09:17:52,266] [merq.merq_platform.api.components.computation_pipeline.level_computers.standard_level_computer] [DEBUG] [56923] Equities contribution to index level: 1019.7792510697692
[2026-08-24 09:17:52,266] [merq.merq_platform.api.components.computation_pipeline.level_computers.standard_level_computer] [DEBUG] [56923] Options contribution to index level: -21.790233420873847
[2026-08-24 09:17:52,266] [merq.merq_platform.api.components.computation_pipeline.level_computers.standard_level_computer] [DEBUG] [56923] Cash contribution to index level: 16.20723219040974
[2026-08-24 09:17:52,278] [merq.merq_platform.api.indices.multi_asset.multi_asset_base_index] [DEBUG] [56923] Loaded in portfolio for date 2024-07-08 00:00:00
[2026-08-24 09:17:52,278] [merq.merq_platform.api.components.computation_pipeline.corax_loaders.index_corporate_actions_loader] [DEBUG] [56923] Loading corporate actions for el merq ids in unknown from 2024-07-09 00:00:00 to 2024-07-09 00:00:00...
[2026-08-24 09:17:52,279] [merq.merq_platform.api.components.computation_pipeline.corax_loaders.index_corporate_actions_loader] [DEBUG] [56923] Loading corporate actions for op merq ids in unknown from 2024-07-09 00:00:00 to 2024-07-09 00:00:00...
[2026-08-24 09:17:52,279] [merq.merq_platform.impl.services.options.ivol_reference_data_provider] [DEBUG] [56923] Getting underlying for 1 option contracts on eff_date: 2024-07-08 00:00:00
[2026-08-24 09:17:52,280] [merqutil.db] [DEBUG] [56923] : running sql

            SELECT
                rp.symbol, e.mic
            FROM ivol.root_property rp
            JOIN ivol.exchange e
                ON e.exchange_id = rp.exchange_id
            JOIN ivol.stock s
                ON s.stock_id = rp.stock_id
            WHERE rp.symbol in ('SPY')
                AND rp.t_date <= '2024-07-08 00:00:00' AND rp.term_date >= '2024-07-08 00:00:00'
                AND s.region_id = 1;
        
[2026-08-24 09:17:52,292] [merqutil.db] [INFO] [56923] 1 rows selected in 0.012055750004947186 s
[2026-08-24 09:17:52,357] [merq.merq_platform.impl.services.options.ivol_utils] [DEBUG] [56923] Created temp table temp_option_contract_keys with index
[2026-08-24 09:17:52,357] [merq.merq_platform.impl.services.options.ivol_utils] [DEBUG] [56923] Populating temp table with 1 option keys
[2026-08-24 09:17:52,395] [merq.merq_platform.impl.services.options.ivol_utils] [DEBUG] [56923] Inserted 1 keys into temp table in 1 batches
[2026-08-24 09:17:52,434] [merqutil.db] [DEBUG] [56923] materializing option contracts: : running sql
CREATE TEMP TABLE temp_option_contracts AS 
        SELECT
            ov.t_date,
            ov.expiration_date, ov.call_put, ov.strike, ov.root, e.mic,
            ov.stock_id, ov.root_id
        FROM ivol.option_value ov
        JOIN ivol.root_property rp
            ON rp.root_id = ov.root_id
            AND '2024-07-08 00:00:00' BETWEEN rp.t_date AND rp.term_date
        JOIN ivol.exchange e
            ON e.exchange_id = rp.exchange_id
        JOIN temp_option_contract_keys tok
            ON ov.expiration_date = tok.expiration_date
            AND ov.call_put = tok.call_put
            AND ov.strike = tok.strike
            AND ov.root = tok.root
            AND e.mic = tok.mic
        WHERE ov.t_date = '2024-07-08 00:00:00'
        UNION ALL
        SELECT
            ovn.t_date,
            ovn.expiration_date, ovn.call_put, ovn.strike, ovn.root, e.mic,
            ovn.stock_id, ovn.root_id
        FROM ivol.option_value_ns ovn
        JOIN ivol.root_property rp
            ON rp.root_id = ovn.root_id
            AND '2024-07-08 00:00:00' BETWEEN rp.t_date AND rp.term_date
        JOIN ivol.exchange e
            ON e.exchange_id = rp.exchange_id
        JOIN temp_option_contract_keys tok
            ON ovn.expiration_date = tok.expiration_date
            AND ovn.call_put = tok.call_put
            AND ovn.strike = tok.strike
            AND ovn.root = tok.root
            AND e.mic = tok.mic
        WHERE ovn.t_date = '2024-07-08 00:00:00'
    
[2026-08-24 09:17:52,475] [merqutil.db] [INFO] [56923] materializing option contracts: 1 rows created in 0.04124983283691108 s
[2026-08-24 09:17:52,553] [merqutil.db] [DEBUG] [56923] : running sql

            SELECT
                ov.root, ov.expiration_date, ov.call_put, ov.strike, ov.mic,
                replace(ss.symbol, '/', '.') as symbol
            FROM temp_option_contracts ov
            JOIN ivol.stock_symbol ss
                ON (ss.stock_id = ov.stock_id
                    AND '2024-07-08 00:00:00' BETWEEN ss.t_date AND ss.term_date
                    AND ss.symbol not like '%%%%7' -- Exclude mini options
                )
            JOIN ivol.stock s
                ON (ss.stock_id = s.stock_id)
            WHERE
                s.type IN ('S', 'F')
        
[2026-08-24 09:17:52,578] [merqutil.db] [INFO] [56923] 1 rows selected in 0.024764541070908308 s
[2026-08-24 09:17:52,579] [merqutil.db] [DEBUG] [56923] : running sql

            SELECT
                rp.symbol, e.mic
            FROM ivol.root_property rp
            JOIN ivol.exchange e
                ON e.exchange_id = rp.exchange_id
            JOIN ivol.stock s
                ON s.stock_id = rp.stock_id
            WHERE rp.symbol in ('SPY')
                AND rp.t_date <= '2024-07-08 00:00:00' AND rp.term_date >= '2024-07-08 00:00:00'
                AND s.region_id = 1;
        
[2026-08-24 09:17:52,591] [merqutil.db] [INFO] [56923] 1 rows selected in 0.011841041967272758 s
[2026-08-24 09:17:52,659] [merq.merq_platform.impl.services.options.ivol_utils] [DEBUG] [56923] Created temp table temp_option_contract_keys with index
[2026-08-24 09:17:52,659] [merq.merq_platform.impl.services.options.ivol_utils] [DEBUG] [56923] Populating temp table with 1 option keys
[2026-08-24 09:17:52,696] [merq.merq_platform.impl.services.options.ivol_utils] [DEBUG] [56923] Inserted 1 keys into temp table in 1 batches
[2026-08-24 09:17:52,736] [merqutil.db] [DEBUG] [56923] materializing option contracts: : running sql
CREATE TEMP TABLE temp_option_contracts AS 
        SELECT
            ov.t_date,
            ov.expiration_date, ov.call_put, ov.strike, ov.root, e.mic,
            ov.stock_id, ov.root_id
        FROM ivol.option_value ov
        JOIN ivol.root_property rp
            ON rp.root_id = ov.root_id
            AND '2024-07-08 00:00:00' BETWEEN rp.t_date AND rp.term_date
        JOIN ivol.exchange e
            ON e.exchange_id = rp.exchange_id
        JOIN temp_option_contract_keys tok
            ON ov.expiration_date = tok.expiration_date
            AND ov.call_put = tok.call_put
            AND ov.strike = tok.strike
            AND ov.root = tok.root
            AND e.mic = tok.mic
        WHERE ov.t_date = '2024-07-08 00:00:00'
        UNION ALL
        SELECT
            ovn.t_date,
            ovn.expiration_date, ovn.call_put, ovn.strike, ovn.root, e.mic,
            ovn.stock_id, ovn.root_id
        FROM ivol.option_value_ns ovn
        JOIN ivol.root_property rp
            ON rp.root_id = ovn.root_id
            AND '2024-07-08 00:00:00' BETWEEN rp.t_date AND rp.term_date
        JOIN ivol.exchange e
            ON e.exchange_id = rp.exchange_id
        JOIN temp_option_contract_keys tok
            ON ovn.expiration_date = tok.expiration_date
            AND ovn.call_put = tok.call_put
            AND ovn.strike = tok.strike
            AND ovn.root = tok.root
            AND e.mic = tok.mic
        WHERE ovn.t_date = '2024-07-08 00:00:00'
    
[2026-08-24 09:17:52,778] [merqutil.db] [INFO] [56923] materializing option contracts: 1 rows created in 0.04260312509723008 s
[2026-08-24 09:17:52,860] [merqutil.db] [DEBUG] [56923] : running sql

            SELECT
                ov.root, ov.expiration_date, ov.call_put, ov.strike, ov.mic,
                replace(ss.symbol, '/', '.') as symbol
            FROM temp_option_contracts ov
            JOIN ivol.stock_symbol ss
                ON (ss.stock_id = ov.stock_id
                    AND '2024-07-08 00:00:00' BETWEEN ss.t_date AND ss.term_date
                    AND ss.symbol not like '%%%%7' -- Exclude mini options
                )
            JOIN ivol.stock s
                ON (ss.stock_id = s.stock_id)
            WHERE
                s.type IN ('I')
        
[2026-08-24 09:17:52,886] [merqutil.db] [INFO] [56923] 0 rows selected in 0.025413792114704847 s
[2026-08-24 09:17:52,886] [merq.merq_platform.impl.services.options.ivol_utils] [DEBUG] [56923] Getting external id for <class 'merq.merq_platform.api.components.identifiers.merq_equity_id.MerqEquityListingId'> with 1 ids.
[2026-08-24 09:17:52,886] [merqutil.db] [DEBUG] [56923] : running sql

        SELECT
            REPLACE(ss.symbol, '/', '.') AS symbol,
            s.region_id,
            e.mic
        FROM ivol.stock_symbol ss
        JOIN ivol.stock s
            ON s.stock_id = ss.stock_id
        LEFT JOIN ivol.exchange e
            ON e.exchange_id = ss.exchange_id
        WHERE (replace(ss.symbol, '/', '.'), s.region_id) in (('SPY', 1)) AND
            '2024-07-09 00:00:00' between ss.t_date and ss.term_date
    
[2026-08-24 09:17:52,902] [merqutil.db] [INFO] [56923] 1 rows selected in 0.01585062500089407 s
[2026-08-24 09:17:52,903] [merq.merq_platform.impl.services.options.ivol_utils] [DEBUG] [56923] Getting stock ids for 1 merq_ids, effective date: 2024-07-09 00:00:00.
[2026-08-24 09:17:52,903] [merqutil.db] [DEBUG] [56923] : running sql

        SELECT
            MAX(ss.stock_id) AS stock_id,
            REPLACE(ss.symbol, '/', '.') AS symbol,
            e.mic
        FROM ivol.stock_symbol ss
        LEFT JOIN ivol.exchange e
            ON e.exchange_id = ss.exchange_id
        WHERE
            (REPLACE(ss.symbol, '/', '.'), COALESCE(e.mic, 'NA')) IN (('SPY', 'ARCX')) AND
            '2024-07-09 00:00:00' BETWEEN ss.t_date AND ss.term_date
        GROUP BY ss.symbol, e.mic
        HAVING COUNT(DISTINCT ss.stock_id) = 1
    
[2026-08-24 09:17:52,920] [merqutil.db] [INFO] [56923] 1 rows selected in 0.01669154199771583 s
[2026-08-24 09:17:52,920] [merq.merq_platform.impl.services.options.ivol_utils] [DEBUG] [56923] Found 1 symbol, mic pairs mapping to stock ids.
[2026-08-24 09:17:52,920] [merqutil.db] [DEBUG] [56923] : running sql

            SELECT ca.ex_date, ca.action_type, ca.stock_id
            FROM merq.corp_actions ca
            WHERE ca.ex_date = '2024-07-09 00:00:00' AND
                ca.action_type in ('dvd', 'spl', 'sdvd', 'sp', 'distr', 'rts') AND
                ca.stock_id in (627)
        
[2026-08-24 09:17:52,933] [merqutil.db] [INFO] [56923] 0 rows selected in 0.012654916848987341 s
[2026-08-24 09:17:52,933] [merqutil.db] [DEBUG] [56923] : running sql

        SELECT d.stock_id, d.last_dvd_date, d.last_dvd_amount, d.real_last_dvd_amount, d.dvd_ccy
        FROM ivol.dividend d
        WHERE d.last_dvd_date = '2024-07-09 00:00:00' AND
            d.stock_id in (627)
        
[2026-08-24 09:17:52,945] [merqutil.db] [INFO] [56923] 0 rows selected in 0.012254166882485151 s
[2026-08-24 09:17:52,946] [merqutil.db] [DEBUG] [56923] : running sql

            SELECT COUNT(*)
            FROM merq.corp_actions ca
            JOIN ivol.root_property rp
                ON (
                    rp.stock_id=ca.stock_id
                )
            WHERE (ca.ex_date='2024-07-08 00:00:00' OR ca.ex_date='2024-07-09 00:00:00')
                AND ca.action_type='rn'
                AND rp.action_type='RootRn'
                AND rp.t_date='2024-07-09 00:00:00'
                AND ca.stock_id IN (627);
        
[2026-08-24 09:17:52,958] [merqutil.db] [INFO] [56923] 1 rows selected in 0.01252395799383521 s
[2026-08-24 09:17:52,960] [merq.merq_platform.api.components.computation_pipeline.level_computers.standard_level_computer] [DEBUG] [56923] Equities contribution to index level: 1019.7792510697692
[2026-08-24 09:17:52,960] [merq.merq_platform.api.components.computation_pipeline.level_computers.standard_level_computer] [DEBUG] [56923] Options contribution to index level: -21.790233420873847
[2026-08-24 09:17:52,960] [merq.merq_platform.api.components.computation_pipeline.level_computers.standard_level_computer] [DEBUG] [56923] Cash contribution to index level: 16.20723219040974
[2026-08-24 09:17:52,961] [merq.merq_platform.api.components.computation_pipeline.level_computers.standard_level_computer] [DEBUG] [56923] Equities contribution to index level: 1020.7709683936017
[2026-08-24 09:17:52,961] [merq.merq_platform.api.components.computation_pipeline.level_computers.standard_level_computer] [DEBUG] [56923] Options contribution to index level: -22.33200492185631
[2026-08-24 09:17:52,961] [merq.merq_platform.api.components.computation_pipeline.level_computers.standard_level_computer] [DEBUG] [56923] Cash contribution to index level: 16.20723219040974
[2026-08-24 09:17:52,961] [merq.merq_platform.api.indices.multi_asset.multi_asset_base_index] [INFO] [56923] Computed index level for 2024-07-09 00:00:00 as 1014.6461956621552
[2026-08-24 09:17:52,962] [merq.merq_platform.api.components.computation_pipeline.level_computers.standard_level_computer] [DEBUG] [56923] Equities contribution to index level: 1020.7709683936017
[2026-08-24 09:17:52,962] [merq.merq_platform.api.components.computation_pipeline.level_computers.standard_level_computer] [DEBUG] [56923] Options contribution to index level: -22.33200492185631
[2026-08-24 09:17:52,962] [merq.merq_platform.api.components.computation_pipeline.level_computers.standard_level_computer] [DEBUG] [56923] Cash contribution to index level: 16.20723219040974
[2026-08-24 09:17:52,974] [merq.merq_platform.api.indices.multi_asset.multi_asset_base_index] [DEBUG] [56923] Loaded in portfolio for date 2024-07-09 00:00:00
[2026-08-24 09:17:52,974] [merq.merq_platform.api.components.computation_pipeline.corax_loaders.index_corporate_actions_loader] [DEBUG] [56923] Loading corporate actions for el merq ids in unknown from 2024-07-10 00:00:00 to 2024-07-10 00:00:00...
[2026-08-24 09:17:52,975] [merq.merq_platform.api.components.computation_pipeline.corax_loaders.index_corporate_actions_loader] [DEBUG] [56923] Loading corporate actions for op merq ids in unknown from 2024-07-10 00:00:00 to 2024-07-10 00:00:00...
[2026-08-24 09:17:52,975] [merq.merq_platform.impl.services.options.ivol_reference_data_provider] [DEBUG] [56923] Getting underlying for 1 option contracts on eff_date: 2024-07-09 00:00:00
[2026-08-24 09:17:52,975] [merqutil.db] [DEBUG] [56923] : running sql

            SELECT
                rp.symbol, e.mic
            FROM ivol.root_property rp
            JOIN ivol.exchange e
                ON e.exchange_id = rp.exchange_id
            JOIN ivol.stock s
                ON s.stock_id = rp.stock_id
            WHERE rp.symbol in ('SPY')
                AND rp.t_date <= '2024-07-09 00:00:00' AND rp.term_date >= '2024-07-09 00:00:00'
                AND s.region_id = 1;
        
[2026-08-24 09:17:52,987] [merqutil.db] [INFO] [56923] 1 rows selected in 0.012344166170805693 s
[2026-08-24 09:17:53,054] [merq.merq_platform.impl.services.options.ivol_utils] [DEBUG] [56923] Created temp table temp_option_contract_keys with index
[2026-08-24 09:17:53,054] [merq.merq_platform.impl.services.options.ivol_utils] [DEBUG] [56923] Populating temp table with 1 option keys
[2026-08-24 09:17:53,096] [merq.merq_platform.impl.services.options.ivol_utils] [DEBUG] [56923] Inserted 1 keys into temp table in 1 batches
[2026-08-24 09:17:53,136] [merqutil.db] [DEBUG] [56923] materializing option contracts: : running sql
CREATE TEMP TABLE temp_option_contracts AS 
        SELECT
            ov.t_date,
            ov.expiration_date, ov.call_put, ov.strike, ov.root, e.mic,
            ov.stock_id, ov.root_id
        FROM ivol.option_value ov
        JOIN ivol.root_property rp
            ON rp.root_id = ov.root_id
            AND '2024-07-09 00:00:00' BETWEEN rp.t_date AND rp.term_date
        JOIN ivol.exchange e
            ON e.exchange_id = rp.exchange_id
        JOIN temp_option_contract_keys tok
            ON ov.expiration_date = tok.expiration_date
            AND ov.call_put = tok.call_put
            AND ov.strike = tok.strike
            AND ov.root = tok.root
            AND e.mic = tok.mic
        WHERE ov.t_date = '2024-07-09 00:00:00'
        UNION ALL
        SELECT
            ovn.t_date,
            ovn.expiration_date, ovn.call_put, ovn.strike, ovn.root, e.mic,
            ovn.stock_id, ovn.root_id
        FROM ivol.option_value_ns ovn
        JOIN ivol.root_property rp
            ON rp.root_id = ovn.root_id
            AND '2024-07-09 00:00:00' BETWEEN rp.t_date AND rp.term_date
        JOIN ivol.exchange e
            ON e.exchange_id = rp.exchange_id
        JOIN temp_option_contract_keys tok
            ON ovn.expiration_date = tok.expiration_date
            AND ovn.call_put = tok.call_put
            AND ovn.strike = tok.strike
            AND ovn.root = tok.root
            AND e.mic = tok.mic
        WHERE ovn.t_date = '2024-07-09 00:00:00'
    
[2026-08-24 09:17:53,176] [merqutil.db] [INFO] [56923] materializing option contracts: 1 rows created in 0.04038654104806483 s
[2026-08-24 09:17:53,256] [merqutil.db] [DEBUG] [56923] : running sql

            SELECT
                ov.root, ov.expiration_date, ov.call_put, ov.strike, ov.mic,
                replace(ss.symbol, '/', '.') as symbol
            FROM temp_option_contracts ov
            JOIN ivol.stock_symbol ss
                ON (ss.stock_id = ov.stock_id
                    AND '2024-07-09 00:00:00' BETWEEN ss.t_date AND ss.term_date
                    AND ss.symbol not like '%%%%7' -- Exclude mini options
                )
            JOIN ivol.stock s
                ON (ss.stock_id = s.stock_id)
            WHERE
                s.type IN ('S', 'F')
        
[2026-08-24 09:17:53,281] [merqutil.db] [INFO] [56923] 1 rows selected in 0.024762541987001896 s
[2026-08-24 09:17:53,282] [merqutil.db] [DEBUG] [56923] : running sql

            SELECT
                rp.symbol, e.mic
            FROM ivol.root_property rp
            JOIN ivol.exchange e
                ON e.exchange_id = rp.exchange_id
            JOIN ivol.stock s
                ON s.stock_id = rp.stock_id
            WHERE rp.symbol in ('SPY')
                AND rp.t_date <= '2024-07-09 00:00:00' AND rp.term_date >= '2024-07-09 00:00:00'
                AND s.region_id = 1;
        
[2026-08-24 09:17:53,296] [merqutil.db] [INFO] [56923] 1 rows selected in 0.01429750001989305 s
[2026-08-24 09:17:53,360] [merq.merq_platform.impl.services.options.ivol_utils] [DEBUG] [56923] Created temp table temp_option_contract_keys with index
[2026-08-24 09:17:53,360] [merq.merq_platform.impl.services.options.ivol_utils] [DEBUG] [56923] Populating temp table with 1 option keys
[2026-08-24 09:17:53,400] [merq.merq_platform.impl.services.options.ivol_utils] [DEBUG] [56923] Inserted 1 keys into temp table in 1 batches
[2026-08-24 09:17:53,443] [merqutil.db] [DEBUG] [56923] materializing option contracts: : running sql
CREATE TEMP TABLE temp_option_contracts AS 
        SELECT
            ov.t_date,
            ov.expiration_date, ov.call_put, ov.strike, ov.root, e.mic,
            ov.stock_id, ov.root_id
        FROM ivol.option_value ov
        JOIN ivol.root_property rp
            ON rp.root_id = ov.root_id
            AND '2024-07-09 00:00:00' BETWEEN rp.t_date AND rp.term_date
        JOIN ivol.exchange e
            ON e.exchange_id = rp.exchange_id
        JOIN temp_option_contract_keys tok
            ON ov.expiration_date = tok.expiration_date
            AND ov.call_put = tok.call_put
            AND ov.strike = tok.strike
            AND ov.root = tok.root
            AND e.mic = tok.mic
        WHERE ov.t_date = '2024-07-09 00:00:00'
        UNION ALL
        SELECT
            ovn.t_date,
            ovn.expiration_date, ovn.call_put, ovn.strike, ovn.root, e.mic,
            ovn.stock_id, ovn.root_id
        FROM ivol.option_value_ns ovn
        JOIN ivol.root_property rp
            ON rp.root_id = ovn.root_id
            AND '2024-07-09 00:00:00' BETWEEN rp.t_date AND rp.term_date
        JOIN ivol.exchange e
            ON e.exchange_id = rp.exchange_id
        JOIN temp_option_contract_keys tok
            ON ovn.expiration_date = tok.expiration_date
            AND ovn.call_put = tok.call_put
            AND ovn.strike = tok.strike
            AND ovn.root = tok.root
            AND e.mic = tok.mic
        WHERE ovn.t_date = '2024-07-09 00:00:00'
    
[2026-08-24 09:17:53,484] [merqutil.db] [INFO] [56923] materializing option contracts: 1 rows created in 0.040822000009939075 s
[2026-08-24 09:17:53,564] [merqutil.db] [DEBUG] [56923] : running sql

            SELECT
                ov.root, ov.expiration_date, ov.call_put, ov.strike, ov.mic,
                replace(ss.symbol, '/', '.') as symbol
            FROM temp_option_contracts ov
            JOIN ivol.stock_symbol ss
                ON (ss.stock_id = ov.stock_id
                    AND '2024-07-09 00:00:00' BETWEEN ss.t_date AND ss.term_date
                    AND ss.symbol not like '%%%%7' -- Exclude mini options
                )
            JOIN ivol.stock s
                ON (ss.stock_id = s.stock_id)
            WHERE
                s.type IN ('I')
        
[2026-08-24 09:17:53,589] [merqutil.db] [INFO] [56923] 0 rows selected in 0.025101166917011142 s
[2026-08-24 09:17:53,589] [merq.merq_platform.impl.services.options.ivol_utils] [DEBUG] [56923] Getting external id for <class 'merq.merq_platform.api.components.identifiers.merq_equity_id.MerqEquityListingId'> with 1 ids.
[2026-08-24 09:17:53,590] [merqutil.db] [DEBUG] [56923] : running sql

        SELECT
            REPLACE(ss.symbol, '/', '.') AS symbol,
            s.region_id,
            e.mic
        FROM ivol.stock_symbol ss
        JOIN ivol.stock s
            ON s.stock_id = ss.stock_id
        LEFT JOIN ivol.exchange e
            ON e.exchange_id = ss.exchange_id
        WHERE (replace(ss.symbol, '/', '.'), s.region_id) in (('SPY', 1)) AND
            '2024-07-10 00:00:00' between ss.t_date and ss.term_date
    
[2026-08-24 09:17:53,606] [merqutil.db] [INFO] [56923] 1 rows selected in 0.01591954194009304 s
[2026-08-24 09:17:53,606] [merq.merq_platform.impl.services.options.ivol_utils] [DEBUG] [56923] Getting stock ids for 1 merq_ids, effective date: 2024-07-10 00:00:00.
[2026-08-24 09:17:53,606] [merqutil.db] [DEBUG] [56923] : running sql

        SELECT
            MAX(ss.stock_id) AS stock_id,
            REPLACE(ss.symbol, '/', '.') AS symbol,
            e.mic
        FROM ivol.stock_symbol ss
        LEFT JOIN ivol.exchange e
            ON e.exchange_id = ss.exchange_id
        WHERE
            (REPLACE(ss.symbol, '/', '.'), COALESCE(e.mic, 'NA')) IN (('SPY', 'ARCX')) AND
            '2024-07-10 00:00:00' BETWEEN ss.t_date AND ss.term_date
        GROUP BY ss.symbol, e.mic
        HAVING COUNT(DISTINCT ss.stock_id) = 1
    
[2026-08-24 09:17:53,624] [merqutil.db] [INFO] [56923] 1 rows selected in 0.017330250004306436 s
[2026-08-24 09:17:53,624] [merq.merq_platform.impl.services.options.ivol_utils] [DEBUG] [56923] Found 1 symbol, mic pairs mapping to stock ids.
[2026-08-24 09:17:53,624] [merqutil.db] [DEBUG] [56923] : running sql

            SELECT ca.ex_date, ca.action_type, ca.stock_id
            FROM merq.corp_actions ca
            WHERE ca.ex_date = '2024-07-10 00:00:00' AND
                ca.action_type in ('dvd', 'spl', 'sdvd', 'sp', 'distr', 'rts') AND
                ca.stock_id in (627)
        
[2026-08-24 09:17:53,637] [merqutil.db] [INFO] [56923] 0 rows selected in 0.012598542030900717 s
[2026-08-24 09:17:53,637] [merqutil.db] [DEBUG] [56923] : running sql

        SELECT d.stock_id, d.last_dvd_date, d.last_dvd_amount, d.real_last_dvd_amount, d.dvd_ccy
        FROM ivol.dividend d
        WHERE d.last_dvd_date = '2024-07-10 00:00:00' AND
            d.stock_id in (627)
        
[2026-08-24 09:17:53,649] [merqutil.db] [INFO] [56923] 0 rows selected in 0.01238212501630187 s
[2026-08-24 09:17:53,650] [merqutil.db] [DEBUG] [56923] : running sql

            SELECT COUNT(*)
            FROM merq.corp_actions ca
            JOIN ivol.root_property rp
                ON (
                    rp.stock_id=ca.stock_id
                )
            WHERE (ca.ex_date='2024-07-09 00:00:00' OR ca.ex_date='2024-07-10 00:00:00')
                AND ca.action_type='rn'
                AND rp.action_type='RootRn'
                AND rp.t_date='2024-07-10 00:00:00'
                AND ca.stock_id IN (627);
        
[2026-08-24 09:17:53,664] [merqutil.db] [INFO] [56923] 1 rows selected in 0.013865915825590491 s
[2026-08-24 09:17:53,666] [merq.merq_platform.api.components.computation_pipeline.level_computers.standard_level_computer] [DEBUG] [56923] Equities contribution to index level: 1020.7709683936017
[2026-08-24 09:17:53,666] [merq.merq_platform.api.components.computation_pipeline.level_computers.standard_level_computer] [DEBUG] [56923] Options contribution to index level: -22.33200492185631
[2026-08-24 09:17:53,666] [merq.merq_platform.api.components.computation_pipeline.level_computers.standard_level_computer] [DEBUG] [56923] Cash contribution to index level: 16.20723219040974
[2026-08-24 09:17:53,667] [merq.merq_platform.api.components.computation_pipeline.level_computers.standard_level_computer] [DEBUG] [56923] Equities contribution to index level: 1030.8717929881914
[2026-08-24 09:17:53,667] [merq.merq_platform.api.components.computation_pipeline.level_computers.standard_level_computer] [DEBUG] [56923] Options contribution to index level: -28.78735009458046
[2026-08-24 09:17:53,667] [merq.merq_platform.api.components.computation_pipeline.level_computers.standard_level_computer] [DEBUG] [56923] Cash contribution to index level: 16.20723219040974
[2026-08-24 09:17:53,667] [merq.merq_platform.api.indices.multi_asset.multi_asset_base_index] [INFO] [56923] Computed index level for 2024-07-10 00:00:00 as 1018.2916750840207
[2026-08-24 09:17:53,668] [merq.merq_platform.api.components.computation_pipeline.level_computers.standard_level_computer] [DEBUG] [56923] Equities contribution to index level: 1030.8717929881914
[2026-08-24 09:17:53,668] [merq.merq_platform.api.components.computation_pipeline.level_computers.standard_level_computer] [DEBUG] [56923] Options contribution to index level: -28.78735009458046
[2026-08-24 09:17:53,668] [merq.merq_platform.api.components.computation_pipeline.level_computers.standard_level_computer] [DEBUG] [56923] Cash contribution to index level: 16.20723219040974
[2026-08-24 09:17:53,681] [merq.merq_platform.api.indices.multi_asset.multi_asset_base_index] [DEBUG] [56923] Loaded in portfolio for date 2024-07-10 00:00:00
[2026-08-24 09:17:53,682] [merq.merq_platform.api.components.computation_pipeline.corax_loaders.index_corporate_actions_loader] [DEBUG] [56923] Loading corporate actions for el merq ids in unknown from 2024-07-11 00:00:00 to 2024-07-11 00:00:00...
[2026-08-24 09:17:53,682] [merq.merq_platform.api.components.computation_pipeline.corax_loaders.index_corporate_actions_loader] [DEBUG] [56923] Loading corporate actions for op merq ids in unknown from 2024-07-11 00:00:00 to 2024-07-11 00:00:00...
[2026-08-24 09:17:53,682] [merq.merq_platform.impl.services.options.ivol_reference_data_provider] [DEBUG] [56923] Getting underlying for 1 option contracts on eff_date: 2024-07-10 00:00:00
[2026-08-24 09:17:53,682] [merqutil.db] [DEBUG] [56923] : running sql

            SELECT
                rp.symbol, e.mic
            FROM ivol.root_property rp
            JOIN ivol.exchange e
                ON e.exchange_id = rp.exchange_id
            JOIN ivol.stock s
                ON s.stock_id = rp.stock_id
            WHERE rp.symbol in ('SPY')
                AND rp.t_date <= '2024-07-10 00:00:00' AND rp.term_date >= '2024-07-10 00:00:00'
                AND s.region_id = 1;
        
[2026-08-24 09:17:53,695] [merqutil.db] [INFO] [56923] 1 rows selected in 0.012150416849181056 s
[2026-08-24 09:17:53,759] [merq.merq_platform.impl.services.options.ivol_utils] [DEBUG] [56923] Created temp table temp_option_contract_keys with index
[2026-08-24 09:17:53,759] [merq.merq_platform.impl.services.options.ivol_utils] [DEBUG] [56923] Populating temp table with 1 option keys
[2026-08-24 09:17:53,798] [merq.merq_platform.impl.services.options.ivol_utils] [DEBUG] [56923] Inserted 1 keys into temp table in 1 batches
[2026-08-24 09:17:53,838] [merqutil.db] [DEBUG] [56923] materializing option contracts: : running sql
CREATE TEMP TABLE temp_option_contracts AS 
        SELECT
            ov.t_date,
            ov.expiration_date, ov.call_put, ov.strike, ov.root, e.mic,
            ov.stock_id, ov.root_id
        FROM ivol.option_value ov
        JOIN ivol.root_property rp
            ON rp.root_id = ov.root_id
            AND '2024-07-10 00:00:00' BETWEEN rp.t_date AND rp.term_date
        JOIN ivol.exchange e
            ON e.exchange_id = rp.exchange_id
        JOIN temp_option_contract_keys tok
            ON ov.expiration_date = tok.expiration_date
            AND ov.call_put = tok.call_put
            AND ov.strike = tok.strike
            AND ov.root = tok.root
            AND e.mic = tok.mic
        WHERE ov.t_date = '2024-07-10 00:00:00'
        UNION ALL
        SELECT
            ovn.t_date,
            ovn.expiration_date, ovn.call_put, ovn.strike, ovn.root, e.mic,
            ovn.stock_id, ovn.root_id
        FROM ivol.option_value_ns ovn
        JOIN ivol.root_property rp
            ON rp.root_id = ovn.root_id
            AND '2024-07-10 00:00:00' BETWEEN rp.t_date AND rp.term_date
        JOIN ivol.exchange e
            ON e.exchange_id = rp.exchange_id
        JOIN temp_option_contract_keys tok
            ON ovn.expiration_date = tok.expiration_date
            AND ovn.call_put = tok.call_put
            AND ovn.strike = tok.strike
            AND ovn.root = tok.root
            AND e.mic = tok.mic
        WHERE ovn.t_date = '2024-07-10 00:00:00'
    
[2026-08-24 09:17:53,879] [merqutil.db] [INFO] [56923] materializing option contracts: 1 rows created in 0.04074758314527571 s
[2026-08-24 09:17:53,960] [merqutil.db] [DEBUG] [56923] : running sql

            SELECT
                ov.root, ov.expiration_date, ov.call_put, ov.strike, ov.mic,
                replace(ss.symbol, '/', '.') as symbol
            FROM temp_option_contracts ov
            JOIN ivol.stock_symbol ss
                ON (ss.stock_id = ov.stock_id
                    AND '2024-07-10 00:00:00' BETWEEN ss.t_date AND ss.term_date
                    AND ss.symbol not like '%%%%7' -- Exclude mini options
                )
            JOIN ivol.stock s
                ON (ss.stock_id = s.stock_id)
            WHERE
                s.type IN ('S', 'F')
        
[2026-08-24 09:17:53,985] [merqutil.db] [INFO] [56923] 1 rows selected in 0.02518774988129735 s
[2026-08-24 09:17:53,986] [merqutil.db] [DEBUG] [56923] : running sql

            SELECT
                rp.symbol, e.mic
            FROM ivol.root_property rp
            JOIN ivol.exchange e
                ON e.exchange_id = rp.exchange_id
            JOIN ivol.stock s
                ON s.stock_id = rp.stock_id
            WHERE rp.symbol in ('SPY')
                AND rp.t_date <= '2024-07-10 00:00:00' AND rp.term_date >= '2024-07-10 00:00:00'
                AND s.region_id = 1;
        
[2026-08-24 09:17:53,998] [merqutil.db] [INFO] [56923] 1 rows selected in 0.01224833307787776 s
[2026-08-24 09:17:54,064] [merq.merq_platform.impl.services.options.ivol_utils] [DEBUG] [56923] Created temp table temp_option_contract_keys with index
[2026-08-24 09:17:54,064] [merq.merq_platform.impl.services.options.ivol_utils] [DEBUG] [56923] Populating temp table with 1 option keys
[2026-08-24 09:17:54,105] [merq.merq_platform.impl.services.options.ivol_utils] [DEBUG] [56923] Inserted 1 keys into temp table in 1 batches
[2026-08-24 09:17:54,149] [merqutil.db] [DEBUG] [56923] materializing option contracts: : running sql
CREATE TEMP TABLE temp_option_contracts AS 
        SELECT
            ov.t_date,
            ov.expiration_date, ov.call_put, ov.strike, ov.root, e.mic,
            ov.stock_id, ov.root_id
        FROM ivol.option_value ov
        JOIN ivol.root_property rp
            ON rp.root_id = ov.root_id
            AND '2024-07-10 00:00:00' BETWEEN rp.t_date AND rp.term_date
        JOIN ivol.exchange e
            ON e.exchange_id = rp.exchange_id
        JOIN temp_option_contract_keys tok
            ON ov.expiration_date = tok.expiration_date
            AND ov.call_put = tok.call_put
            AND ov.strike = tok.strike
            AND ov.root = tok.root
            AND e.mic = tok.mic
        WHERE ov.t_date = '2024-07-10 00:00:00'
        UNION ALL
        SELECT
            ovn.t_date,
            ovn.expiration_date, ovn.call_put, ovn.strike, ovn.root, e.mic,
            ovn.stock_id, ovn.root_id
        FROM ivol.option_value_ns ovn
        JOIN ivol.root_property rp
            ON rp.root_id = ovn.root_id
            AND '2024-07-10 00:00:00' BETWEEN rp.t_date AND rp.term_date
        JOIN ivol.exchange e
            ON e.exchange_id = rp.exchange_id
        JOIN temp_option_contract_keys tok
            ON ovn.expiration_date = tok.expiration_date
            AND ovn.call_put = tok.call_put
            AND ovn.strike = tok.strike
            AND ovn.root = tok.root
            AND e.mic = tok.mic
        WHERE ovn.t_date = '2024-07-10 00:00:00'
    
[2026-08-24 09:17:54,190] [merqutil.db] [INFO] [56923] materializing option contracts: 1 rows created in 0.04051900003105402 s
[2026-08-24 09:17:54,268] [merqutil.db] [DEBUG] [56923] : running sql

            SELECT
                ov.root, ov.expiration_date, ov.call_put, ov.strike, ov.mic,
                replace(ss.symbol, '/', '.') as symbol
            FROM temp_option_contracts ov
            JOIN ivol.stock_symbol ss
                ON (ss.stock_id = ov.stock_id
                    AND '2024-07-10 00:00:00' BETWEEN ss.t_date AND ss.term_date
                    AND ss.symbol not like '%%%%7' -- Exclude mini options
                )
            JOIN ivol.stock s
                ON (ss.stock_id = s.stock_id)
            WHERE
                s.type IN ('I')
        
[2026-08-24 09:17:54,293] [merqutil.db] [INFO] [56923] 0 rows selected in 0.02497491706162691 s
[2026-08-24 09:17:54,293] [merq.merq_platform.impl.services.options.ivol_utils] [DEBUG] [56923] Getting external id for <class 'merq.merq_platform.api.components.identifiers.merq_equity_id.MerqEquityListingId'> with 1 ids.
[2026-08-24 09:17:54,293] [merqutil.db] [DEBUG] [56923] : running sql

        SELECT
            REPLACE(ss.symbol, '/', '.') AS symbol,
            s.region_id,
            e.mic
        FROM ivol.stock_symbol ss
        JOIN ivol.stock s
            ON s.stock_id = ss.stock_id
        LEFT JOIN ivol.exchange e
            ON e.exchange_id = ss.exchange_id
        WHERE (replace(ss.symbol, '/', '.'), s.region_id) in (('SPY', 1)) AND
            '2024-07-11 00:00:00' between ss.t_date and ss.term_date
    
[2026-08-24 09:17:54,309] [merqutil.db] [INFO] [56923] 1 rows selected in 0.016018667025491595 s
[2026-08-24 09:17:54,310] [merq.merq_platform.impl.services.options.ivol_utils] [DEBUG] [56923] Getting stock ids for 1 merq_ids, effective date: 2024-07-11 00:00:00.
[2026-08-24 09:17:54,310] [merqutil.db] [DEBUG] [56923] : running sql

        SELECT
            MAX(ss.stock_id) AS stock_id,
            REPLACE(ss.symbol, '/', '.') AS symbol,
            e.mic
        FROM ivol.stock_symbol ss
        LEFT JOIN ivol.exchange e
            ON e.exchange_id = ss.exchange_id
        WHERE
            (REPLACE(ss.symbol, '/', '.'), COALESCE(e.mic, 'NA')) IN (('SPY', 'ARCX')) AND
            '2024-07-11 00:00:00' BETWEEN ss.t_date AND ss.term_date
        GROUP BY ss.symbol, e.mic
        HAVING COUNT(DISTINCT ss.stock_id) = 1
    
[2026-08-24 09:17:54,327] [merqutil.db] [INFO] [56923] 1 rows selected in 0.016727042151615024 s
[2026-08-24 09:17:54,327] [merq.merq_platform.impl.services.options.ivol_utils] [DEBUG] [56923] Found 1 symbol, mic pairs mapping to stock ids.
[2026-08-24 09:17:54,327] [merqutil.db] [DEBUG] [56923] : running sql

            SELECT ca.ex_date, ca.action_type, ca.stock_id
            FROM merq.corp_actions ca
            WHERE ca.ex_date = '2024-07-11 00:00:00' AND
                ca.action_type in ('dvd', 'spl', 'sdvd', 'sp', 'distr', 'rts') AND
                ca.stock_id in (627)
        
[2026-08-24 09:17:54,340] [merqutil.db] [INFO] [56923] 0 rows selected in 0.013260042062029243 s
[2026-08-24 09:17:54,341] [merqutil.db] [DEBUG] [56923] : running sql

        SELECT d.stock_id, d.last_dvd_date, d.last_dvd_amount, d.real_last_dvd_amount, d.dvd_ccy
        FROM ivol.dividend d
        WHERE d.last_dvd_date = '2024-07-11 00:00:00' AND
            d.stock_id in (627)
        
[2026-08-24 09:17:54,355] [merqutil.db] [INFO] [56923] 0 rows selected in 0.014530250104144216 s
[2026-08-24 09:17:54,356] [merqutil.db] [DEBUG] [56923] : running sql

            SELECT COUNT(*)
            FROM merq.corp_actions ca
            JOIN ivol.root_property rp
                ON (
                    rp.stock_id=ca.stock_id
                )
            WHERE (ca.ex_date='2024-07-10 00:00:00' OR ca.ex_date='2024-07-11 00:00:00')
                AND ca.action_type='rn'
                AND rp.action_type='RootRn'
                AND rp.t_date='2024-07-11 00:00:00'
                AND ca.stock_id IN (627);
        
[2026-08-24 09:17:54,369] [merqutil.db] [INFO] [56923] 1 rows selected in 0.013389125000685453 s
[2026-08-24 09:17:54,371] [merq.merq_platform.api.components.computation_pipeline.level_computers.standard_level_computer] [DEBUG] [56923] Equities contribution to index level: 1030.8717929881914
[2026-08-24 09:17:54,371] [merq.merq_platform.api.components.computation_pipeline.level_computers.standard_level_computer] [DEBUG] [56923] Options contribution to index level: -28.78735009458046
[2026-08-24 09:17:54,372] [merq.merq_platform.api.components.computation_pipeline.level_computers.standard_level_computer] [DEBUG] [56923] Cash contribution to index level: 16.20723219040974
[2026-08-24 09:17:54,373] [merq.merq_platform.api.components.computation_pipeline.level_computers.standard_level_computer] [DEBUG] [56923] Equities contribution to index level: 1021.9830673449525
[2026-08-24 09:17:54,373] [merq.merq_platform.api.components.computation_pipeline.level_computers.standard_level_computer] [DEBUG] [56923] Options contribution to index level: -23.029880075664323
[2026-08-24 09:17:54,373] [merq.merq_platform.api.components.computation_pipeline.level_computers.standard_level_computer] [DEBUG] [56923] Cash contribution to index level: 16.20723219040974
[2026-08-24 09:17:54,373] [merq.merq_platform.api.indices.multi_asset.multi_asset_base_index] [INFO] [56923] Computed index level for 2024-07-11 00:00:00 as 1015.1604194596979
[2026-08-24 09:17:54,374] [merq.merq_platform.api.components.computation_pipeline.level_computers.standard_level_computer] [DEBUG] [56923] Equities contribution to index level: 1021.9830673449525
[2026-08-24 09:17:54,374] [merq.merq_platform.api.components.computation_pipeline.level_computers.standard_level_computer] [DEBUG] [56923] Options contribution to index level: -23.029880075664323
[2026-08-24 09:17:54,374] [merq.merq_platform.api.components.computation_pipeline.level_computers.standard_level_computer] [DEBUG] [56923] Cash contribution to index level: 16.20723219040974
[2026-08-24 09:17:54,386] [merq.merq_platform.api.indices.multi_asset.multi_asset_base_index] [DEBUG] [56923] Loaded in portfolio for date 2024-07-11 00:00:00
[2026-08-24 09:17:54,387] [merq.merq_platform.api.components.computation_pipeline.corax_loaders.index_corporate_actions_loader] [DEBUG] [56923] Loading corporate actions for el merq ids in unknown from 2024-07-12 00:00:00 to 2024-07-12 00:00:00...
[2026-08-24 09:17:54,387] [merq.merq_platform.api.components.computation_pipeline.corax_loaders.index_corporate_actions_loader] [DEBUG] [56923] Loading corporate actions for op merq ids in unknown from 2024-07-12 00:00:00 to 2024-07-12 00:00:00...
[2026-08-24 09:17:54,387] [merq.merq_platform.impl.services.options.ivol_reference_data_provider] [DEBUG] [56923] Getting underlying for 1 option contracts on eff_date: 2024-07-11 00:00:00
[2026-08-24 09:17:54,387] [merqutil.db] [DEBUG] [56923] : running sql

            SELECT
                rp.symbol, e.mic
            FROM ivol.root_property rp
            JOIN ivol.exchange e
                ON e.exchange_id = rp.exchange_id
            JOIN ivol.stock s
                ON s.stock_id = rp.stock_id
            WHERE rp.symbol in ('SPY')
                AND rp.t_date <= '2024-07-11 00:00:00' AND rp.term_date >= '2024-07-11 00:00:00'
                AND s.region_id = 1;
        
[2026-08-24 09:17:54,400] [merqutil.db] [INFO] [56923] 1 rows selected in 0.012519625015556812 s
[2026-08-24 09:17:54,465] [merq.merq_platform.impl.services.options.ivol_utils] [DEBUG] [56923] Created temp table temp_option_contract_keys with index
[2026-08-24 09:17:54,465] [merq.merq_platform.impl.services.options.ivol_utils] [DEBUG] [56923] Populating temp table with 1 option keys
[2026-08-24 09:17:54,503] [merq.merq_platform.impl.services.options.ivol_utils] [DEBUG] [56923] Inserted 1 keys into temp table in 1 batches
[2026-08-24 09:17:54,547] [merqutil.db] [DEBUG] [56923] materializing option contracts: : running sql
CREATE TEMP TABLE temp_option_contracts AS 
        SELECT
            ov.t_date,
            ov.expiration_date, ov.call_put, ov.strike, ov.root, e.mic,
            ov.stock_id, ov.root_id
        FROM ivol.option_value ov
        JOIN ivol.root_property rp
            ON rp.root_id = ov.root_id
            AND '2024-07-11 00:00:00' BETWEEN rp.t_date AND rp.term_date
        JOIN ivol.exchange e
            ON e.exchange_id = rp.exchange_id
        JOIN temp_option_contract_keys tok
            ON ov.expiration_date = tok.expiration_date
            AND ov.call_put = tok.call_put
            AND ov.strike = tok.strike
            AND ov.root = tok.root
            AND e.mic = tok.mic
        WHERE ov.t_date = '2024-07-11 00:00:00'
        UNION ALL
        SELECT
            ovn.t_date,
            ovn.expiration_date, ovn.call_put, ovn.strike, ovn.root, e.mic,
            ovn.stock_id, ovn.root_id
        FROM ivol.option_value_ns ovn
        JOIN ivol.root_property rp
            ON rp.root_id = ovn.root_id
            AND '2024-07-11 00:00:00' BETWEEN rp.t_date AND rp.term_date
        JOIN ivol.exchange e
            ON e.exchange_id = rp.exchange_id
        JOIN temp_option_contract_keys tok
            ON ovn.expiration_date = tok.expiration_date
            AND ovn.call_put = tok.call_put
            AND ovn.strike = tok.strike
            AND ovn.root = tok.root
            AND e.mic = tok.mic
        WHERE ovn.t_date = '2024-07-11 00:00:00'
    
[2026-08-24 09:17:54,588] [merqutil.db] [INFO] [56923] materializing option contracts: 1 rows created in 0.04032741696573794 s
[2026-08-24 09:17:54,672] [merqutil.db] [DEBUG] [56923] : running sql

            SELECT
                ov.root, ov.expiration_date, ov.call_put, ov.strike, ov.mic,
                replace(ss.symbol, '/', '.') as symbol
            FROM temp_option_contracts ov
            JOIN ivol.stock_symbol ss
                ON (ss.stock_id = ov.stock_id
                    AND '2024-07-11 00:00:00' BETWEEN ss.t_date AND ss.term_date
                    AND ss.symbol not like '%%%%7' -- Exclude mini options
                )
            JOIN ivol.stock s
                ON (ss.stock_id = s.stock_id)
            WHERE
                s.type IN ('S', 'F')
        
[2026-08-24 09:17:54,696] [merqutil.db] [INFO] [56923] 1 rows selected in 0.023902083979919553 s
[2026-08-24 09:17:54,697] [merqutil.db] [DEBUG] [56923] : running sql

            SELECT
                rp.symbol, e.mic
            FROM ivol.root_property rp
            JOIN ivol.exchange e
                ON e.exchange_id = rp.exchange_id
            JOIN ivol.stock s
                ON s.stock_id = rp.stock_id
            WHERE rp.symbol in ('SPY')
                AND rp.t_date <= '2024-07-11 00:00:00' AND rp.term_date >= '2024-07-11 00:00:00'
                AND s.region_id = 1;
        
[2026-08-24 09:17:54,709] [merqutil.db] [INFO] [56923] 1 rows selected in 0.011895000003278255 s
[2026-08-24 09:17:54,778] [merq.merq_platform.impl.services.options.ivol_utils] [DEBUG] [56923] Created temp table temp_option_contract_keys with index
[2026-08-24 09:17:54,778] [merq.merq_platform.impl.services.options.ivol_utils] [DEBUG] [56923] Populating temp table with 1 option keys
[2026-08-24 09:17:54,814] [merq.merq_platform.impl.services.options.ivol_utils] [DEBUG] [56923] Inserted 1 keys into temp table in 1 batches
[2026-08-24 09:17:54,854] [merqutil.db] [DEBUG] [56923] materializing option contracts: : running sql
CREATE TEMP TABLE temp_option_contracts AS 
        SELECT
            ov.t_date,
            ov.expiration_date, ov.call_put, ov.strike, ov.root, e.mic,
            ov.stock_id, ov.root_id
        FROM ivol.option_value ov
        JOIN ivol.root_property rp
            ON rp.root_id = ov.root_id
            AND '2024-07-11 00:00:00' BETWEEN rp.t_date AND rp.term_date
        JOIN ivol.exchange e
            ON e.exchange_id = rp.exchange_id
        JOIN temp_option_contract_keys tok
            ON ov.expiration_date = tok.expiration_date
            AND ov.call_put = tok.call_put
            AND ov.strike = tok.strike
            AND ov.root = tok.root
            AND e.mic = tok.mic
        WHERE ov.t_date = '2024-07-11 00:00:00'
        UNION ALL
        SELECT
            ovn.t_date,
            ovn.expiration_date, ovn.call_put, ovn.strike, ovn.root, e.mic,
            ovn.stock_id, ovn.root_id
        FROM ivol.option_value_ns ovn
        JOIN ivol.root_property rp
            ON rp.root_id = ovn.root_id
            AND '2024-07-11 00:00:00' BETWEEN rp.t_date AND rp.term_date
        JOIN ivol.exchange e
            ON e.exchange_id = rp.exchange_id
        JOIN temp_option_contract_keys tok
            ON ovn.expiration_date = tok.expiration_date
            AND ovn.call_put = tok.call_put
            AND ovn.strike = tok.strike
            AND ovn.root = tok.root
            AND e.mic = tok.mic
        WHERE ovn.t_date = '2024-07-11 00:00:00'
    
[2026-08-24 09:17:54,894] [merqutil.db] [INFO] [56923] materializing option contracts: 1 rows created in 0.04011083394289017 s
[2026-08-24 09:17:54,983] [merqutil.db] [DEBUG] [56923] : running sql

            SELECT
                ov.root, ov.expiration_date, ov.call_put, ov.strike, ov.mic,
                replace(ss.symbol, '/', '.') as symbol
            FROM temp_option_contracts ov
            JOIN ivol.stock_symbol ss
                ON (ss.stock_id = ov.stock_id
                    AND '2024-07-11 00:00:00' BETWEEN ss.t_date AND ss.term_date
                    AND ss.symbol not like '%%%%7' -- Exclude mini options
                )
            JOIN ivol.stock s
                ON (ss.stock_id = s.stock_id)
            WHERE
                s.type IN ('I')
        
[2026-08-24 09:17:55,009] [merqutil.db] [INFO] [56923] 0 rows selected in 0.025450041983276606 s
[2026-08-24 09:17:55,009] [merq.merq_platform.impl.services.options.ivol_utils] [DEBUG] [56923] Getting external id for <class 'merq.merq_platform.api.components.identifiers.merq_equity_id.MerqEquityListingId'> with 1 ids.
[2026-08-24 09:17:55,010] [merqutil.db] [DEBUG] [56923] : running sql

        SELECT
            REPLACE(ss.symbol, '/', '.') AS symbol,
            s.region_id,
            e.mic
        FROM ivol.stock_symbol ss
        JOIN ivol.stock s
            ON s.stock_id = ss.stock_id
        LEFT JOIN ivol.exchange e
            ON e.exchange_id = ss.exchange_id
        WHERE (replace(ss.symbol, '/', '.'), s.region_id) in (('SPY', 1)) AND
            '2024-07-12 00:00:00' between ss.t_date and ss.term_date
    
[2026-08-24 09:17:55,027] [merqutil.db] [INFO] [56923] 1 rows selected in 0.01691354182548821 s
[2026-08-24 09:17:55,027] [merq.merq_platform.impl.services.options.ivol_utils] [DEBUG] [56923] Getting stock ids for 1 merq_ids, effective date: 2024-07-12 00:00:00.
[2026-08-24 09:17:55,027] [merqutil.db] [DEBUG] [56923] : running sql

        SELECT
            MAX(ss.stock_id) AS stock_id,
            REPLACE(ss.symbol, '/', '.') AS symbol,
            e.mic
        FROM ivol.stock_symbol ss
        LEFT JOIN ivol.exchange e
            ON e.exchange_id = ss.exchange_id
        WHERE
            (REPLACE(ss.symbol, '/', '.'), COALESCE(e.mic, 'NA')) IN (('SPY', 'ARCX')) AND
            '2024-07-12 00:00:00' BETWEEN ss.t_date AND ss.term_date
        GROUP BY ss.symbol, e.mic
        HAVING COUNT(DISTINCT ss.stock_id) = 1
    
[2026-08-24 09:17:55,044] [merqutil.db] [INFO] [56923] 1 rows selected in 0.016435208031907678 s
[2026-08-24 09:17:55,044] [merq.merq_platform.impl.services.options.ivol_utils] [DEBUG] [56923] Found 1 symbol, mic pairs mapping to stock ids.
[2026-08-24 09:17:55,044] [merqutil.db] [DEBUG] [56923] : running sql

            SELECT ca.ex_date, ca.action_type, ca.stock_id
            FROM merq.corp_actions ca
            WHERE ca.ex_date = '2024-07-12 00:00:00' AND
                ca.action_type in ('dvd', 'spl', 'sdvd', 'sp', 'distr', 'rts') AND
                ca.stock_id in (627)
        
[2026-08-24 09:17:55,057] [merqutil.db] [INFO] [56923] 0 rows selected in 0.012826667167246342 s
[2026-08-24 09:17:55,057] [merqutil.db] [DEBUG] [56923] : running sql

        SELECT d.stock_id, d.last_dvd_date, d.last_dvd_amount, d.real_last_dvd_amount, d.dvd_ccy
        FROM ivol.dividend d
        WHERE d.last_dvd_date = '2024-07-12 00:00:00' AND
            d.stock_id in (627)
        
[2026-08-24 09:17:55,070] [merqutil.db] [INFO] [56923] 0 rows selected in 0.01258608396165073 s
[2026-08-24 09:17:55,070] [merqutil.db] [DEBUG] [56923] : running sql

            SELECT COUNT(*)
            FROM merq.corp_actions ca
            JOIN ivol.root_property rp
                ON (
                    rp.stock_id=ca.stock_id
                )
            WHERE (ca.ex_date='2024-07-11 00:00:00' OR ca.ex_date='2024-07-12 00:00:00')
                AND ca.action_type='rn'
                AND rp.action_type='RootRn'
                AND rp.t_date='2024-07-12 00:00:00'
                AND ca.stock_id IN (627);
        
[2026-08-24 09:17:55,084] [merqutil.db] [INFO] [56923] 1 rows selected in 0.013705749996006489 s
[2026-08-24 09:17:55,086] [merq.merq_platform.api.components.computation_pipeline.level_computers.standard_level_computer] [DEBUG] [56923] Equities contribution to index level: 1021.9830673449525
[2026-08-24 09:17:55,086] [merq.merq_platform.api.components.computation_pipeline.level_computers.standard_level_computer] [DEBUG] [56923] Options contribution to index level: -23.029880075664323
[2026-08-24 09:17:55,086] [merq.merq_platform.api.components.computation_pipeline.level_computers.standard_level_computer] [DEBUG] [56923] Cash contribution to index level: 16.20723219040974
[2026-08-24 09:17:55,087] [merq.merq_platform.api.components.computation_pipeline.level_computers.standard_level_computer] [DEBUG] [56923] Equities contribution to index level: 1028.4292299498632
[2026-08-24 09:17:55,087] [merq.merq_platform.api.components.computation_pipeline.level_computers.standard_level_computer] [DEBUG] [56923] Options contribution to index level: -26.00503204716165
[2026-08-24 09:17:55,087] [merq.merq_platform.api.components.computation_pipeline.level_computers.standard_level_computer] [DEBUG] [56923] Cash contribution to index level: 16.20723219040974
[2026-08-24 09:17:55,087] [merq.merq_platform.api.indices.multi_asset.multi_asset_base_index] [INFO] [56923] Computed index level for 2024-07-12 00:00:00 as 1018.6314300931112
[2026-08-24 09:17:55,087] [merq.merq_platform.api.components.computation_pipeline.level_computers.standard_level_computer] [DEBUG] [56923] Equities contribution to index level: 1028.4292299498632
[2026-08-24 09:17:55,087] [merq.merq_platform.api.components.computation_pipeline.level_computers.standard_level_computer] [DEBUG] [56923] Options contribution to index level: -26.00503204716165
[2026-08-24 09:17:55,088] [merq.merq_platform.api.components.computation_pipeline.level_computers.standard_level_computer] [DEBUG] [56923] Cash contribution to index level: 16.20723219040974
[2026-08-24 09:17:55,101] [merq.merq_platform.api.indices.multi_asset.multi_asset_base_index] [DEBUG] [56923] Loaded in portfolio for date 2024-07-12 00:00:00
[2026-08-24 09:17:55,101] [merq.merq_platform.api.components.computation_pipeline.corax_loaders.index_corporate_actions_loader] [DEBUG] [56923] Loading corporate actions for el merq ids in unknown from 2024-07-13 00:00:00 to 2024-07-15 00:00:00...
[2026-08-24 09:17:55,101] [merq.merq_platform.api.components.computation_pipeline.corax_loaders.index_corporate_actions_loader] [DEBUG] [56923] Loading corporate actions for op merq ids in unknown from 2024-07-13 00:00:00 to 2024-07-15 00:00:00...
[2026-08-24 09:17:55,102] [merq.merq_platform.impl.services.options.ivol_reference_data_provider] [DEBUG] [56923] Getting underlying for 1 option contracts on eff_date: 2024-07-12 00:00:00
[2026-08-24 09:17:55,102] [merqutil.db] [DEBUG] [56923] : running sql

            SELECT
                rp.symbol, e.mic
            FROM ivol.root_property rp
            JOIN ivol.exchange e
                ON e.exchange_id = rp.exchange_id
            JOIN ivol.stock s
                ON s.stock_id = rp.stock_id
            WHERE rp.symbol in ('SPY')
                AND rp.t_date <= '2024-07-12 00:00:00' AND rp.term_date >= '2024-07-12 00:00:00'
                AND s.region_id = 1;
        
[2026-08-24 09:17:55,114] [merqutil.db] [INFO] [56923] 1 rows selected in 0.012003417126834393 s
[2026-08-24 09:17:55,183] [merq.merq_platform.impl.services.options.ivol_utils] [DEBUG] [56923] Created temp table temp_option_contract_keys with index
[2026-08-24 09:17:55,183] [merq.merq_platform.impl.services.options.ivol_utils] [DEBUG] [56923] Populating temp table with 1 option keys
[2026-08-24 09:17:55,225] [merq.merq_platform.impl.services.options.ivol_utils] [DEBUG] [56923] Inserted 1 keys into temp table in 1 batches
[2026-08-24 09:17:55,262] [merqutil.db] [DEBUG] [56923] materializing option contracts: : running sql
CREATE TEMP TABLE temp_option_contracts AS 
        SELECT
            ov.t_date,
            ov.expiration_date, ov.call_put, ov.strike, ov.root, e.mic,
            ov.stock_id, ov.root_id
        FROM ivol.option_value ov
        JOIN ivol.root_property rp
            ON rp.root_id = ov.root_id
            AND '2024-07-12 00:00:00' BETWEEN rp.t_date AND rp.term_date
        JOIN ivol.exchange e
            ON e.exchange_id = rp.exchange_id
        JOIN temp_option_contract_keys tok
            ON ov.expiration_date = tok.expiration_date
            AND ov.call_put = tok.call_put
            AND ov.strike = tok.strike
            AND ov.root = tok.root
            AND e.mic = tok.mic
        WHERE ov.t_date = '2024-07-12 00:00:00'
        UNION ALL
        SELECT
            ovn.t_date,
            ovn.expiration_date, ovn.call_put, ovn.strike, ovn.root, e.mic,
            ovn.stock_id, ovn.root_id
        FROM ivol.option_value_ns ovn
        JOIN ivol.root_property rp
            ON rp.root_id = ovn.root_id
            AND '2024-07-12 00:00:00' BETWEEN rp.t_date AND rp.term_date
        JOIN ivol.exchange e
            ON e.exchange_id = rp.exchange_id
        JOIN temp_option_contract_keys tok
            ON ovn.expiration_date = tok.expiration_date
            AND ovn.call_put = tok.call_put
            AND ovn.strike = tok.strike
            AND ovn.root = tok.root
            AND e.mic = tok.mic
        WHERE ovn.t_date = '2024-07-12 00:00:00'
    
[2026-08-24 09:17:55,303] [merqutil.db] [INFO] [56923] materializing option contracts: 1 rows created in 0.04038091702386737 s
[2026-08-24 09:17:55,383] [merqutil.db] [DEBUG] [56923] : running sql

            SELECT
                ov.root, ov.expiration_date, ov.call_put, ov.strike, ov.mic,
                replace(ss.symbol, '/', '.') as symbol
            FROM temp_option_contracts ov
            JOIN ivol.stock_symbol ss
                ON (ss.stock_id = ov.stock_id
                    AND '2024-07-12 00:00:00' BETWEEN ss.t_date AND ss.term_date
                    AND ss.symbol not like '%%%%7' -- Exclude mini options
                )
            JOIN ivol.stock s
                ON (ss.stock_id = s.stock_id)
            WHERE
                s.type IN ('S', 'F')
        
[2026-08-24 09:17:55,408] [merqutil.db] [INFO] [56923] 1 rows selected in 0.02490675006993115 s
[2026-08-24 09:17:55,409] [merqutil.db] [DEBUG] [56923] : running sql

            SELECT
                rp.symbol, e.mic
            FROM ivol.root_property rp
            JOIN ivol.exchange e
                ON e.exchange_id = rp.exchange_id
            JOIN ivol.stock s
                ON s.stock_id = rp.stock_id
            WHERE rp.symbol in ('SPY')
                AND rp.t_date <= '2024-07-12 00:00:00' AND rp.term_date >= '2024-07-12 00:00:00'
                AND s.region_id = 1;
        
[2026-08-24 09:17:55,421] [merqutil.db] [INFO] [56923] 1 rows selected in 0.01218029111623764 s
[2026-08-24 09:17:55,489] [merq.merq_platform.impl.services.options.ivol_utils] [DEBUG] [56923] Created temp table temp_option_contract_keys with index
[2026-08-24 09:17:55,489] [merq.merq_platform.impl.services.options.ivol_utils] [DEBUG] [56923] Populating temp table with 1 option keys
[2026-08-24 09:17:55,528] [merq.merq_platform.impl.services.options.ivol_utils] [DEBUG] [56923] Inserted 1 keys into temp table in 1 batches
[2026-08-24 09:17:55,569] [merqutil.db] [DEBUG] [56923] materializing option contracts: : running sql
CREATE TEMP TABLE temp_option_contracts AS 
        SELECT
            ov.t_date,
            ov.expiration_date, ov.call_put, ov.strike, ov.root, e.mic,
            ov.stock_id, ov.root_id
        FROM ivol.option_value ov
        JOIN ivol.root_property rp
            ON rp.root_id = ov.root_id
            AND '2024-07-12 00:00:00' BETWEEN rp.t_date AND rp.term_date
        JOIN ivol.exchange e
            ON e.exchange_id = rp.exchange_id
        JOIN temp_option_contract_keys tok
            ON ov.expiration_date = tok.expiration_date
            AND ov.call_put = tok.call_put
            AND ov.strike = tok.strike
            AND ov.root = tok.root
            AND e.mic = tok.mic
        WHERE ov.t_date = '2024-07-12 00:00:00'
        UNION ALL
        SELECT
            ovn.t_date,
            ovn.expiration_date, ovn.call_put, ovn.strike, ovn.root, e.mic,
            ovn.stock_id, ovn.root_id
        FROM ivol.option_value_ns ovn
        JOIN ivol.root_property rp
            ON rp.root_id = ovn.root_id
            AND '2024-07-12 00:00:00' BETWEEN rp.t_date AND rp.term_date
        JOIN ivol.exchange e
            ON e.exchange_id = rp.exchange_id
        JOIN temp_option_contract_keys tok
            ON ovn.expiration_date = tok.expiration_date
            AND ovn.call_put = tok.call_put
            AND ovn.strike = tok.strike
            AND ovn.root = tok.root
            AND e.mic = tok.mic
        WHERE ovn.t_date = '2024-07-12 00:00:00'
    
[2026-08-24 09:17:55,609] [merqutil.db] [INFO] [56923] materializing option contracts: 1 rows created in 0.039824250154197216 s
[2026-08-24 09:17:55,690] [merqutil.db] [DEBUG] [56923] : running sql

            SELECT
                ov.root, ov.expiration_date, ov.call_put, ov.strike, ov.mic,
                replace(ss.symbol, '/', '.') as symbol
            FROM temp_option_contracts ov
            JOIN ivol.stock_symbol ss
                ON (ss.stock_id = ov.stock_id
                    AND '2024-07-12 00:00:00' BETWEEN ss.t_date AND ss.term_date
                    AND ss.symbol not like '%%%%7' -- Exclude mini options
                )
            JOIN ivol.stock s
                ON (ss.stock_id = s.stock_id)
            WHERE
                s.type IN ('I')
        
[2026-08-24 09:17:55,717] [merqutil.db] [INFO] [56923] 0 rows selected in 0.02745849988423288 s
[2026-08-24 09:17:55,718] [merq.merq_platform.impl.services.options.ivol_utils] [DEBUG] [56923] Getting external id for <class 'merq.merq_platform.api.components.identifiers.merq_equity_id.MerqEquityListingId'> with 1 ids.
[2026-08-24 09:17:55,718] [merqutil.db] [DEBUG] [56923] : running sql

        SELECT
            REPLACE(ss.symbol, '/', '.') AS symbol,
            s.region_id,
            e.mic
        FROM ivol.stock_symbol ss
        JOIN ivol.stock s
            ON s.stock_id = ss.stock_id
        LEFT JOIN ivol.exchange e
            ON e.exchange_id = ss.exchange_id
        WHERE (replace(ss.symbol, '/', '.'), s.region_id) in (('SPY', 1)) AND
            '2024-07-15 00:00:00' between ss.t_date and ss.term_date
    
[2026-08-24 09:17:55,736] [merqutil.db] [INFO] [56923] 1 rows selected in 0.017445749836042523 s
[2026-08-24 09:17:55,736] [merq.merq_platform.impl.services.options.ivol_utils] [DEBUG] [56923] Getting stock ids for 1 merq_ids, effective date: 2024-07-15 00:00:00.
[2026-08-24 09:17:55,736] [merqutil.db] [DEBUG] [56923] : running sql

        SELECT
            MAX(ss.stock_id) AS stock_id,
            REPLACE(ss.symbol, '/', '.') AS symbol,
            e.mic
        FROM ivol.stock_symbol ss
        LEFT JOIN ivol.exchange e
            ON e.exchange_id = ss.exchange_id
        WHERE
            (REPLACE(ss.symbol, '/', '.'), COALESCE(e.mic, 'NA')) IN (('SPY', 'ARCX')) AND
            '2024-07-15 00:00:00' BETWEEN ss.t_date AND ss.term_date
        GROUP BY ss.symbol, e.mic
        HAVING COUNT(DISTINCT ss.stock_id) = 1
    
[2026-08-24 09:17:55,753] [merqutil.db] [INFO] [56923] 1 rows selected in 0.01642216695472598 s
[2026-08-24 09:17:55,753] [merq.merq_platform.impl.services.options.ivol_utils] [DEBUG] [56923] Found 1 symbol, mic pairs mapping to stock ids.
[2026-08-24 09:17:55,753] [merqutil.db] [DEBUG] [56923] : running sql

            SELECT ca.ex_date, ca.action_type, ca.stock_id
            FROM merq.corp_actions ca
            WHERE ca.ex_date = '2024-07-15 00:00:00' AND
                ca.action_type in ('dvd', 'spl', 'sdvd', 'sp', 'distr', 'rts') AND
                ca.stock_id in (627)
        
[2026-08-24 09:17:55,765] [merqutil.db] [INFO] [56923] 0 rows selected in 0.012047542026266456 s
[2026-08-24 09:17:55,765] [merqutil.db] [DEBUG] [56923] : running sql

        SELECT d.stock_id, d.last_dvd_date, d.last_dvd_amount, d.real_last_dvd_amount, d.dvd_ccy
        FROM ivol.dividend d
        WHERE d.last_dvd_date = '2024-07-15 00:00:00' AND
            d.stock_id in (627)
        
[2026-08-24 09:17:55,778] [merqutil.db] [INFO] [56923] 0 rows selected in 0.012146125081926584 s
[2026-08-24 09:17:55,778] [merqutil.db] [DEBUG] [56923] : running sql

            SELECT COUNT(*)
            FROM merq.corp_actions ca
            JOIN ivol.root_property rp
                ON (
                    rp.stock_id=ca.stock_id
                )
            WHERE (ca.ex_date='2024-07-12 00:00:00' OR ca.ex_date='2024-07-15 00:00:00')
                AND ca.action_type='rn'
                AND rp.action_type='RootRn'
                AND rp.t_date='2024-07-15 00:00:00'
                AND ca.stock_id IN (627);
        
[2026-08-24 09:17:55,792] [merqutil.db] [INFO] [56923] 1 rows selected in 0.013219374930486083 s
[2026-08-24 09:17:55,793] [merq.merq_platform.api.components.computation_pipeline.level_computers.standard_level_computer] [DEBUG] [56923] Equities contribution to index level: 1028.4292299498632
[2026-08-24 09:17:55,793] [merq.merq_platform.api.components.computation_pipeline.level_computers.standard_level_computer] [DEBUG] [56923] Options contribution to index level: -26.00503204716165
[2026-08-24 09:17:55,793] [merq.merq_platform.api.components.computation_pipeline.level_computers.standard_level_computer] [DEBUG] [56923] Cash contribution to index level: 16.20723219040974
[2026-08-24 09:17:55,794] [merq.merq_platform.api.components.computation_pipeline.level_computers.standard_level_computer] [DEBUG] [56923] Equities contribution to index level: 1031.2574608363484
[2026-08-24 09:17:55,794] [merq.merq_platform.api.components.computation_pipeline.level_computers.standard_level_computer] [DEBUG] [56923] Options contribution to index level: -28.236396025784643
[2026-08-24 09:17:55,794] [merq.merq_platform.api.components.computation_pipeline.level_computers.standard_level_computer] [DEBUG] [56923] Cash contribution to index level: 16.20723219040974
[2026-08-24 09:17:55,794] [merq.merq_platform.api.indices.multi_asset.multi_asset_base_index] [INFO] [56923] Computed index level for 2024-07-15 00:00:00 as 1019.2282970009735
[2026-08-24 09:17:55,795] [merq.merq_platform.api.components.computation_pipeline.level_computers.standard_level_computer] [DEBUG] [56923] Equities contribution to index level: 1031.2574608363484
[2026-08-24 09:17:55,795] [merq.merq_platform.api.components.computation_pipeline.level_computers.standard_level_computer] [DEBUG] [56923] Options contribution to index level: -28.236396025784643
[2026-08-24 09:17:55,795] [merq.merq_platform.api.components.computation_pipeline.level_computers.standard_level_computer] [DEBUG] [56923] Cash contribution to index level: 16.20723219040974
[2026-08-24 09:17:55,807] [merq.merq_platform.api.indices.multi_asset.multi_asset_base_index] [DEBUG] [56923] Loaded in portfolio for date 2024-07-15 00:00:00
[2026-08-24 09:17:55,807] [merq.merq_platform.api.components.computation_pipeline.corax_loaders.index_corporate_actions_loader] [DEBUG] [56923] Loading corporate actions for el merq ids in unknown from 2024-07-16 00:00:00 to 2024-07-16 00:00:00...
[2026-08-24 09:17:55,807] [merq.merq_platform.api.components.computation_pipeline.corax_loaders.index_corporate_actions_loader] [DEBUG] [56923] Loading corporate actions for op merq ids in unknown from 2024-07-16 00:00:00 to 2024-07-16 00:00:00...
[2026-08-24 09:17:55,807] [merq.merq_platform.impl.services.options.ivol_reference_data_provider] [DEBUG] [56923] Getting underlying for 1 option contracts on eff_date: 2024-07-15 00:00:00
[2026-08-24 09:17:55,808] [merqutil.db] [DEBUG] [56923] : running sql

            SELECT
                rp.symbol, e.mic
            FROM ivol.root_property rp
            JOIN ivol.exchange e
                ON e.exchange_id = rp.exchange_id
            JOIN ivol.stock s
                ON s.stock_id = rp.stock_id
            WHERE rp.symbol in ('SPY')
                AND rp.t_date <= '2024-07-15 00:00:00' AND rp.term_date >= '2024-07-15 00:00:00'
                AND s.region_id = 1;
        
[2026-08-24 09:17:55,821] [merqutil.db] [INFO] [56923] 1 rows selected in 0.01282362500205636 s
[2026-08-24 09:17:55,884] [merq.merq_platform.impl.services.options.ivol_utils] [DEBUG] [56923] Created temp table temp_option_contract_keys with index
[2026-08-24 09:17:55,884] [merq.merq_platform.impl.services.options.ivol_utils] [DEBUG] [56923] Populating temp table with 1 option keys
[2026-08-24 09:17:55,920] [merq.merq_platform.impl.services.options.ivol_utils] [DEBUG] [56923] Inserted 1 keys into temp table in 1 batches
[2026-08-24 09:17:55,962] [merqutil.db] [DEBUG] [56923] materializing option contracts: : running sql
CREATE TEMP TABLE temp_option_contracts AS 
        SELECT
            ov.t_date,
            ov.expiration_date, ov.call_put, ov.strike, ov.root, e.mic,
            ov.stock_id, ov.root_id
        FROM ivol.option_value ov
        JOIN ivol.root_property rp
            ON rp.root_id = ov.root_id
            AND '2024-07-15 00:00:00' BETWEEN rp.t_date AND rp.term_date
        JOIN ivol.exchange e
            ON e.exchange_id = rp.exchange_id
        JOIN temp_option_contract_keys tok
            ON ov.expiration_date = tok.expiration_date
            AND ov.call_put = tok.call_put
            AND ov.strike = tok.strike
            AND ov.root = tok.root
            AND e.mic = tok.mic
        WHERE ov.t_date = '2024-07-15 00:00:00'
        UNION ALL
        SELECT
            ovn.t_date,
            ovn.expiration_date, ovn.call_put, ovn.strike, ovn.root, e.mic,
            ovn.stock_id, ovn.root_id
        FROM ivol.option_value_ns ovn
        JOIN ivol.root_property rp
            ON rp.root_id = ovn.root_id
            AND '2024-07-15 00:00:00' BETWEEN rp.t_date AND rp.term_date
        JOIN ivol.exchange e
            ON e.exchange_id = rp.exchange_id
        JOIN temp_option_contract_keys tok
            ON ovn.expiration_date = tok.expiration_date
            AND ovn.call_put = tok.call_put
            AND ovn.strike = tok.strike
            AND ovn.root = tok.root
            AND e.mic = tok.mic
        WHERE ovn.t_date = '2024-07-15 00:00:00'
    
[2026-08-24 09:17:56,005] [merqutil.db] [INFO] [56923] materializing option contracts: 1 rows created in 0.042348749935626984 s
[2026-08-24 09:17:56,085] [merqutil.db] [DEBUG] [56923] : running sql

            SELECT
                ov.root, ov.expiration_date, ov.call_put, ov.strike, ov.mic,
                replace(ss.symbol, '/', '.') as symbol
            FROM temp_option_contracts ov
            JOIN ivol.stock_symbol ss
                ON (ss.stock_id = ov.stock_id
                    AND '2024-07-15 00:00:00' BETWEEN ss.t_date AND ss.term_date
                    AND ss.symbol not like '%%%%7' -- Exclude mini options
                )
            JOIN ivol.stock s
                ON (ss.stock_id = s.stock_id)
            WHERE
                s.type IN ('S', 'F')
        
[2026-08-24 09:17:56,111] [merqutil.db] [INFO] [56923] 1 rows selected in 0.025438208831474185 s
[2026-08-24 09:17:56,112] [merqutil.db] [DEBUG] [56923] : running sql

            SELECT
                rp.symbol, e.mic
            FROM ivol.root_property rp
            JOIN ivol.exchange e
                ON e.exchange_id = rp.exchange_id
            JOIN ivol.stock s
                ON s.stock_id = rp.stock_id
            WHERE rp.symbol in ('SPY')
                AND rp.t_date <= '2024-07-15 00:00:00' AND rp.term_date >= '2024-07-15 00:00:00'
                AND s.region_id = 1;
        
[2026-08-24 09:17:56,124] [merqutil.db] [INFO] [56923] 1 rows selected in 0.011796416016295552 s
[2026-08-24 09:17:56,189] [merq.merq_platform.impl.services.options.ivol_utils] [DEBUG] [56923] Created temp table temp_option_contract_keys with index
[2026-08-24 09:17:56,189] [merq.merq_platform.impl.services.options.ivol_utils] [DEBUG] [56923] Populating temp table with 1 option keys
[2026-08-24 09:17:56,228] [merq.merq_platform.impl.services.options.ivol_utils] [DEBUG] [56923] Inserted 1 keys into temp table in 1 batches
[2026-08-24 09:17:56,266] [merqutil.db] [DEBUG] [56923] materializing option contracts: : running sql
CREATE TEMP TABLE temp_option_contracts AS 
        SELECT
            ov.t_date,
            ov.expiration_date, ov.call_put, ov.strike, ov.root, e.mic,
            ov.stock_id, ov.root_id
        FROM ivol.option_value ov
        JOIN ivol.root_property rp
            ON rp.root_id = ov.root_id
            AND '2024-07-15 00:00:00' BETWEEN rp.t_date AND rp.term_date
        JOIN ivol.exchange e
            ON e.exchange_id = rp.exchange_id
        JOIN temp_option_contract_keys tok
            ON ov.expiration_date = tok.expiration_date
            AND ov.call_put = tok.call_put
            AND ov.strike = tok.strike
            AND ov.root = tok.root
            AND e.mic = tok.mic
        WHERE ov.t_date = '2024-07-15 00:00:00'
        UNION ALL
        SELECT
            ovn.t_date,
            ovn.expiration_date, ovn.call_put, ovn.strike, ovn.root, e.mic,
            ovn.stock_id, ovn.root_id
        FROM ivol.option_value_ns ovn
        JOIN ivol.root_property rp
            ON rp.root_id = ovn.root_id
            AND '2024-07-15 00:00:00' BETWEEN rp.t_date AND rp.term_date
        JOIN ivol.exchange e
            ON e.exchange_id = rp.exchange_id
        JOIN temp_option_contract_keys tok
            ON ovn.expiration_date = tok.expiration_date
            AND ovn.call_put = tok.call_put
            AND ovn.strike = tok.strike
            AND ovn.root = tok.root
            AND e.mic = tok.mic
        WHERE ovn.t_date = '2024-07-15 00:00:00'
    
[2026-08-24 09:17:56,307] [merqutil.db] [INFO] [56923] materializing option contracts: 1 rows created in 0.04033529106527567 s
[2026-08-24 09:17:56,393] [merqutil.db] [DEBUG] [56923] : running sql

            SELECT
                ov.root, ov.expiration_date, ov.call_put, ov.strike, ov.mic,
                replace(ss.symbol, '/', '.') as symbol
            FROM temp_option_contracts ov
            JOIN ivol.stock_symbol ss
                ON (ss.stock_id = ov.stock_id
                    AND '2024-07-15 00:00:00' BETWEEN ss.t_date AND ss.term_date
                    AND ss.symbol not like '%%%%7' -- Exclude mini options
                )
            JOIN ivol.stock s
                ON (ss.stock_id = s.stock_id)
            WHERE
                s.type IN ('I')
        
[2026-08-24 09:17:56,419] [merqutil.db] [INFO] [56923] 0 rows selected in 0.025606750044971704 s
[2026-08-24 09:17:56,419] [merq.merq_platform.impl.services.options.ivol_utils] [DEBUG] [56923] Getting external id for <class 'merq.merq_platform.api.components.identifiers.merq_equity_id.MerqEquityListingId'> with 1 ids.
[2026-08-24 09:17:56,419] [merqutil.db] [DEBUG] [56923] : running sql

        SELECT
            REPLACE(ss.symbol, '/', '.') AS symbol,
            s.region_id,
            e.mic
        FROM ivol.stock_symbol ss
        JOIN ivol.stock s
            ON s.stock_id = ss.stock_id
        LEFT JOIN ivol.exchange e
            ON e.exchange_id = ss.exchange_id
        WHERE (replace(ss.symbol, '/', '.'), s.region_id) in (('SPY', 1)) AND
            '2024-07-16 00:00:00' between ss.t_date and ss.term_date
    
[2026-08-24 09:17:56,436] [merqutil.db] [INFO] [56923] 1 rows selected in 0.016807917039841413 s
[2026-08-24 09:17:56,437] [merq.merq_platform.impl.services.options.ivol_utils] [DEBUG] [56923] Getting stock ids for 1 merq_ids, effective date: 2024-07-16 00:00:00.
[2026-08-24 09:17:56,437] [merqutil.db] [DEBUG] [56923] : running sql

        SELECT
            MAX(ss.stock_id) AS stock_id,
            REPLACE(ss.symbol, '/', '.') AS symbol,
            e.mic
        FROM ivol.stock_symbol ss
        LEFT JOIN ivol.exchange e
            ON e.exchange_id = ss.exchange_id
        WHERE
            (REPLACE(ss.symbol, '/', '.'), COALESCE(e.mic, 'NA')) IN (('SPY', 'ARCX')) AND
            '2024-07-16 00:00:00' BETWEEN ss.t_date AND ss.term_date
        GROUP BY ss.symbol, e.mic
        HAVING COUNT(DISTINCT ss.stock_id) = 1
    
[2026-08-24 09:17:56,453] [merqutil.db] [INFO] [56923] 1 rows selected in 0.016484082909300923 s
[2026-08-24 09:17:56,453] [merq.merq_platform.impl.services.options.ivol_utils] [DEBUG] [56923] Found 1 symbol, mic pairs mapping to stock ids.
[2026-08-24 09:17:56,454] [merqutil.db] [DEBUG] [56923] : running sql

            SELECT ca.ex_date, ca.action_type, ca.stock_id
            FROM merq.corp_actions ca
            WHERE ca.ex_date = '2024-07-16 00:00:00' AND
                ca.action_type in ('dvd', 'spl', 'sdvd', 'sp', 'distr', 'rts') AND
                ca.stock_id in (627)
        
[2026-08-24 09:17:56,466] [merqutil.db] [INFO] [56923] 0 rows selected in 0.012460666941478848 s
[2026-08-24 09:17:56,467] [merqutil.db] [DEBUG] [56923] : running sql

        SELECT d.stock_id, d.last_dvd_date, d.last_dvd_amount, d.real_last_dvd_amount, d.dvd_ccy
        FROM ivol.dividend d
        WHERE d.last_dvd_date = '2024-07-16 00:00:00' AND
            d.stock_id in (627)
        
[2026-08-24 09:17:56,479] [merqutil.db] [INFO] [56923] 0 rows selected in 0.012278500013053417 s
[2026-08-24 09:17:56,480] [merqutil.db] [DEBUG] [56923] : running sql

            SELECT COUNT(*)
            FROM merq.corp_actions ca
            JOIN ivol.root_property rp
                ON (
                    rp.stock_id=ca.stock_id
                )
            WHERE (ca.ex_date='2024-07-15 00:00:00' OR ca.ex_date='2024-07-16 00:00:00')
                AND ca.action_type='rn'
                AND rp.action_type='RootRn'
                AND rp.t_date='2024-07-16 00:00:00'
                AND ca.stock_id IN (627);
        
[2026-08-24 09:17:56,494] [merqutil.db] [INFO] [56923] 1 rows selected in 0.014269000152125955 s
[2026-08-24 09:17:56,496] [merq.merq_platform.api.components.computation_pipeline.level_computers.standard_level_computer] [DEBUG] [56923] Equities contribution to index level: 1031.2574608363484
[2026-08-24 09:17:56,496] [merq.merq_platform.api.components.computation_pipeline.level_computers.standard_level_computer] [DEBUG] [56923] Options contribution to index level: -28.236396025784643
[2026-08-24 09:17:56,496] [merq.merq_platform.api.components.computation_pipeline.level_computers.standard_level_computer] [DEBUG] [56923] Cash contribution to index level: 16.20723219040974
[2026-08-24 09:17:56,497] [merq.merq_platform.api.components.computation_pipeline.level_computers.standard_level_computer] [DEBUG] [56923] Equities contribution to index level: 1037.3730509999816
[2026-08-24 09:17:56,497] [merq.merq_platform.api.components.computation_pipeline.level_computers.standard_level_computer] [DEBUG] [56923] Options contribution to index level: -32.45119465207256
[2026-08-24 09:17:56,497] [merq.merq_platform.api.components.computation_pipeline.level_computers.standard_level_computer] [DEBUG] [56923] Cash contribution to index level: 16.20723219040974
[2026-08-24 09:17:56,497] [merq.merq_platform.api.indices.multi_asset.multi_asset_base_index] [INFO] [56923] Computed index level for 2024-07-16 00:00:00 as 1021.1290885383188
[2026-08-24 09:17:56,498] [merq.merq_platform.api.components.computation_pipeline.level_computers.standard_level_computer] [DEBUG] [56923] Equities contribution to index level: 1037.3730509999816
[2026-08-24 09:17:56,498] [merq.merq_platform.api.components.computation_pipeline.level_computers.standard_level_computer] [DEBUG] [56923] Options contribution to index level: -32.45119465207256
[2026-08-24 09:17:56,498] [merq.merq_platform.api.components.computation_pipeline.level_computers.standard_level_computer] [DEBUG] [56923] Cash contribution to index level: 16.20723219040974
[2026-08-24 09:17:56,512] [merq.merq_platform.api.indices.multi_asset.multi_asset_base_index] [DEBUG] [56923] Loaded in portfolio for date 2024-07-16 00:00:00
[2026-08-24 09:17:56,513] [merq.merq_platform.api.components.computation_pipeline.corax_loaders.index_corporate_actions_loader] [DEBUG] [56923] Loading corporate actions for el merq ids in unknown from 2024-07-17 00:00:00 to 2024-07-17 00:00:00...
[2026-08-24 09:17:56,513] [merq.merq_platform.api.components.computation_pipeline.corax_loaders.index_corporate_actions_loader] [DEBUG] [56923] Loading corporate actions for op merq ids in unknown from 2024-07-17 00:00:00 to 2024-07-17 00:00:00...
[2026-08-24 09:17:56,513] [merq.merq_platform.impl.services.options.ivol_reference_data_provider] [DEBUG] [56923] Getting underlying for 1 option contracts on eff_date: 2024-07-16 00:00:00
[2026-08-24 09:17:56,513] [merqutil.db] [DEBUG] [56923] : running sql

            SELECT
                rp.symbol, e.mic
            FROM ivol.root_property rp
            JOIN ivol.exchange e
                ON e.exchange_id = rp.exchange_id
            JOIN ivol.stock s
                ON s.stock_id = rp.stock_id
            WHERE rp.symbol in ('SPY')
                AND rp.t_date <= '2024-07-16 00:00:00' AND rp.term_date >= '2024-07-16 00:00:00'
                AND s.region_id = 1;
        
[2026-08-24 09:17:56,527] [merqutil.db] [INFO] [56923] 1 rows selected in 0.0130260840523988 s
[2026-08-24 09:17:56,593] [merq.merq_platform.impl.services.options.ivol_utils] [DEBUG] [56923] Created temp table temp_option_contract_keys with index
[2026-08-24 09:17:56,593] [merq.merq_platform.impl.services.options.ivol_utils] [DEBUG] [56923] Populating temp table with 1 option keys
[2026-08-24 09:17:56,630] [merq.merq_platform.impl.services.options.ivol_utils] [DEBUG] [56923] Inserted 1 keys into temp table in 1 batches
[2026-08-24 09:17:56,669] [merqutil.db] [DEBUG] [56923] materializing option contracts: : running sql
CREATE TEMP TABLE temp_option_contracts AS 
        SELECT
            ov.t_date,
            ov.expiration_date, ov.call_put, ov.strike, ov.root, e.mic,
            ov.stock_id, ov.root_id
        FROM ivol.option_value ov
        JOIN ivol.root_property rp
            ON rp.root_id = ov.root_id
            AND '2024-07-16 00:00:00' BETWEEN rp.t_date AND rp.term_date
        JOIN ivol.exchange e
            ON e.exchange_id = rp.exchange_id
        JOIN temp_option_contract_keys tok
            ON ov.expiration_date = tok.expiration_date
            AND ov.call_put = tok.call_put
            AND ov.strike = tok.strike
            AND ov.root = tok.root
            AND e.mic = tok.mic
        WHERE ov.t_date = '2024-07-16 00:00:00'
        UNION ALL
        SELECT
            ovn.t_date,
            ovn.expiration_date, ovn.call_put, ovn.strike, ovn.root, e.mic,
            ovn.stock_id, ovn.root_id
        FROM ivol.option_value_ns ovn
        JOIN ivol.root_property rp
            ON rp.root_id = ovn.root_id
            AND '2024-07-16 00:00:00' BETWEEN rp.t_date AND rp.term_date
        JOIN ivol.exchange e
            ON e.exchange_id = rp.exchange_id
        JOIN temp_option_contract_keys tok
            ON ovn.expiration_date = tok.expiration_date
            AND ovn.call_put = tok.call_put
            AND ovn.strike = tok.strike
            AND ovn.root = tok.root
            AND e.mic = tok.mic
        WHERE ovn.t_date = '2024-07-16 00:00:00'
    
[2026-08-24 09:17:56,710] [merqutil.db] [INFO] [56923] materializing option contracts: 1 rows created in 0.04042850015684962 s
[2026-08-24 09:17:56,787] [merqutil.db] [DEBUG] [56923] : running sql

            SELECT
                ov.root, ov.expiration_date, ov.call_put, ov.strike, ov.mic,
                replace(ss.symbol, '/', '.') as symbol
            FROM temp_option_contracts ov
            JOIN ivol.stock_symbol ss
                ON (ss.stock_id = ov.stock_id
                    AND '2024-07-16 00:00:00' BETWEEN ss.t_date AND ss.term_date
                    AND ss.symbol not like '%%%%7' -- Exclude mini options
                )
            JOIN ivol.stock s
                ON (ss.stock_id = s.stock_id)
            WHERE
                s.type IN ('S', 'F')
        
[2026-08-24 09:17:56,814] [merqutil.db] [INFO] [56923] 1 rows selected in 0.026402957970276475 s
[2026-08-24 09:17:56,814] [merqutil.db] [DEBUG] [56923] : running sql

            SELECT
                rp.symbol, e.mic
            FROM ivol.root_property rp
            JOIN ivol.exchange e
                ON e.exchange_id = rp.exchange_id
            JOIN ivol.stock s
                ON s.stock_id = rp.stock_id
            WHERE rp.symbol in ('SPY')
                AND rp.t_date <= '2024-07-16 00:00:00' AND rp.term_date >= '2024-07-16 00:00:00'
                AND s.region_id = 1;
        
[2026-08-24 09:17:56,826] [merqutil.db] [INFO] [56923] 1 rows selected in 0.012147958157584071 s
[2026-08-24 09:17:56,893] [merq.merq_platform.impl.services.options.ivol_utils] [DEBUG] [56923] Created temp table temp_option_contract_keys with index
[2026-08-24 09:17:56,893] [merq.merq_platform.impl.services.options.ivol_utils] [DEBUG] [56923] Populating temp table with 1 option keys
[2026-08-24 09:17:56,930] [merq.merq_platform.impl.services.options.ivol_utils] [DEBUG] [56923] Inserted 1 keys into temp table in 1 batches
[2026-08-24 09:17:56,969] [merqutil.db] [DEBUG] [56923] materializing option contracts: : running sql
CREATE TEMP TABLE temp_option_contracts AS 
        SELECT
            ov.t_date,
            ov.expiration_date, ov.call_put, ov.strike, ov.root, e.mic,
            ov.stock_id, ov.root_id
        FROM ivol.option_value ov
        JOIN ivol.root_property rp
            ON rp.root_id = ov.root_id
            AND '2024-07-16 00:00:00' BETWEEN rp.t_date AND rp.term_date
        JOIN ivol.exchange e
            ON e.exchange_id = rp.exchange_id
        JOIN temp_option_contract_keys tok
            ON ov.expiration_date = tok.expiration_date
            AND ov.call_put = tok.call_put
            AND ov.strike = tok.strike
            AND ov.root = tok.root
            AND e.mic = tok.mic
        WHERE ov.t_date = '2024-07-16 00:00:00'
        UNION ALL
        SELECT
            ovn.t_date,
            ovn.expiration_date, ovn.call_put, ovn.strike, ovn.root, e.mic,
            ovn.stock_id, ovn.root_id
        FROM ivol.option_value_ns ovn
        JOIN ivol.root_property rp
            ON rp.root_id = ovn.root_id
            AND '2024-07-16 00:00:00' BETWEEN rp.t_date AND rp.term_date
        JOIN ivol.exchange e
            ON e.exchange_id = rp.exchange_id
        JOIN temp_option_contract_keys tok
            ON ovn.expiration_date = tok.expiration_date
            AND ovn.call_put = tok.call_put
            AND ovn.strike = tok.strike
            AND ovn.root = tok.root
            AND e.mic = tok.mic
        WHERE ovn.t_date = '2024-07-16 00:00:00'
    
[2026-08-24 09:17:57,013] [merqutil.db] [INFO] [56923] materializing option contracts: 1 rows created in 0.04404679103754461 s
[2026-08-24 09:17:57,102] [merqutil.db] [DEBUG] [56923] : running sql

            SELECT
                ov.root, ov.expiration_date, ov.call_put, ov.strike, ov.mic,
                replace(ss.symbol, '/', '.') as symbol
            FROM temp_option_contracts ov
            JOIN ivol.stock_symbol ss
                ON (ss.stock_id = ov.stock_id
                    AND '2024-07-16 00:00:00' BETWEEN ss.t_date AND ss.term_date
                    AND ss.symbol not like '%%%%7' -- Exclude mini options
                )
            JOIN ivol.stock s
                ON (ss.stock_id = s.stock_id)
            WHERE
                s.type IN ('I')
        
[2026-08-24 09:17:57,130] [merqutil.db] [INFO] [56923] 0 rows selected in 0.028220917098224163 s
[2026-08-24 09:17:57,131] [merq.merq_platform.impl.services.options.ivol_utils] [DEBUG] [56923] Getting external id for <class 'merq.merq_platform.api.components.identifiers.merq_equity_id.MerqEquityListingId'> with 1 ids.
[2026-08-24 09:17:57,131] [merqutil.db] [DEBUG] [56923] : running sql

        SELECT
            REPLACE(ss.symbol, '/', '.') AS symbol,
            s.region_id,
            e.mic
        FROM ivol.stock_symbol ss
        JOIN ivol.stock s
            ON s.stock_id = ss.stock_id
        LEFT JOIN ivol.exchange e
            ON e.exchange_id = ss.exchange_id
        WHERE (replace(ss.symbol, '/', '.'), s.region_id) in (('SPY', 1)) AND
            '2024-07-17 00:00:00' between ss.t_date and ss.term_date
    
[2026-08-24 09:17:57,148] [merqutil.db] [INFO] [56923] 1 rows selected in 0.017053165938705206 s
[2026-08-24 09:17:57,148] [merq.merq_platform.impl.services.options.ivol_utils] [DEBUG] [56923] Getting stock ids for 1 merq_ids, effective date: 2024-07-17 00:00:00.
[2026-08-24 09:17:57,149] [merqutil.db] [DEBUG] [56923] : running sql

        SELECT
            MAX(ss.stock_id) AS stock_id,
            REPLACE(ss.symbol, '/', '.') AS symbol,
            e.mic
        FROM ivol.stock_symbol ss
        LEFT JOIN ivol.exchange e
            ON e.exchange_id = ss.exchange_id
        WHERE
            (REPLACE(ss.symbol, '/', '.'), COALESCE(e.mic, 'NA')) IN (('SPY', 'ARCX')) AND
            '2024-07-17 00:00:00' BETWEEN ss.t_date AND ss.term_date
        GROUP BY ss.symbol, e.mic
        HAVING COUNT(DISTINCT ss.stock_id) = 1
    
[2026-08-24 09:17:57,166] [merqutil.db] [INFO] [56923] 1 rows selected in 0.016882958821952343 s
[2026-08-24 09:17:57,166] [merq.merq_platform.impl.services.options.ivol_utils] [DEBUG] [56923] Found 1 symbol, mic pairs mapping to stock ids.
[2026-08-24 09:17:57,166] [merqutil.db] [DEBUG] [56923] : running sql

            SELECT ca.ex_date, ca.action_type, ca.stock_id
            FROM merq.corp_actions ca
            WHERE ca.ex_date = '2024-07-17 00:00:00' AND
                ca.action_type in ('dvd', 'spl', 'sdvd', 'sp', 'distr', 'rts') AND
                ca.stock_id in (627)
        
[2026-08-24 09:17:57,180] [merqutil.db] [INFO] [56923] 0 rows selected in 0.013651082990691066 s
[2026-08-24 09:17:57,180] [merqutil.db] [DEBUG] [56923] : running sql

        SELECT d.stock_id, d.last_dvd_date, d.last_dvd_amount, d.real_last_dvd_amount, d.dvd_ccy
        FROM ivol.dividend d
        WHERE d.last_dvd_date = '2024-07-17 00:00:00' AND
            d.stock_id in (627)
        
[2026-08-24 09:17:57,193] [merqutil.db] [INFO] [56923] 0 rows selected in 0.012670750031247735 s
[2026-08-24 09:17:57,193] [merqutil.db] [DEBUG] [56923] : running sql

            SELECT COUNT(*)
            FROM merq.corp_actions ca
            JOIN ivol.root_property rp
                ON (
                    rp.stock_id=ca.stock_id
                )
            WHERE (ca.ex_date='2024-07-16 00:00:00' OR ca.ex_date='2024-07-17 00:00:00')
                AND ca.action_type='rn'
                AND rp.action_type='RootRn'
                AND rp.t_date='2024-07-17 00:00:00'
                AND ca.stock_id IN (627);
        
[2026-08-24 09:17:57,207] [merqutil.db] [INFO] [56923] 1 rows selected in 0.013520832872018218 s
[2026-08-24 09:17:57,208] [merq.merq_platform.api.components.computation_pipeline.level_computers.standard_level_computer] [DEBUG] [56923] Equities contribution to index level: 1037.3730509999816
[2026-08-24 09:17:57,209] [merq.merq_platform.api.components.computation_pipeline.level_computers.standard_level_computer] [DEBUG] [56923] Options contribution to index level: -32.45119465207256
[2026-08-24 09:17:57,209] [merq.merq_platform.api.components.computation_pipeline.level_computers.standard_level_computer] [DEBUG] [56923] Cash contribution to index level: 16.20723219040974
[2026-08-24 09:17:57,209] [merq.merq_platform.api.components.computation_pipeline.level_computers.standard_level_computer] [DEBUG] [56923] Equities contribution to index level: 1022.8278635837727
[2026-08-24 09:17:57,209] [merq.merq_platform.api.components.computation_pipeline.level_computers.standard_level_computer] [DEBUG] [56923] Options contribution to index level: -23.810398339791732
[2026-08-24 09:17:57,210] [merq.merq_platform.api.components.computation_pipeline.level_computers.standard_level_computer] [DEBUG] [56923] Cash contribution to index level: 16.20723219040974
[2026-08-24 09:17:57,210] [merq.merq_platform.api.indices.multi_asset.multi_asset_base_index] [INFO] [56923] Computed index level for 2024-07-17 00:00:00 as 1015.2246974343907
[2026-08-24 09:17:57,210] [merq.merq_platform.api.components.computation_pipeline.level_computers.standard_level_computer] [DEBUG] [56923] Equities contribution to index level: 1022.8278635837727
[2026-08-24 09:17:57,211] [merq.merq_platform.api.components.computation_pipeline.level_computers.standard_level_computer] [DEBUG] [56923] Options contribution to index level: -23.810398339791732
[2026-08-24 09:17:57,211] [merq.merq_platform.api.components.computation_pipeline.level_computers.standard_level_computer] [DEBUG] [56923] Cash contribution to index level: 16.20723219040974
[2026-08-24 09:17:57,223] [merq.merq_platform.api.indices.multi_asset.multi_asset_base_index] [DEBUG] [56923] Loaded in portfolio for date 2024-07-17 00:00:00
[2026-08-24 09:17:57,223] [merq.merq_platform.api.components.computation_pipeline.corax_loaders.index_corporate_actions_loader] [DEBUG] [56923] Loading corporate actions for el merq ids in unknown from 2024-07-18 00:00:00 to 2024-07-18 00:00:00...
[2026-08-24 09:17:57,223] [merq.merq_platform.api.components.computation_pipeline.corax_loaders.index_corporate_actions_loader] [DEBUG] [56923] Loading corporate actions for op merq ids in unknown from 2024-07-18 00:00:00 to 2024-07-18 00:00:00...
[2026-08-24 09:17:57,223] [merq.merq_platform.impl.services.options.ivol_reference_data_provider] [DEBUG] [56923] Getting underlying for 1 option contracts on eff_date: 2024-07-17 00:00:00
[2026-08-24 09:17:57,224] [merqutil.db] [DEBUG] [56923] : running sql

            SELECT
                rp.symbol, e.mic
            FROM ivol.root_property rp
            JOIN ivol.exchange e
                ON e.exchange_id = rp.exchange_id
            JOIN ivol.stock s
                ON s.stock_id = rp.stock_id
            WHERE rp.symbol in ('SPY')
                AND rp.t_date <= '2024-07-17 00:00:00' AND rp.term_date >= '2024-07-17 00:00:00'
                AND s.region_id = 1;
        
[2026-08-24 09:17:57,237] [merqutil.db] [INFO] [56923] 1 rows selected in 0.013133999891579151 s
[2026-08-24 09:17:57,301] [merq.merq_platform.impl.services.options.ivol_utils] [DEBUG] [56923] Created temp table temp_option_contract_keys with index
[2026-08-24 09:17:57,301] [merq.merq_platform.impl.services.options.ivol_utils] [DEBUG] [56923] Populating temp table with 1 option keys
[2026-08-24 09:17:57,339] [merq.merq_platform.impl.services.options.ivol_utils] [DEBUG] [56923] Inserted 1 keys into temp table in 1 batches
[2026-08-24 09:17:57,378] [merqutil.db] [DEBUG] [56923] materializing option contracts: : running sql
CREATE TEMP TABLE temp_option_contracts AS 
        SELECT
            ov.t_date,
            ov.expiration_date, ov.call_put, ov.strike, ov.root, e.mic,
            ov.stock_id, ov.root_id
        FROM ivol.option_value ov
        JOIN ivol.root_property rp
            ON rp.root_id = ov.root_id
            AND '2024-07-17 00:00:00' BETWEEN rp.t_date AND rp.term_date
        JOIN ivol.exchange e
            ON e.exchange_id = rp.exchange_id
        JOIN temp_option_contract_keys tok
            ON ov.expiration_date = tok.expiration_date
            AND ov.call_put = tok.call_put
            AND ov.strike = tok.strike
            AND ov.root = tok.root
            AND e.mic = tok.mic
        WHERE ov.t_date = '2024-07-17 00:00:00'
        UNION ALL
        SELECT
            ovn.t_date,
            ovn.expiration_date, ovn.call_put, ovn.strike, ovn.root, e.mic,
            ovn.stock_id, ovn.root_id
        FROM ivol.option_value_ns ovn
        JOIN ivol.root_property rp
            ON rp.root_id = ovn.root_id
            AND '2024-07-17 00:00:00' BETWEEN rp.t_date AND rp.term_date
        JOIN ivol.exchange e
            ON e.exchange_id = rp.exchange_id
        JOIN temp_option_contract_keys tok
            ON ovn.expiration_date = tok.expiration_date
            AND ovn.call_put = tok.call_put
            AND ovn.strike = tok.strike
            AND ovn.root = tok.root
            AND e.mic = tok.mic
        WHERE ovn.t_date = '2024-07-17 00:00:00'
    
[2026-08-24 09:17:57,417] [merqutil.db] [INFO] [56923] materializing option contracts: 1 rows created in 0.03913808288052678 s
[2026-08-24 09:17:57,496] [merqutil.db] [DEBUG] [56923] : running sql

            SELECT
                ov.root, ov.expiration_date, ov.call_put, ov.strike, ov.mic,
                replace(ss.symbol, '/', '.') as symbol
            FROM temp_option_contracts ov
            JOIN ivol.stock_symbol ss
                ON (ss.stock_id = ov.stock_id
                    AND '2024-07-17 00:00:00' BETWEEN ss.t_date AND ss.term_date
                    AND ss.symbol not like '%%%%7' -- Exclude mini options
                )
            JOIN ivol.stock s
                ON (ss.stock_id = s.stock_id)
            WHERE
                s.type IN ('S', 'F')
        
[2026-08-24 09:17:57,521] [merqutil.db] [INFO] [56923] 1 rows selected in 0.02481354190967977 s
[2026-08-24 09:17:57,521] [merqutil.db] [DEBUG] [56923] : running sql

            SELECT
                rp.symbol, e.mic
            FROM ivol.root_property rp
            JOIN ivol.exchange e
                ON e.exchange_id = rp.exchange_id
            JOIN ivol.stock s
                ON s.stock_id = rp.stock_id
            WHERE rp.symbol in ('SPY')
                AND rp.t_date <= '2024-07-17 00:00:00' AND rp.term_date >= '2024-07-17 00:00:00'
                AND s.region_id = 1;
        
[2026-08-24 09:17:57,533] [merqutil.db] [INFO] [56923] 1 rows selected in 0.011778084095567465 s
[2026-08-24 09:17:57,600] [merq.merq_platform.impl.services.options.ivol_utils] [DEBUG] [56923] Created temp table temp_option_contract_keys with index
[2026-08-24 09:17:57,600] [merq.merq_platform.impl.services.options.ivol_utils] [DEBUG] [56923] Populating temp table with 1 option keys
[2026-08-24 09:17:57,639] [merq.merq_platform.impl.services.options.ivol_utils] [DEBUG] [56923] Inserted 1 keys into temp table in 1 batches
[2026-08-24 09:17:57,679] [merqutil.db] [DEBUG] [56923] materializing option contracts: : running sql
CREATE TEMP TABLE temp_option_contracts AS 
        SELECT
            ov.t_date,
            ov.expiration_date, ov.call_put, ov.strike, ov.root, e.mic,
            ov.stock_id, ov.root_id
        FROM ivol.option_value ov
        JOIN ivol.root_property rp
            ON rp.root_id = ov.root_id
            AND '2024-07-17 00:00:00' BETWEEN rp.t_date AND rp.term_date
        JOIN ivol.exchange e
            ON e.exchange_id = rp.exchange_id
        JOIN temp_option_contract_keys tok
            ON ov.expiration_date = tok.expiration_date
            AND ov.call_put = tok.call_put
            AND ov.strike = tok.strike
            AND ov.root = tok.root
            AND e.mic = tok.mic
        WHERE ov.t_date = '2024-07-17 00:00:00'
        UNION ALL
        SELECT
            ovn.t_date,
            ovn.expiration_date, ovn.call_put, ovn.strike, ovn.root, e.mic,
            ovn.stock_id, ovn.root_id
        FROM ivol.option_value_ns ovn
        JOIN ivol.root_property rp
            ON rp.root_id = ovn.root_id
            AND '2024-07-17 00:00:00' BETWEEN rp.t_date AND rp.term_date
        JOIN ivol.exchange e
            ON e.exchange_id = rp.exchange_id
        JOIN temp_option_contract_keys tok
            ON ovn.expiration_date = tok.expiration_date
            AND ovn.call_put = tok.call_put
            AND ovn.strike = tok.strike
            AND ovn.root = tok.root
            AND e.mic = tok.mic
        WHERE ovn.t_date = '2024-07-17 00:00:00'
    
[2026-08-24 09:17:57,721] [merqutil.db] [INFO] [56923] materializing option contracts: 1 rows created in 0.04157133284024894 s
[2026-08-24 09:17:57,801] [merqutil.db] [DEBUG] [56923] : running sql

            SELECT
                ov.root, ov.expiration_date, ov.call_put, ov.strike, ov.mic,
                replace(ss.symbol, '/', '.') as symbol
            FROM temp_option_contracts ov
            JOIN ivol.stock_symbol ss
                ON (ss.stock_id = ov.stock_id
                    AND '2024-07-17 00:00:00' BETWEEN ss.t_date AND ss.term_date
                    AND ss.symbol not like '%%%%7' -- Exclude mini options
                )
            JOIN ivol.stock s
                ON (ss.stock_id = s.stock_id)
            WHERE
                s.type IN ('I')
        
[2026-08-24 09:17:57,826] [merqutil.db] [INFO] [56923] 0 rows selected in 0.02520883292891085 s
[2026-08-24 09:17:57,826] [merq.merq_platform.impl.services.options.ivol_utils] [DEBUG] [56923] Getting external id for <class 'merq.merq_platform.api.components.identifiers.merq_equity_id.MerqEquityListingId'> with 1 ids.
[2026-08-24 09:17:57,827] [merqutil.db] [DEBUG] [56923] : running sql

        SELECT
            REPLACE(ss.symbol, '/', '.') AS symbol,
            s.region_id,
            e.mic
        FROM ivol.stock_symbol ss
        JOIN ivol.stock s
            ON s.stock_id = ss.stock_id
        LEFT JOIN ivol.exchange e
            ON e.exchange_id = ss.exchange_id
        WHERE (replace(ss.symbol, '/', '.'), s.region_id) in (('SPY', 1)) AND
            '2024-07-18 00:00:00' between ss.t_date and ss.term_date
    
[2026-08-24 09:17:57,844] [merqutil.db] [INFO] [56923] 1 rows selected in 0.017465250100940466 s
[2026-08-24 09:17:57,845] [merq.merq_platform.impl.services.options.ivol_utils] [DEBUG] [56923] Getting stock ids for 1 merq_ids, effective date: 2024-07-18 00:00:00.
[2026-08-24 09:17:57,845] [merqutil.db] [DEBUG] [56923] : running sql

        SELECT
            MAX(ss.stock_id) AS stock_id,
            REPLACE(ss.symbol, '/', '.') AS symbol,
            e.mic
        FROM ivol.stock_symbol ss
        LEFT JOIN ivol.exchange e
            ON e.exchange_id = ss.exchange_id
        WHERE
            (REPLACE(ss.symbol, '/', '.'), COALESCE(e.mic, 'NA')) IN (('SPY', 'ARCX')) AND
            '2024-07-18 00:00:00' BETWEEN ss.t_date AND ss.term_date
        GROUP BY ss.symbol, e.mic
        HAVING COUNT(DISTINCT ss.stock_id) = 1
    
[2026-08-24 09:17:57,862] [merqutil.db] [INFO] [56923] 1 rows selected in 0.017056666081771255 s
[2026-08-24 09:17:57,862] [merq.merq_platform.impl.services.options.ivol_utils] [DEBUG] [56923] Found 1 symbol, mic pairs mapping to stock ids.
[2026-08-24 09:17:57,862] [merqutil.db] [DEBUG] [56923] : running sql

            SELECT ca.ex_date, ca.action_type, ca.stock_id
            FROM merq.corp_actions ca
            WHERE ca.ex_date = '2024-07-18 00:00:00' AND
                ca.action_type in ('dvd', 'spl', 'sdvd', 'sp', 'distr', 'rts') AND
                ca.stock_id in (627)
        
[2026-08-24 09:17:57,875] [merqutil.db] [INFO] [56923] 0 rows selected in 0.012216500006616116 s
[2026-08-24 09:17:57,875] [merqutil.db] [DEBUG] [56923] : running sql

        SELECT d.stock_id, d.last_dvd_date, d.last_dvd_amount, d.real_last_dvd_amount, d.dvd_ccy
        FROM ivol.dividend d
        WHERE d.last_dvd_date = '2024-07-18 00:00:00' AND
            d.stock_id in (627)
        
[2026-08-24 09:17:57,888] [merqutil.db] [INFO] [56923] 0 rows selected in 0.012903542025014758 s
[2026-08-24 09:17:57,888] [merqutil.db] [DEBUG] [56923] : running sql

            SELECT COUNT(*)
            FROM merq.corp_actions ca
            JOIN ivol.root_property rp
                ON (
                    rp.stock_id=ca.stock_id
                )
            WHERE (ca.ex_date='2024-07-17 00:00:00' OR ca.ex_date='2024-07-18 00:00:00')
                AND ca.action_type='rn'
                AND rp.action_type='RootRn'
                AND rp.t_date='2024-07-18 00:00:00'
                AND ca.stock_id IN (627);
        
[2026-08-24 09:17:57,901] [merqutil.db] [INFO] [56923] 1 rows selected in 0.012759875040501356 s
[2026-08-24 09:17:57,903] [merq.merq_platform.api.components.computation_pipeline.level_computers.standard_level_computer] [DEBUG] [56923] Equities contribution to index level: 1022.8278635837727
[2026-08-24 09:17:57,903] [merq.merq_platform.api.components.computation_pipeline.level_computers.standard_level_computer] [DEBUG] [56923] Options contribution to index level: -23.810398339791732
[2026-08-24 09:17:57,903] [merq.merq_platform.api.components.computation_pipeline.level_computers.standard_level_computer] [DEBUG] [56923] Cash contribution to index level: 16.20723219040974
[2026-08-24 09:17:57,904] [merq.merq_platform.api.components.computation_pipeline.level_computers.standard_level_computer] [DEBUG] [56923] Equities contribution to index level: 1014.9675855356192
[2026-08-24 09:17:57,904] [merq.merq_platform.api.components.computation_pipeline.level_computers.standard_level_computer] [DEBUG] [56923] Options contribution to index level: -19.540504306624257
[2026-08-24 09:17:57,904] [merq.merq_platform.api.components.computation_pipeline.level_computers.standard_level_computer] [DEBUG] [56923] Cash contribution to index level: 16.20723219040974
[2026-08-24 09:17:57,904] [merq.merq_platform.api.indices.multi_asset.multi_asset_base_index] [INFO] [56923] Computed index level for 2024-07-18 00:00:00 as 1011.6343134194046
[2026-08-24 09:17:57,905] [merq.merq_platform.api.components.computation_pipeline.level_computers.standard_level_computer] [DEBUG] [56923] Equities contribution to index level: 1014.9675855356192
[2026-08-24 09:17:57,905] [merq.merq_platform.api.components.computation_pipeline.level_computers.standard_level_computer] [DEBUG] [56923] Options contribution to index level: -19.540504306624257
[2026-08-24 09:17:57,905] [merq.merq_platform.api.components.computation_pipeline.level_computers.standard_level_computer] [DEBUG] [56923] Cash contribution to index level: 16.20723219040974
[2026-08-24 09:17:57,917] [merq.merq_platform.api.indices.multi_asset.multi_asset_base_index] [DEBUG] [56923] Loaded in portfolio for date 2024-07-18 00:00:00
[2026-08-24 09:17:57,917] [merq.merq_platform.api.components.computation_pipeline.corax_loaders.index_corporate_actions_loader] [DEBUG] [56923] Loading corporate actions for el merq ids in unknown from 2024-07-19 00:00:00 to 2024-07-19 00:00:00...
[2026-08-24 09:17:57,918] [merq.merq_platform.api.components.computation_pipeline.corax_loaders.index_corporate_actions_loader] [DEBUG] [56923] Loading corporate actions for op merq ids in unknown from 2024-07-19 00:00:00 to 2024-07-19 00:00:00...
[2026-08-24 09:17:57,918] [merq.merq_platform.impl.services.options.ivol_reference_data_provider] [DEBUG] [56923] Getting underlying for 1 option contracts on eff_date: 2024-07-18 00:00:00
[2026-08-24 09:17:57,918] [merqutil.db] [DEBUG] [56923] : running sql

            SELECT
                rp.symbol, e.mic
            FROM ivol.root_property rp
            JOIN ivol.exchange e
                ON e.exchange_id = rp.exchange_id
            JOIN ivol.stock s
                ON s.stock_id = rp.stock_id
            WHERE rp.symbol in ('SPY')
                AND rp.t_date <= '2024-07-18 00:00:00' AND rp.term_date >= '2024-07-18 00:00:00'
                AND s.region_id = 1;
        
[2026-08-24 09:17:57,932] [merqutil.db] [INFO] [56923] 1 rows selected in 0.013704166049137712 s
[2026-08-24 09:17:58,001] [merq.merq_platform.impl.services.options.ivol_utils] [DEBUG] [56923] Created temp table temp_option_contract_keys with index
[2026-08-24 09:17:58,001] [merq.merq_platform.impl.services.options.ivol_utils] [DEBUG] [56923] Populating temp table with 1 option keys
[2026-08-24 09:17:58,037] [merq.merq_platform.impl.services.options.ivol_utils] [DEBUG] [56923] Inserted 1 keys into temp table in 1 batches
[2026-08-24 09:17:58,076] [merqutil.db] [DEBUG] [56923] materializing option contracts: : running sql
CREATE TEMP TABLE temp_option_contracts AS 
        SELECT
            ov.t_date,
            ov.expiration_date, ov.call_put, ov.strike, ov.root, e.mic,
            ov.stock_id, ov.root_id
        FROM ivol.option_value ov
        JOIN ivol.root_property rp
            ON rp.root_id = ov.root_id
            AND '2024-07-18 00:00:00' BETWEEN rp.t_date AND rp.term_date
        JOIN ivol.exchange e
            ON e.exchange_id = rp.exchange_id
        JOIN temp_option_contract_keys tok
            ON ov.expiration_date = tok.expiration_date
            AND ov.call_put = tok.call_put
            AND ov.strike = tok.strike
            AND ov.root = tok.root
            AND e.mic = tok.mic
        WHERE ov.t_date = '2024-07-18 00:00:00'
        UNION ALL
        SELECT
            ovn.t_date,
            ovn.expiration_date, ovn.call_put, ovn.strike, ovn.root, e.mic,
            ovn.stock_id, ovn.root_id
        FROM ivol.option_value_ns ovn
        JOIN ivol.root_property rp
            ON rp.root_id = ovn.root_id
            AND '2024-07-18 00:00:00' BETWEEN rp.t_date AND rp.term_date
        JOIN ivol.exchange e
            ON e.exchange_id = rp.exchange_id
        JOIN temp_option_contract_keys tok
            ON ovn.expiration_date = tok.expiration_date
            AND ovn.call_put = tok.call_put
            AND ovn.strike = tok.strike
            AND ovn.root = tok.root
            AND e.mic = tok.mic
        WHERE ovn.t_date = '2024-07-18 00:00:00'
    
[2026-08-24 09:17:58,119] [merqutil.db] [INFO] [56923] materializing option contracts: 1 rows created in 0.04216195899061859 s
[2026-08-24 09:17:58,201] [merqutil.db] [DEBUG] [56923] : running sql

            SELECT
                ov.root, ov.expiration_date, ov.call_put, ov.strike, ov.mic,
                replace(ss.symbol, '/', '.') as symbol
            FROM temp_option_contracts ov
            JOIN ivol.stock_symbol ss
                ON (ss.stock_id = ov.stock_id
                    AND '2024-07-18 00:00:00' BETWEEN ss.t_date AND ss.term_date
                    AND ss.symbol not like '%%%%7' -- Exclude mini options
                )
            JOIN ivol.stock s
                ON (ss.stock_id = s.stock_id)
            WHERE
                s.type IN ('S', 'F')
        
[2026-08-24 09:17:58,227] [merqutil.db] [INFO] [56923] 1 rows selected in 0.02547279093414545 s
[2026-08-24 09:17:58,228] [merqutil.db] [DEBUG] [56923] : running sql

            SELECT
                rp.symbol, e.mic
            FROM ivol.root_property rp
            JOIN ivol.exchange e
                ON e.exchange_id = rp.exchange_id
            JOIN ivol.stock s
                ON s.stock_id = rp.stock_id
            WHERE rp.symbol in ('SPY')
                AND rp.t_date <= '2024-07-18 00:00:00' AND rp.term_date >= '2024-07-18 00:00:00'
                AND s.region_id = 1;
        
[2026-08-24 09:17:58,240] [merqutil.db] [INFO] [56923] 1 rows selected in 0.012400832958519459 s
[2026-08-24 09:17:58,307] [merq.merq_platform.impl.services.options.ivol_utils] [DEBUG] [56923] Created temp table temp_option_contract_keys with index
[2026-08-24 09:17:58,307] [merq.merq_platform.impl.services.options.ivol_utils] [DEBUG] [56923] Populating temp table with 1 option keys
[2026-08-24 09:17:58,344] [merq.merq_platform.impl.services.options.ivol_utils] [DEBUG] [56923] Inserted 1 keys into temp table in 1 batches
[2026-08-24 09:17:58,383] [merqutil.db] [DEBUG] [56923] materializing option contracts: : running sql
CREATE TEMP TABLE temp_option_contracts AS 
        SELECT
            ov.t_date,
            ov.expiration_date, ov.call_put, ov.strike, ov.root, e.mic,
            ov.stock_id, ov.root_id
        FROM ivol.option_value ov
        JOIN ivol.root_property rp
            ON rp.root_id = ov.root_id
            AND '2024-07-18 00:00:00' BETWEEN rp.t_date AND rp.term_date
        JOIN ivol.exchange e
            ON e.exchange_id = rp.exchange_id
        JOIN temp_option_contract_keys tok
            ON ov.expiration_date = tok.expiration_date
            AND ov.call_put = tok.call_put
            AND ov.strike = tok.strike
            AND ov.root = tok.root
            AND e.mic = tok.mic
        WHERE ov.t_date = '2024-07-18 00:00:00'
        UNION ALL
        SELECT
            ovn.t_date,
            ovn.expiration_date, ovn.call_put, ovn.strike, ovn.root, e.mic,
            ovn.stock_id, ovn.root_id
        FROM ivol.option_value_ns ovn
        JOIN ivol.root_property rp
            ON rp.root_id = ovn.root_id
            AND '2024-07-18 00:00:00' BETWEEN rp.t_date AND rp.term_date
        JOIN ivol.exchange e
            ON e.exchange_id = rp.exchange_id
        JOIN temp_option_contract_keys tok
            ON ovn.expiration_date = tok.expiration_date
            AND ovn.call_put = tok.call_put
            AND ovn.strike = tok.strike
            AND ovn.root = tok.root
            AND e.mic = tok.mic
        WHERE ovn.t_date = '2024-07-18 00:00:00'
    
[2026-08-24 09:17:58,428] [merqutil.db] [INFO] [56923] materializing option contracts: 1 rows created in 0.04474204103462398 s
[2026-08-24 09:17:58,511] [merqutil.db] [DEBUG] [56923] : running sql

            SELECT
                ov.root, ov.expiration_date, ov.call_put, ov.strike, ov.mic,
                replace(ss.symbol, '/', '.') as symbol
            FROM temp_option_contracts ov
            JOIN ivol.stock_symbol ss
                ON (ss.stock_id = ov.stock_id
                    AND '2024-07-18 00:00:00' BETWEEN ss.t_date AND ss.term_date
                    AND ss.symbol not like '%%%%7' -- Exclude mini options
                )
            JOIN ivol.stock s
                ON (ss.stock_id = s.stock_id)
            WHERE
                s.type IN ('I')
        
[2026-08-24 09:17:58,537] [merqutil.db] [INFO] [56923] 0 rows selected in 0.02606758289039135 s
[2026-08-24 09:17:58,538] [merq.merq_platform.impl.services.options.ivol_utils] [DEBUG] [56923] Getting external id for <class 'merq.merq_platform.api.components.identifiers.merq_equity_id.MerqEquityListingId'> with 1 ids.
[2026-08-24 09:17:58,538] [merqutil.db] [DEBUG] [56923] : running sql

        SELECT
            REPLACE(ss.symbol, '/', '.') AS symbol,
            s.region_id,
            e.mic
        FROM ivol.stock_symbol ss
        JOIN ivol.stock s
            ON s.stock_id = ss.stock_id
        LEFT JOIN ivol.exchange e
            ON e.exchange_id = ss.exchange_id
        WHERE (replace(ss.symbol, '/', '.'), s.region_id) in (('SPY', 1)) AND
            '2024-07-19 00:00:00' between ss.t_date and ss.term_date
    
[2026-08-24 09:17:58,556] [merqutil.db] [INFO] [56923] 1 rows selected in 0.0174405409488827 s
[2026-08-24 09:17:58,556] [merq.merq_platform.impl.services.options.ivol_utils] [DEBUG] [56923] Getting stock ids for 1 merq_ids, effective date: 2024-07-19 00:00:00.
[2026-08-24 09:17:58,556] [merqutil.db] [DEBUG] [56923] : running sql

        SELECT
            MAX(ss.stock_id) AS stock_id,
            REPLACE(ss.symbol, '/', '.') AS symbol,
            e.mic
        FROM ivol.stock_symbol ss
        LEFT JOIN ivol.exchange e
            ON e.exchange_id = ss.exchange_id
        WHERE
            (REPLACE(ss.symbol, '/', '.'), COALESCE(e.mic, 'NA')) IN (('SPY', 'ARCX')) AND
            '2024-07-19 00:00:00' BETWEEN ss.t_date AND ss.term_date
        GROUP BY ss.symbol, e.mic
        HAVING COUNT(DISTINCT ss.stock_id) = 1
    
[2026-08-24 09:17:58,574] [merqutil.db] [INFO] [56923] 1 rows selected in 0.017415874870494008 s
[2026-08-24 09:17:58,574] [merq.merq_platform.impl.services.options.ivol_utils] [DEBUG] [56923] Found 1 symbol, mic pairs mapping to stock ids.
[2026-08-24 09:17:58,574] [merqutil.db] [DEBUG] [56923] : running sql

            SELECT ca.ex_date, ca.action_type, ca.stock_id
            FROM merq.corp_actions ca
            WHERE ca.ex_date = '2024-07-19 00:00:00' AND
                ca.action_type in ('dvd', 'spl', 'sdvd', 'sp', 'distr', 'rts') AND
                ca.stock_id in (627)
        
[2026-08-24 09:17:58,586] [merqutil.db] [INFO] [56923] 0 rows selected in 0.012103958055377007 s
[2026-08-24 09:17:58,586] [merqutil.db] [DEBUG] [56923] : running sql

        SELECT d.stock_id, d.last_dvd_date, d.last_dvd_amount, d.real_last_dvd_amount, d.dvd_ccy
        FROM ivol.dividend d
        WHERE d.last_dvd_date = '2024-07-19 00:00:00' AND
            d.stock_id in (627)
        
[2026-08-24 09:17:58,599] [merqutil.db] [INFO] [56923] 0 rows selected in 0.012968166964128613 s
[2026-08-24 09:17:58,600] [merqutil.db] [DEBUG] [56923] : running sql

            SELECT COUNT(*)
            FROM merq.corp_actions ca
            JOIN ivol.root_property rp
                ON (
                    rp.stock_id=ca.stock_id
                )
            WHERE (ca.ex_date='2024-07-18 00:00:00' OR ca.ex_date='2024-07-19 00:00:00')
                AND ca.action_type='rn'
                AND rp.action_type='RootRn'
                AND rp.t_date='2024-07-19 00:00:00'
                AND ca.stock_id IN (627);
        
[2026-08-24 09:17:58,616] [merqutil.db] [INFO] [56923] 1 rows selected in 0.015657041920349002 s
[2026-08-24 09:17:58,618] [merq.merq_platform.api.components.computation_pipeline.level_computers.standard_level_computer] [DEBUG] [56923] Equities contribution to index level: 1014.9675855356192
[2026-08-24 09:17:58,618] [merq.merq_platform.api.components.computation_pipeline.level_computers.standard_level_computer] [DEBUG] [56923] Options contribution to index level: -19.540504306624257
[2026-08-24 09:17:58,618] [merq.merq_platform.api.components.computation_pipeline.level_computers.standard_level_computer] [DEBUG] [56923] Cash contribution to index level: 16.20723219040974
[2026-08-24 09:17:58,619] [merq.merq_platform.api.components.computation_pipeline.level_computers.standard_level_computer] [DEBUG] [56923] Equities contribution to index level: 1008.227580760684
[2026-08-24 09:17:58,619] [merq.merq_platform.api.components.computation_pipeline.level_computers.standard_level_computer] [DEBUG] [56923] Options contribution to index level: -16.14295421571694
[2026-08-24 09:17:58,619] [merq.merq_platform.api.components.computation_pipeline.level_computers.standard_level_computer] [DEBUG] [56923] Cash contribution to index level: 16.20723219040974
[2026-08-24 09:17:58,619] [merq.merq_platform.api.indices.multi_asset.multi_asset_base_index] [INFO] [56923] Computed index level for 2024-07-19 00:00:00 as 1008.2918587353768
[2026-08-24 09:17:58,620] [merq.merq_platform.api.components.computation_pipeline.level_computers.standard_level_computer] [DEBUG] [56923] Equities contribution to index level: 1008.227580760684
[2026-08-24 09:17:58,620] [merq.merq_platform.api.components.computation_pipeline.level_computers.standard_level_computer] [DEBUG] [56923] Options contribution to index level: -16.14295421571694
[2026-08-24 09:17:58,620] [merq.merq_platform.api.components.computation_pipeline.level_computers.standard_level_computer] [DEBUG] [56923] Cash contribution to index level: 16.20723219040974
[2026-08-24 09:17:58,632] [merq.merq_platform.api.indices.multi_asset.multi_asset_base_index] [DEBUG] [56923] Loaded in portfolio for date 2024-07-19 00:00:00
[2026-08-24 09:17:58,632] [merq.merq_platform.api.components.computation_pipeline.corax_loaders.index_corporate_actions_loader] [DEBUG] [56923] Loading corporate actions for el merq ids in unknown from 2024-07-20 00:00:00 to 2024-07-22 00:00:00...
[2026-08-24 09:17:58,633] [merq.merq_platform.api.components.computation_pipeline.corax_loaders.index_corporate_actions_loader] [DEBUG] [56923] Loading corporate actions for op merq ids in unknown from 2024-07-20 00:00:00 to 2024-07-22 00:00:00...
[2026-08-24 09:17:58,633] [merq.merq_platform.impl.services.options.ivol_reference_data_provider] [DEBUG] [56923] Getting underlying for 1 option contracts on eff_date: 2024-07-19 00:00:00
[2026-08-24 09:17:58,633] [merqutil.db] [DEBUG] [56923] : running sql

            SELECT
                rp.symbol, e.mic
            FROM ivol.root_property rp
            JOIN ivol.exchange e
                ON e.exchange_id = rp.exchange_id
            JOIN ivol.stock s
                ON s.stock_id = rp.stock_id
            WHERE rp.symbol in ('SPY')
                AND rp.t_date <= '2024-07-19 00:00:00' AND rp.term_date >= '2024-07-19 00:00:00'
                AND s.region_id = 1;
        
[2026-08-24 09:17:58,646] [merqutil.db] [INFO] [56923] 1 rows selected in 0.012239958858117461 s
[2026-08-24 09:17:58,714] [merq.merq_platform.impl.services.options.ivol_utils] [DEBUG] [56923] Created temp table temp_option_contract_keys with index
[2026-08-24 09:17:58,715] [merq.merq_platform.impl.services.options.ivol_utils] [DEBUG] [56923] Populating temp table with 1 option keys
[2026-08-24 09:17:58,752] [merq.merq_platform.impl.services.options.ivol_utils] [DEBUG] [56923] Inserted 1 keys into temp table in 1 batches
[2026-08-24 09:17:58,790] [merqutil.db] [DEBUG] [56923] materializing option contracts: : running sql
CREATE TEMP TABLE temp_option_contracts AS 
        SELECT
            ov.t_date,
            ov.expiration_date, ov.call_put, ov.strike, ov.root, e.mic,
            ov.stock_id, ov.root_id
        FROM ivol.option_value ov
        JOIN ivol.root_property rp
            ON rp.root_id = ov.root_id
            AND '2024-07-19 00:00:00' BETWEEN rp.t_date AND rp.term_date
        JOIN ivol.exchange e
            ON e.exchange_id = rp.exchange_id
        JOIN temp_option_contract_keys tok
            ON ov.expiration_date = tok.expiration_date
            AND ov.call_put = tok.call_put
            AND ov.strike = tok.strike
            AND ov.root = tok.root
            AND e.mic = tok.mic
        WHERE ov.t_date = '2024-07-19 00:00:00'
        UNION ALL
        SELECT
            ovn.t_date,
            ovn.expiration_date, ovn.call_put, ovn.strike, ovn.root, e.mic,
            ovn.stock_id, ovn.root_id
        FROM ivol.option_value_ns ovn
        JOIN ivol.root_property rp
            ON rp.root_id = ovn.root_id
            AND '2024-07-19 00:00:00' BETWEEN rp.t_date AND rp.term_date
        JOIN ivol.exchange e
            ON e.exchange_id = rp.exchange_id
        JOIN temp_option_contract_keys tok
            ON ovn.expiration_date = tok.expiration_date
            AND ovn.call_put = tok.call_put
            AND ovn.strike = tok.strike
            AND ovn.root = tok.root
            AND e.mic = tok.mic
        WHERE ovn.t_date = '2024-07-19 00:00:00'
    
[2026-08-24 09:17:58,832] [merqutil.db] [INFO] [56923] materializing option contracts: 1 rows created in 0.041658416856080294 s
[2026-08-24 09:17:58,914] [merqutil.db] [DEBUG] [56923] : running sql

            SELECT
                ov.root, ov.expiration_date, ov.call_put, ov.strike, ov.mic,
                replace(ss.symbol, '/', '.') as symbol
            FROM temp_option_contracts ov
            JOIN ivol.stock_symbol ss
                ON (ss.stock_id = ov.stock_id
                    AND '2024-07-19 00:00:00' BETWEEN ss.t_date AND ss.term_date
                    AND ss.symbol not like '%%%%7' -- Exclude mini options
                )
            JOIN ivol.stock s
                ON (ss.stock_id = s.stock_id)
            WHERE
                s.type IN ('S', 'F')
        
[2026-08-24 09:17:58,939] [merqutil.db] [INFO] [56923] 1 rows selected in 0.025147665990516543 s
[2026-08-24 09:17:58,940] [merqutil.db] [DEBUG] [56923] : running sql

            SELECT
                rp.symbol, e.mic
            FROM ivol.root_property rp
            JOIN ivol.exchange e
                ON e.exchange_id = rp.exchange_id
            JOIN ivol.stock s
                ON s.stock_id = rp.stock_id
            WHERE rp.symbol in ('SPY')
                AND rp.t_date <= '2024-07-19 00:00:00' AND rp.term_date >= '2024-07-19 00:00:00'
                AND s.region_id = 1;
        
[2026-08-24 09:17:58,952] [merqutil.db] [INFO] [56923] 1 rows selected in 0.01260158303193748 s
[2026-08-24 09:17:59,023] [merq.merq_platform.impl.services.options.ivol_utils] [DEBUG] [56923] Created temp table temp_option_contract_keys with index
[2026-08-24 09:17:59,023] [merq.merq_platform.impl.services.options.ivol_utils] [DEBUG] [56923] Populating temp table with 1 option keys
[2026-08-24 09:17:59,063] [merq.merq_platform.impl.services.options.ivol_utils] [DEBUG] [56923] Inserted 1 keys into temp table in 1 batches
[2026-08-24 09:17:59,103] [merqutil.db] [DEBUG] [56923] materializing option contracts: : running sql
CREATE TEMP TABLE temp_option_contracts AS 
        SELECT
            ov.t_date,
            ov.expiration_date, ov.call_put, ov.strike, ov.root, e.mic,
            ov.stock_id, ov.root_id
        FROM ivol.option_value ov
        JOIN ivol.root_property rp
            ON rp.root_id = ov.root_id
            AND '2024-07-19 00:00:00' BETWEEN rp.t_date AND rp.term_date
        JOIN ivol.exchange e
            ON e.exchange_id = rp.exchange_id
        JOIN temp_option_contract_keys tok
            ON ov.expiration_date = tok.expiration_date
            AND ov.call_put = tok.call_put
            AND ov.strike = tok.strike
            AND ov.root = tok.root
            AND e.mic = tok.mic
        WHERE ov.t_date = '2024-07-19 00:00:00'
        UNION ALL
        SELECT
            ovn.t_date,
            ovn.expiration_date, ovn.call_put, ovn.strike, ovn.root, e.mic,
            ovn.stock_id, ovn.root_id
        FROM ivol.option_value_ns ovn
        JOIN ivol.root_property rp
            ON rp.root_id = ovn.root_id
            AND '2024-07-19 00:00:00' BETWEEN rp.t_date AND rp.term_date
        JOIN ivol.exchange e
            ON e.exchange_id = rp.exchange_id
        JOIN temp_option_contract_keys tok
            ON ovn.expiration_date = tok.expiration_date
            AND ovn.call_put = tok.call_put
            AND ovn.strike = tok.strike
            AND ovn.root = tok.root
            AND e.mic = tok.mic
        WHERE ovn.t_date = '2024-07-19 00:00:00'
    
[2026-08-24 09:17:59,145] [merqutil.db] [INFO] [56923] materializing option contracts: 1 rows created in 0.0412540000397712 s
[2026-08-24 09:17:59,235] [merqutil.db] [DEBUG] [56923] : running sql

            SELECT
                ov.root, ov.expiration_date, ov.call_put, ov.strike, ov.mic,
                replace(ss.symbol, '/', '.') as symbol
            FROM temp_option_contracts ov
            JOIN ivol.stock_symbol ss
                ON (ss.stock_id = ov.stock_id
                    AND '2024-07-19 00:00:00' BETWEEN ss.t_date AND ss.term_date
                    AND ss.symbol not like '%%%%7' -- Exclude mini options
                )
            JOIN ivol.stock s
                ON (ss.stock_id = s.stock_id)
            WHERE
                s.type IN ('I')
        
[2026-08-24 09:17:59,261] [merqutil.db] [INFO] [56923] 0 rows selected in 0.025920209009200335 s
[2026-08-24 09:17:59,262] [merq.merq_platform.impl.services.options.ivol_utils] [DEBUG] [56923] Getting external id for <class 'merq.merq_platform.api.components.identifiers.merq_equity_id.MerqEquityListingId'> with 1 ids.
[2026-08-24 09:17:59,262] [merqutil.db] [DEBUG] [56923] : running sql

        SELECT
            REPLACE(ss.symbol, '/', '.') AS symbol,
            s.region_id,
            e.mic
        FROM ivol.stock_symbol ss
        JOIN ivol.stock s
            ON s.stock_id = ss.stock_id
        LEFT JOIN ivol.exchange e
            ON e.exchange_id = ss.exchange_id
        WHERE (replace(ss.symbol, '/', '.'), s.region_id) in (('SPY', 1)) AND
            '2024-07-22 00:00:00' between ss.t_date and ss.term_date
    
[2026-08-24 09:17:59,281] [merqutil.db] [INFO] [56923] 1 rows selected in 0.019052457995712757 s
[2026-08-24 09:17:59,282] [merq.merq_platform.impl.services.options.ivol_utils] [DEBUG] [56923] Getting stock ids for 1 merq_ids, effective date: 2024-07-22 00:00:00.
[2026-08-24 09:17:59,282] [merqutil.db] [DEBUG] [56923] : running sql

        SELECT
            MAX(ss.stock_id) AS stock_id,
            REPLACE(ss.symbol, '/', '.') AS symbol,
            e.mic
        FROM ivol.stock_symbol ss
        LEFT JOIN ivol.exchange e
            ON e.exchange_id = ss.exchange_id
        WHERE
            (REPLACE(ss.symbol, '/', '.'), COALESCE(e.mic, 'NA')) IN (('SPY', 'ARCX')) AND
            '2024-07-22 00:00:00' BETWEEN ss.t_date AND ss.term_date
        GROUP BY ss.symbol, e.mic
        HAVING COUNT(DISTINCT ss.stock_id) = 1
    
[2026-08-24 09:17:59,300] [merqutil.db] [INFO] [56923] 1 rows selected in 0.01754733407869935 s
[2026-08-24 09:17:59,300] [merq.merq_platform.impl.services.options.ivol_utils] [DEBUG] [56923] Found 1 symbol, mic pairs mapping to stock ids.
[2026-08-24 09:17:59,300] [merqutil.db] [DEBUG] [56923] : running sql

            SELECT ca.ex_date, ca.action_type, ca.stock_id
            FROM merq.corp_actions ca
            WHERE ca.ex_date = '2024-07-22 00:00:00' AND
                ca.action_type in ('dvd', 'spl', 'sdvd', 'sp', 'distr', 'rts') AND
                ca.stock_id in (627)
        
[2026-08-24 09:17:59,312] [merqutil.db] [INFO] [56923] 0 rows selected in 0.011910959146916866 s
[2026-08-24 09:17:59,313] [merqutil.db] [DEBUG] [56923] : running sql

        SELECT d.stock_id, d.last_dvd_date, d.last_dvd_amount, d.real_last_dvd_amount, d.dvd_ccy
        FROM ivol.dividend d
        WHERE d.last_dvd_date = '2024-07-22 00:00:00' AND
            d.stock_id in (627)
        
[2026-08-24 09:17:59,325] [merqutil.db] [INFO] [56923] 0 rows selected in 0.012278208043426275 s
[2026-08-24 09:17:59,325] [merqutil.db] [DEBUG] [56923] : running sql

            SELECT COUNT(*)
            FROM merq.corp_actions ca
            JOIN ivol.root_property rp
                ON (
                    rp.stock_id=ca.stock_id
                )
            WHERE (ca.ex_date='2024-07-19 00:00:00' OR ca.ex_date='2024-07-22 00:00:00')
                AND ca.action_type='rn'
                AND rp.action_type='RootRn'
                AND rp.t_date='2024-07-22 00:00:00'
                AND ca.stock_id IN (627);
        
[2026-08-24 09:17:59,340] [merqutil.db] [INFO] [56923] 1 rows selected in 0.014050541911274195 s
[2026-08-24 09:17:59,342] [merq.merq_platform.api.components.computation_pipeline.level_computers.standard_level_computer] [DEBUG] [56923] Equities contribution to index level: 1008.227580760684
[2026-08-24 09:17:59,342] [merq.merq_platform.api.components.computation_pipeline.level_computers.standard_level_computer] [DEBUG] [56923] Options contribution to index level: -16.14295421571694
[2026-08-24 09:17:59,342] [merq.merq_platform.api.components.computation_pipeline.level_computers.standard_level_computer] [DEBUG] [56923] Cash contribution to index level: 16.20723219040974
[2026-08-24 09:17:59,343] [merq.merq_platform.api.components.computation_pipeline.level_computers.standard_level_computer] [DEBUG] [56923] Equities contribution to index level: 1018.622247525298
[2026-08-24 09:17:59,343] [merq.merq_platform.api.components.computation_pipeline.level_computers.standard_level_computer] [DEBUG] [56923] Options contribution to index level: -20.18328405355271
[2026-08-24 09:17:59,343] [merq.merq_platform.api.components.computation_pipeline.level_computers.standard_level_computer] [DEBUG] [56923] Cash contribution to index level: 16.20723219040974
[2026-08-24 09:17:59,343] [merq.merq_platform.api.indices.multi_asset.multi_asset_base_index] [INFO] [56923] Computed index level for 2024-07-22 00:00:00 as 1014.646195662155
[2026-08-24 09:17:59,344] [merq.merq_platform.api.components.computation_pipeline.level_computers.standard_level_computer] [DEBUG] [56923] Equities contribution to index level: 1018.622247525298
[2026-08-24 09:17:59,344] [merq.merq_platform.api.components.computation_pipeline.level_computers.standard_level_computer] [DEBUG] [56923] Options contribution to index level: -20.18328405355271
[2026-08-24 09:17:59,344] [merq.merq_platform.api.components.computation_pipeline.level_computers.standard_level_computer] [DEBUG] [56923] Cash contribution to index level: 16.20723219040974
[2026-08-24 09:17:59,355] [merq.merq_platform.api.indices.multi_asset.multi_asset_base_index] [DEBUG] [56923] Loaded in portfolio for date 2024-07-22 00:00:00
[2026-08-24 09:17:59,355] [merq.merq_platform.api.components.computation_pipeline.corax_loaders.index_corporate_actions_loader] [DEBUG] [56923] Loading corporate actions for el merq ids in unknown from 2024-07-23 00:00:00 to 2024-07-23 00:00:00...
[2026-08-24 09:17:59,356] [merq.merq_platform.api.components.computation_pipeline.corax_loaders.index_corporate_actions_loader] [DEBUG] [56923] Loading corporate actions for op merq ids in unknown from 2024-07-23 00:00:00 to 2024-07-23 00:00:00...
[2026-08-24 09:17:59,356] [merq.merq_platform.impl.services.options.ivol_reference_data_provider] [DEBUG] [56923] Getting underlying for 1 option contracts on eff_date: 2024-07-22 00:00:00
[2026-08-24 09:17:59,356] [merqutil.db] [DEBUG] [56923] : running sql

            SELECT
                rp.symbol, e.mic
            FROM ivol.root_property rp
            JOIN ivol.exchange e
                ON e.exchange_id = rp.exchange_id
            JOIN ivol.stock s
                ON s.stock_id = rp.stock_id
            WHERE rp.symbol in ('SPY')
                AND rp.t_date <= '2024-07-22 00:00:00' AND rp.term_date >= '2024-07-22 00:00:00'
                AND s.region_id = 1;
        
[2026-08-24 09:17:59,369] [merqutil.db] [INFO] [56923] 1 rows selected in 0.012603666866198182 s
[2026-08-24 09:17:59,435] [merq.merq_platform.impl.services.options.ivol_utils] [DEBUG] [56923] Created temp table temp_option_contract_keys with index
[2026-08-24 09:17:59,435] [merq.merq_platform.impl.services.options.ivol_utils] [DEBUG] [56923] Populating temp table with 1 option keys
[2026-08-24 09:17:59,471] [merq.merq_platform.impl.services.options.ivol_utils] [DEBUG] [56923] Inserted 1 keys into temp table in 1 batches
[2026-08-24 09:17:59,512] [merqutil.db] [DEBUG] [56923] materializing option contracts: : running sql
CREATE TEMP TABLE temp_option_contracts AS 
        SELECT
            ov.t_date,
            ov.expiration_date, ov.call_put, ov.strike, ov.root, e.mic,
            ov.stock_id, ov.root_id
        FROM ivol.option_value ov
        JOIN ivol.root_property rp
            ON rp.root_id = ov.root_id
            AND '2024-07-22 00:00:00' BETWEEN rp.t_date AND rp.term_date
        JOIN ivol.exchange e
            ON e.exchange_id = rp.exchange_id
        JOIN temp_option_contract_keys tok
            ON ov.expiration_date = tok.expiration_date
            AND ov.call_put = tok.call_put
            AND ov.strike = tok.strike
            AND ov.root = tok.root
            AND e.mic = tok.mic
        WHERE ov.t_date = '2024-07-22 00:00:00'
        UNION ALL
        SELECT
            ovn.t_date,
            ovn.expiration_date, ovn.call_put, ovn.strike, ovn.root, e.mic,
            ovn.stock_id, ovn.root_id
        FROM ivol.option_value_ns ovn
        JOIN ivol.root_property rp
            ON rp.root_id = ovn.root_id
            AND '2024-07-22 00:00:00' BETWEEN rp.t_date AND rp.term_date
        JOIN ivol.exchange e
            ON e.exchange_id = rp.exchange_id
        JOIN temp_option_contract_keys tok
            ON ovn.expiration_date = tok.expiration_date
            AND ovn.call_put = tok.call_put
            AND ovn.strike = tok.strike
            AND ovn.root = tok.root
            AND e.mic = tok.mic
        WHERE ovn.t_date = '2024-07-22 00:00:00'
    
[2026-08-24 09:17:59,554] [merqutil.db] [INFO] [56923] materializing option contracts: 1 rows created in 0.04175258381292224 s
[2026-08-24 09:17:59,633] [merqutil.db] [DEBUG] [56923] : running sql

            SELECT
                ov.root, ov.expiration_date, ov.call_put, ov.strike, ov.mic,
                replace(ss.symbol, '/', '.') as symbol
            FROM temp_option_contracts ov
            JOIN ivol.stock_symbol ss
                ON (ss.stock_id = ov.stock_id
                    AND '2024-07-22 00:00:00' BETWEEN ss.t_date AND ss.term_date
                    AND ss.symbol not like '%%%%7' -- Exclude mini options
                )
            JOIN ivol.stock s
                ON (ss.stock_id = s.stock_id)
            WHERE
                s.type IN ('S', 'F')
        
[2026-08-24 09:17:59,663] [merqutil.db] [INFO] [56923] 1 rows selected in 0.029888292076066136 s
[2026-08-24 09:17:59,664] [merqutil.db] [DEBUG] [56923] : running sql

            SELECT
                rp.symbol, e.mic
            FROM ivol.root_property rp
            JOIN ivol.exchange e
                ON e.exchange_id = rp.exchange_id
            JOIN ivol.stock s
                ON s.stock_id = rp.stock_id
            WHERE rp.symbol in ('SPY')
                AND rp.t_date <= '2024-07-22 00:00:00' AND rp.term_date >= '2024-07-22 00:00:00'
                AND s.region_id = 1;
        
[2026-08-24 09:17:59,676] [merqutil.db] [INFO] [56923] 1 rows selected in 0.01216349983587861 s
[2026-08-24 09:17:59,747] [merq.merq_platform.impl.services.options.ivol_utils] [DEBUG] [56923] Created temp table temp_option_contract_keys with index
[2026-08-24 09:17:59,747] [merq.merq_platform.impl.services.options.ivol_utils] [DEBUG] [56923] Populating temp table with 1 option keys
[2026-08-24 09:17:59,786] [merq.merq_platform.impl.services.options.ivol_utils] [DEBUG] [56923] Inserted 1 keys into temp table in 1 batches
[2026-08-24 09:17:59,827] [merqutil.db] [DEBUG] [56923] materializing option contracts: : running sql
CREATE TEMP TABLE temp_option_contracts AS 
        SELECT
            ov.t_date,
            ov.expiration_date, ov.call_put, ov.strike, ov.root, e.mic,
            ov.stock_id, ov.root_id
        FROM ivol.option_value ov
        JOIN ivol.root_property rp
            ON rp.root_id = ov.root_id
            AND '2024-07-22 00:00:00' BETWEEN rp.t_date AND rp.term_date
        JOIN ivol.exchange e
            ON e.exchange_id = rp.exchange_id
        JOIN temp_option_contract_keys tok
            ON ov.expiration_date = tok.expiration_date
            AND ov.call_put = tok.call_put
            AND ov.strike = tok.strike
            AND ov.root = tok.root
            AND e.mic = tok.mic
        WHERE ov.t_date = '2024-07-22 00:00:00'
        UNION ALL
        SELECT
            ovn.t_date,
            ovn.expiration_date, ovn.call_put, ovn.strike, ovn.root, e.mic,
            ovn.stock_id, ovn.root_id
        FROM ivol.option_value_ns ovn
        JOIN ivol.root_property rp
            ON rp.root_id = ovn.root_id
            AND '2024-07-22 00:00:00' BETWEEN rp.t_date AND rp.term_date
        JOIN ivol.exchange e
            ON e.exchange_id = rp.exchange_id
        JOIN temp_option_contract_keys tok
            ON ovn.expiration_date = tok.expiration_date
            AND ovn.call_put = tok.call_put
            AND ovn.strike = tok.strike
            AND ovn.root = tok.root
            AND e.mic = tok.mic
        WHERE ovn.t_date = '2024-07-22 00:00:00'
    
[2026-08-24 09:17:59,869] [merqutil.db] [INFO] [56923] materializing option contracts: 1 rows created in 0.042428917018696666 s
[2026-08-24 09:17:59,954] [merqutil.db] [DEBUG] [56923] : running sql

            SELECT
                ov.root, ov.expiration_date, ov.call_put, ov.strike, ov.mic,
                replace(ss.symbol, '/', '.') as symbol
            FROM temp_option_contracts ov
            JOIN ivol.stock_symbol ss
                ON (ss.stock_id = ov.stock_id
                    AND '2024-07-22 00:00:00' BETWEEN ss.t_date AND ss.term_date
                    AND ss.symbol not like '%%%%7' -- Exclude mini options
                )
            JOIN ivol.stock s
                ON (ss.stock_id = s.stock_id)
            WHERE
                s.type IN ('I')
        
[2026-08-24 09:17:59,980] [merqutil.db] [INFO] [56923] 0 rows selected in 0.02617791690863669 s
[2026-08-24 09:17:59,980] [merq.merq_platform.impl.services.options.ivol_utils] [DEBUG] [56923] Getting external id for <class 'merq.merq_platform.api.components.identifiers.merq_equity_id.MerqEquityListingId'> with 1 ids.
[2026-08-24 09:17:59,981] [merqutil.db] [DEBUG] [56923] : running sql

        SELECT
            REPLACE(ss.symbol, '/', '.') AS symbol,
            s.region_id,
            e.mic
        FROM ivol.stock_symbol ss
        JOIN ivol.stock s
            ON s.stock_id = ss.stock_id
        LEFT JOIN ivol.exchange e
            ON e.exchange_id = ss.exchange_id
        WHERE (replace(ss.symbol, '/', '.'), s.region_id) in (('SPY', 1)) AND
            '2024-07-23 00:00:00' between ss.t_date and ss.term_date
    
[2026-08-24 09:18:00,014] [merqutil.db] [INFO] [56923] 1 rows selected in 0.03336220793426037 s
[2026-08-24 09:18:00,015] [merq.merq_platform.impl.services.options.ivol_utils] [DEBUG] [56923] Getting stock ids for 1 merq_ids, effective date: 2024-07-23 00:00:00.
[2026-08-24 09:18:00,015] [merqutil.db] [DEBUG] [56923] : running sql

        SELECT
            MAX(ss.stock_id) AS stock_id,
            REPLACE(ss.symbol, '/', '.') AS symbol,
            e.mic
        FROM ivol.stock_symbol ss
        LEFT JOIN ivol.exchange e
            ON e.exchange_id = ss.exchange_id
        WHERE
            (REPLACE(ss.symbol, '/', '.'), COALESCE(e.mic, 'NA')) IN (('SPY', 'ARCX')) AND
            '2024-07-23 00:00:00' BETWEEN ss.t_date AND ss.term_date
        GROUP BY ss.symbol, e.mic
        HAVING COUNT(DISTINCT ss.stock_id) = 1
    
[2026-08-24 09:18:00,033] [merqutil.db] [INFO] [56923] 1 rows selected in 0.017928124871104956 s
[2026-08-24 09:18:00,033] [merq.merq_platform.impl.services.options.ivol_utils] [DEBUG] [56923] Found 1 symbol, mic pairs mapping to stock ids.
[2026-08-24 09:18:00,033] [merqutil.db] [DEBUG] [56923] : running sql

            SELECT ca.ex_date, ca.action_type, ca.stock_id
            FROM merq.corp_actions ca
            WHERE ca.ex_date = '2024-07-23 00:00:00' AND
                ca.action_type in ('dvd', 'spl', 'sdvd', 'sp', 'distr', 'rts') AND
                ca.stock_id in (627)
        
[2026-08-24 09:18:00,058] [merqutil.db] [INFO] [56923] 0 rows selected in 0.024437125073745847 s
[2026-08-24 09:18:00,058] [merqutil.db] [DEBUG] [56923] : running sql

        SELECT d.stock_id, d.last_dvd_date, d.last_dvd_amount, d.real_last_dvd_amount, d.dvd_ccy
        FROM ivol.dividend d
        WHERE d.last_dvd_date = '2024-07-23 00:00:00' AND
            d.stock_id in (627)
        
[2026-08-24 09:18:00,071] [merqutil.db] [INFO] [56923] 0 rows selected in 0.012646166142076254 s
[2026-08-24 09:18:00,071] [merqutil.db] [DEBUG] [56923] : running sql

            SELECT COUNT(*)
            FROM merq.corp_actions ca
            JOIN ivol.root_property rp
                ON (
                    rp.stock_id=ca.stock_id
                )
            WHERE (ca.ex_date='2024-07-22 00:00:00' OR ca.ex_date='2024-07-23 00:00:00')
                AND ca.action_type='rn'
                AND rp.action_type='RootRn'
                AND rp.t_date='2024-07-23 00:00:00'
                AND ca.stock_id IN (627);
        
[2026-08-24 09:18:00,084] [merqutil.db] [INFO] [56923] 1 rows selected in 0.012597916880622506 s
[2026-08-24 09:18:00,086] [merq.merq_platform.api.components.computation_pipeline.level_computers.standard_level_computer] [DEBUG] [56923] Equities contribution to index level: 1018.622247525298
[2026-08-24 09:18:00,086] [merq.merq_platform.api.components.computation_pipeline.level_computers.standard_level_computer] [DEBUG] [56923] Options contribution to index level: -20.18328405355271
[2026-08-24 09:18:00,086] [merq.merq_platform.api.components.computation_pipeline.level_computers.standard_level_computer] [DEBUG] [56923] Cash contribution to index level: 16.20723219040974
[2026-08-24 09:18:00,086] [merq.merq_platform.api.components.computation_pipeline.level_computers.standard_level_computer] [DEBUG] [56923] Equities contribution to index level: 1017.0244807257902
[2026-08-24 09:18:00,086] [merq.merq_platform.api.components.computation_pipeline.level_computers.standard_level_computer] [DEBUG] [56923] Options contribution to index level: -19.026280509081516
[2026-08-24 09:18:00,087] [merq.merq_platform.api.components.computation_pipeline.level_computers.standard_level_computer] [DEBUG] [56923] Cash contribution to index level: 16.20723219040974
[2026-08-24 09:18:00,087] [merq.merq_platform.api.indices.multi_asset.multi_asset_base_index] [INFO] [56923] Computed index level for 2024-07-23 00:00:00 as 1014.2054324071185
[2026-08-24 09:18:00,087] [merq.merq_platform.api.components.computation_pipeline.level_computers.standard_level_computer] [DEBUG] [56923] Equities contribution to index level: 1017.0244807257902
[2026-08-24 09:18:00,087] [merq.merq_platform.api.components.computation_pipeline.level_computers.standard_level_computer] [DEBUG] [56923] Options contribution to index level: -19.026280509081516
[2026-08-24 09:18:00,087] [merq.merq_platform.api.components.computation_pipeline.level_computers.standard_level_computer] [DEBUG] [56923] Cash contribution to index level: 16.20723219040974
[2026-08-24 09:18:00,100] [merq.merq_platform.api.indices.multi_asset.multi_asset_base_index] [DEBUG] [56923] Loaded in portfolio for date 2024-07-23 00:00:00
[2026-08-24 09:18:00,100] [merq.merq_platform.api.components.computation_pipeline.corax_loaders.index_corporate_actions_loader] [DEBUG] [56923] Loading corporate actions for el merq ids in unknown from 2024-07-24 00:00:00 to 2024-07-24 00:00:00...
[2026-08-24 09:18:00,101] [merq.merq_platform.api.components.computation_pipeline.corax_loaders.index_corporate_actions_loader] [DEBUG] [56923] Loading corporate actions for op merq ids in unknown from 2024-07-24 00:00:00 to 2024-07-24 00:00:00...
[2026-08-24 09:18:00,101] [merq.merq_platform.impl.services.options.ivol_reference_data_provider] [DEBUG] [56923] Getting underlying for 1 option contracts on eff_date: 2024-07-23 00:00:00
[2026-08-24 09:18:00,101] [merqutil.db] [DEBUG] [56923] : running sql

            SELECT
                rp.symbol, e.mic
            FROM ivol.root_property rp
            JOIN ivol.exchange e
                ON e.exchange_id = rp.exchange_id
            JOIN ivol.stock s
                ON s.stock_id = rp.stock_id
            WHERE rp.symbol in ('SPY')
                AND rp.t_date <= '2024-07-23 00:00:00' AND rp.term_date >= '2024-07-23 00:00:00'
                AND s.region_id = 1;
        
[2026-08-24 09:18:00,117] [merqutil.db] [INFO] [56923] 1 rows selected in 0.015486457850784063 s
[2026-08-24 09:18:00,182] [merq.merq_platform.impl.services.options.ivol_utils] [DEBUG] [56923] Created temp table temp_option_contract_keys with index
[2026-08-24 09:18:00,182] [merq.merq_platform.impl.services.options.ivol_utils] [DEBUG] [56923] Populating temp table with 1 option keys
[2026-08-24 09:18:00,221] [merq.merq_platform.impl.services.options.ivol_utils] [DEBUG] [56923] Inserted 1 keys into temp table in 1 batches
[2026-08-24 09:18:00,260] [merqutil.db] [DEBUG] [56923] materializing option contracts: : running sql
CREATE TEMP TABLE temp_option_contracts AS 
        SELECT
            ov.t_date,
            ov.expiration_date, ov.call_put, ov.strike, ov.root, e.mic,
            ov.stock_id, ov.root_id
        FROM ivol.option_value ov
        JOIN ivol.root_property rp
            ON rp.root_id = ov.root_id
            AND '2024-07-23 00:00:00' BETWEEN rp.t_date AND rp.term_date
        JOIN ivol.exchange e
            ON e.exchange_id = rp.exchange_id
        JOIN temp_option_contract_keys tok
            ON ov.expiration_date = tok.expiration_date
            AND ov.call_put = tok.call_put
            AND ov.strike = tok.strike
            AND ov.root = tok.root
            AND e.mic = tok.mic
        WHERE ov.t_date = '2024-07-23 00:00:00'
        UNION ALL
        SELECT
            ovn.t_date,
            ovn.expiration_date, ovn.call_put, ovn.strike, ovn.root, e.mic,
            ovn.stock_id, ovn.root_id
        FROM ivol.option_value_ns ovn
        JOIN ivol.root_property rp
            ON rp.root_id = ovn.root_id
            AND '2024-07-23 00:00:00' BETWEEN rp.t_date AND rp.term_date
        JOIN ivol.exchange e
            ON e.exchange_id = rp.exchange_id
        JOIN temp_option_contract_keys tok
            ON ovn.expiration_date = tok.expiration_date
            AND ovn.call_put = tok.call_put
            AND ovn.strike = tok.strike
            AND ovn.root = tok.root
            AND e.mic = tok.mic
        WHERE ovn.t_date = '2024-07-23 00:00:00'
    
[2026-08-24 09:18:00,306] [merqutil.db] [INFO] [56923] materializing option contracts: 1 rows created in 0.04603537521325052 s
[2026-08-24 09:18:00,389] [merqutil.db] [DEBUG] [56923] : running sql

            SELECT
                ov.root, ov.expiration_date, ov.call_put, ov.strike, ov.mic,
                replace(ss.symbol, '/', '.') as symbol
            FROM temp_option_contracts ov
            JOIN ivol.stock_symbol ss
                ON (ss.stock_id = ov.stock_id
                    AND '2024-07-23 00:00:00' BETWEEN ss.t_date AND ss.term_date
                    AND ss.symbol not like '%%%%7' -- Exclude mini options
                )
            JOIN ivol.stock s
                ON (ss.stock_id = s.stock_id)
            WHERE
                s.type IN ('S', 'F')
        
[2026-08-24 09:18:00,415] [merqutil.db] [INFO] [56923] 1 rows selected in 0.026136041851714253 s
[2026-08-24 09:18:00,416] [merqutil.db] [DEBUG] [56923] : running sql

            SELECT
                rp.symbol, e.mic
            FROM ivol.root_property rp
            JOIN ivol.exchange e
                ON e.exchange_id = rp.exchange_id
            JOIN ivol.stock s
                ON s.stock_id = rp.stock_id
            WHERE rp.symbol in ('SPY')
                AND rp.t_date <= '2024-07-23 00:00:00' AND rp.term_date >= '2024-07-23 00:00:00'
                AND s.region_id = 1;
        
[2026-08-24 09:18:00,427] [merqutil.db] [INFO] [56923] 1 rows selected in 0.01141145802102983 s
[2026-08-24 09:18:00,496] [merq.merq_platform.impl.services.options.ivol_utils] [DEBUG] [56923] Created temp table temp_option_contract_keys with index
[2026-08-24 09:18:00,496] [merq.merq_platform.impl.services.options.ivol_utils] [DEBUG] [56923] Populating temp table with 1 option keys
[2026-08-24 09:18:00,532] [merq.merq_platform.impl.services.options.ivol_utils] [DEBUG] [56923] Inserted 1 keys into temp table in 1 batches
[2026-08-24 09:18:00,573] [merqutil.db] [DEBUG] [56923] materializing option contracts: : running sql
CREATE TEMP TABLE temp_option_contracts AS 
        SELECT
            ov.t_date,
            ov.expiration_date, ov.call_put, ov.strike, ov.root, e.mic,
            ov.stock_id, ov.root_id
        FROM ivol.option_value ov
        JOIN ivol.root_property rp
            ON rp.root_id = ov.root_id
            AND '2024-07-23 00:00:00' BETWEEN rp.t_date AND rp.term_date
        JOIN ivol.exchange e
            ON e.exchange_id = rp.exchange_id
        JOIN temp_option_contract_keys tok
            ON ov.expiration_date = tok.expiration_date
            AND ov.call_put = tok.call_put
            AND ov.strike = tok.strike
            AND ov.root = tok.root
            AND e.mic = tok.mic
        WHERE ov.t_date = '2024-07-23 00:00:00'
        UNION ALL
        SELECT
            ovn.t_date,
            ovn.expiration_date, ovn.call_put, ovn.strike, ovn.root, e.mic,
            ovn.stock_id, ovn.root_id
        FROM ivol.option_value_ns ovn
        JOIN ivol.root_property rp
            ON rp.root_id = ovn.root_id
            AND '2024-07-23 00:00:00' BETWEEN rp.t_date AND rp.term_date
        JOIN ivol.exchange e
            ON e.exchange_id = rp.exchange_id
        JOIN temp_option_contract_keys tok
            ON ovn.expiration_date = tok.expiration_date
            AND ovn.call_put = tok.call_put
            AND ovn.strike = tok.strike
            AND ovn.root = tok.root
            AND e.mic = tok.mic
        WHERE ovn.t_date = '2024-07-23 00:00:00'
    
[2026-08-24 09:18:00,614] [merqutil.db] [INFO] [56923] materializing option contracts: 1 rows created in 0.04099137498997152 s
[2026-08-24 09:18:00,699] [merqutil.db] [DEBUG] [56923] : running sql

            SELECT
                ov.root, ov.expiration_date, ov.call_put, ov.strike, ov.mic,
                replace(ss.symbol, '/', '.') as symbol
            FROM temp_option_contracts ov
            JOIN ivol.stock_symbol ss
                ON (ss.stock_id = ov.stock_id
                    AND '2024-07-23 00:00:00' BETWEEN ss.t_date AND ss.term_date
                    AND ss.symbol not like '%%%%7' -- Exclude mini options
                )
            JOIN ivol.stock s
                ON (ss.stock_id = s.stock_id)
            WHERE
                s.type IN ('I')
        
[2026-08-24 09:18:00,725] [merqutil.db] [INFO] [56923] 0 rows selected in 0.026164792012423277 s
[2026-08-24 09:18:00,726] [merq.merq_platform.impl.services.options.ivol_utils] [DEBUG] [56923] Getting external id for <class 'merq.merq_platform.api.components.identifiers.merq_equity_id.MerqEquityListingId'> with 1 ids.
[2026-08-24 09:18:00,726] [merqutil.db] [DEBUG] [56923] : running sql

        SELECT
            REPLACE(ss.symbol, '/', '.') AS symbol,
            s.region_id,
            e.mic
        FROM ivol.stock_symbol ss
        JOIN ivol.stock s
            ON s.stock_id = ss.stock_id
        LEFT JOIN ivol.exchange e
            ON e.exchange_id = ss.exchange_id
        WHERE (replace(ss.symbol, '/', '.'), s.region_id) in (('SPY', 1)) AND
            '2024-07-24 00:00:00' between ss.t_date and ss.term_date
    
[2026-08-24 09:18:00,743] [merqutil.db] [INFO] [56923] 1 rows selected in 0.01640237495303154 s
[2026-08-24 09:18:00,743] [merq.merq_platform.impl.services.options.ivol_utils] [DEBUG] [56923] Getting stock ids for 1 merq_ids, effective date: 2024-07-24 00:00:00.
[2026-08-24 09:18:00,743] [merqutil.db] [DEBUG] [56923] : running sql

        SELECT
            MAX(ss.stock_id) AS stock_id,
            REPLACE(ss.symbol, '/', '.') AS symbol,
            e.mic
        FROM ivol.stock_symbol ss
        LEFT JOIN ivol.exchange e
            ON e.exchange_id = ss.exchange_id
        WHERE
            (REPLACE(ss.symbol, '/', '.'), COALESCE(e.mic, 'NA')) IN (('SPY', 'ARCX')) AND
            '2024-07-24 00:00:00' BETWEEN ss.t_date AND ss.term_date
        GROUP BY ss.symbol, e.mic
        HAVING COUNT(DISTINCT ss.stock_id) = 1
    
[2026-08-24 09:18:00,760] [merqutil.db] [INFO] [56923] 1 rows selected in 0.016879665898159146 s
[2026-08-24 09:18:00,760] [merq.merq_platform.impl.services.options.ivol_utils] [DEBUG] [56923] Found 1 symbol, mic pairs mapping to stock ids.
[2026-08-24 09:18:00,760] [merqutil.db] [DEBUG] [56923] : running sql

            SELECT ca.ex_date, ca.action_type, ca.stock_id
            FROM merq.corp_actions ca
            WHERE ca.ex_date = '2024-07-24 00:00:00' AND
                ca.action_type in ('dvd', 'spl', 'sdvd', 'sp', 'distr', 'rts') AND
                ca.stock_id in (627)
        
[2026-08-24 09:18:00,775] [merqutil.db] [INFO] [56923] 0 rows selected in 0.014673625119030476 s
[2026-08-24 09:18:00,775] [merqutil.db] [DEBUG] [56923] : running sql

        SELECT d.stock_id, d.last_dvd_date, d.last_dvd_amount, d.real_last_dvd_amount, d.dvd_ccy
        FROM ivol.dividend d
        WHERE d.last_dvd_date = '2024-07-24 00:00:00' AND
            d.stock_id in (627)
        
[2026-08-24 09:18:00,788] [merqutil.db] [INFO] [56923] 0 rows selected in 0.012418208876624703 s
[2026-08-24 09:18:00,788] [merqutil.db] [DEBUG] [56923] : running sql

            SELECT COUNT(*)
            FROM merq.corp_actions ca
            JOIN ivol.root_property rp
                ON (
                    rp.stock_id=ca.stock_id
                )
            WHERE (ca.ex_date='2024-07-23 00:00:00' OR ca.ex_date='2024-07-24 00:00:00')
                AND ca.action_type='rn'
                AND rp.action_type='RootRn'
                AND rp.t_date='2024-07-24 00:00:00'
                AND ca.stock_id IN (627);
        
[2026-08-24 09:18:00,802] [merqutil.db] [INFO] [56923] 1 rows selected in 0.013320791069418192 s
[2026-08-24 09:18:00,803] [merq.merq_platform.api.components.computation_pipeline.level_computers.standard_level_computer] [DEBUG] [56923] Equities contribution to index level: 1017.0244807257902
[2026-08-24 09:18:00,803] [merq.merq_platform.api.components.computation_pipeline.level_computers.standard_level_computer] [DEBUG] [56923] Options contribution to index level: -19.026280509081516
[2026-08-24 09:18:00,804] [merq.merq_platform.api.components.computation_pipeline.level_computers.standard_level_computer] [DEBUG] [56923] Cash contribution to index level: 16.20723219040974
[2026-08-24 09:18:00,804] [merq.merq_platform.api.components.computation_pipeline.level_computers.standard_level_computer] [DEBUG] [56923] Equities contribution to index level: 993.9762355144994
[2026-08-24 09:18:00,804] [merq.merq_platform.api.components.computation_pipeline.level_computers.standard_level_computer] [DEBUG] [56923] Options contribution to index level: -10.92725569778338
[2026-08-24 09:18:00,804] [merq.merq_platform.api.components.computation_pipeline.level_computers.standard_level_computer] [DEBUG] [56923] Cash contribution to index level: 16.20723219040974
[2026-08-24 09:18:00,805] [merq.merq_platform.api.indices.multi_asset.multi_asset_base_index] [INFO] [56923] Computed index level for 2024-07-24 00:00:00 as 999.2562120071258
[2026-08-24 09:18:00,805] [merq.merq_platform.api.components.computation_pipeline.level_computers.standard_level_computer] [DEBUG] [56923] Equities contribution to index level: 993.9762355144994
[2026-08-24 09:18:00,806] [merq.merq_platform.api.components.computation_pipeline.level_computers.standard_level_computer] [DEBUG] [56923] Options contribution to index level: -10.92725569778338
[2026-08-24 09:18:00,806] [merq.merq_platform.api.components.computation_pipeline.level_computers.standard_level_computer] [DEBUG] [56923] Cash contribution to index level: 16.20723219040974
[2026-08-24 09:18:00,819] [merq.merq_platform.api.indices.multi_asset.multi_asset_base_index] [DEBUG] [56923] Loaded in portfolio for date 2024-07-24 00:00:00
[2026-08-24 09:18:00,820] [merq.merq_platform.api.components.computation_pipeline.corax_loaders.index_corporate_actions_loader] [DEBUG] [56923] Loading corporate actions for el merq ids in unknown from 2024-07-25 00:00:00 to 2024-07-25 00:00:00...
[2026-08-24 09:18:00,820] [merq.merq_platform.api.components.computation_pipeline.corax_loaders.index_corporate_actions_loader] [DEBUG] [56923] Loading corporate actions for op merq ids in unknown from 2024-07-25 00:00:00 to 2024-07-25 00:00:00...
[2026-08-24 09:18:00,820] [merq.merq_platform.impl.services.options.ivol_reference_data_provider] [DEBUG] [56923] Getting underlying for 1 option contracts on eff_date: 2024-07-24 00:00:00
[2026-08-24 09:18:00,820] [merqutil.db] [DEBUG] [56923] : running sql

            SELECT
                rp.symbol, e.mic
            FROM ivol.root_property rp
            JOIN ivol.exchange e
                ON e.exchange_id = rp.exchange_id
            JOIN ivol.stock s
                ON s.stock_id = rp.stock_id
            WHERE rp.symbol in ('SPY')
                AND rp.t_date <= '2024-07-24 00:00:00' AND rp.term_date >= '2024-07-24 00:00:00'
                AND s.region_id = 1;
        
[2026-08-24 09:18:00,833] [merqutil.db] [INFO] [56923] 1 rows selected in 0.012574166059494019 s
[2026-08-24 09:18:00,901] [merq.merq_platform.impl.services.options.ivol_utils] [DEBUG] [56923] Created temp table temp_option_contract_keys with index
[2026-08-24 09:18:00,901] [merq.merq_platform.impl.services.options.ivol_utils] [DEBUG] [56923] Populating temp table with 1 option keys
[2026-08-24 09:18:00,938] [merq.merq_platform.impl.services.options.ivol_utils] [DEBUG] [56923] Inserted 1 keys into temp table in 1 batches
[2026-08-24 09:18:00,976] [merqutil.db] [DEBUG] [56923] materializing option contracts: : running sql
CREATE TEMP TABLE temp_option_contracts AS 
        SELECT
            ov.t_date,
            ov.expiration_date, ov.call_put, ov.strike, ov.root, e.mic,
            ov.stock_id, ov.root_id
        FROM ivol.option_value ov
        JOIN ivol.root_property rp
            ON rp.root_id = ov.root_id
            AND '2024-07-24 00:00:00' BETWEEN rp.t_date AND rp.term_date
        JOIN ivol.exchange e
            ON e.exchange_id = rp.exchange_id
        JOIN temp_option_contract_keys tok
            ON ov.expiration_date = tok.expiration_date
            AND ov.call_put = tok.call_put
            AND ov.strike = tok.strike
            AND ov.root = tok.root
            AND e.mic = tok.mic
        WHERE ov.t_date = '2024-07-24 00:00:00'
        UNION ALL
        SELECT
            ovn.t_date,
            ovn.expiration_date, ovn.call_put, ovn.strike, ovn.root, e.mic,
            ovn.stock_id, ovn.root_id
        FROM ivol.option_value_ns ovn
        JOIN ivol.root_property rp
            ON rp.root_id = ovn.root_id
            AND '2024-07-24 00:00:00' BETWEEN rp.t_date AND rp.term_date
        JOIN ivol.exchange e
            ON e.exchange_id = rp.exchange_id
        JOIN temp_option_contract_keys tok
            ON ovn.expiration_date = tok.expiration_date
            AND ovn.call_put = tok.call_put
            AND ovn.strike = tok.strike
            AND ovn.root = tok.root
            AND e.mic = tok.mic
        WHERE ovn.t_date = '2024-07-24 00:00:00'
    
[2026-08-24 09:18:01,017] [merqutil.db] [INFO] [56923] materializing option contracts: 1 rows created in 0.04056487511843443 s
[2026-08-24 09:18:01,099] [merqutil.db] [DEBUG] [56923] : running sql

            SELECT
                ov.root, ov.expiration_date, ov.call_put, ov.strike, ov.mic,
                replace(ss.symbol, '/', '.') as symbol
            FROM temp_option_contracts ov
            JOIN ivol.stock_symbol ss
                ON (ss.stock_id = ov.stock_id
                    AND '2024-07-24 00:00:00' BETWEEN ss.t_date AND ss.term_date
                    AND ss.symbol not like '%%%%7' -- Exclude mini options
                )
            JOIN ivol.stock s
                ON (ss.stock_id = s.stock_id)
            WHERE
                s.type IN ('S', 'F')
        
[2026-08-24 09:18:01,124] [merqutil.db] [INFO] [56923] 1 rows selected in 0.024924959056079388 s
[2026-08-24 09:18:01,125] [merqutil.db] [DEBUG] [56923] : running sql

            SELECT
                rp.symbol, e.mic
            FROM ivol.root_property rp
            JOIN ivol.exchange e
                ON e.exchange_id = rp.exchange_id
            JOIN ivol.stock s
                ON s.stock_id = rp.stock_id
            WHERE rp.symbol in ('SPY')
                AND rp.t_date <= '2024-07-24 00:00:00' AND rp.term_date >= '2024-07-24 00:00:00'
                AND s.region_id = 1;
        
[2026-08-24 09:18:01,137] [merqutil.db] [INFO] [56923] 1 rows selected in 0.01234291703440249 s
[2026-08-24 09:18:01,226] [merq.merq_platform.impl.services.options.ivol_utils] [DEBUG] [56923] Created temp table temp_option_contract_keys with index
[2026-08-24 09:18:01,226] [merq.merq_platform.impl.services.options.ivol_utils] [DEBUG] [56923] Populating temp table with 1 option keys
[2026-08-24 09:18:01,275] [merq.merq_platform.impl.services.options.ivol_utils] [DEBUG] [56923] Inserted 1 keys into temp table in 1 batches
[2026-08-24 09:18:01,334] [merqutil.db] [DEBUG] [56923] materializing option contracts: : running sql
CREATE TEMP TABLE temp_option_contracts AS 
        SELECT
            ov.t_date,
            ov.expiration_date, ov.call_put, ov.strike, ov.root, e.mic,
            ov.stock_id, ov.root_id
        FROM ivol.option_value ov
        JOIN ivol.root_property rp
            ON rp.root_id = ov.root_id
            AND '2024-07-24 00:00:00' BETWEEN rp.t_date AND rp.term_date
        JOIN ivol.exchange e
            ON e.exchange_id = rp.exchange_id
        JOIN temp_option_contract_keys tok
            ON ov.expiration_date = tok.expiration_date
            AND ov.call_put = tok.call_put
            AND ov.strike = tok.strike
            AND ov.root = tok.root
            AND e.mic = tok.mic
        WHERE ov.t_date = '2024-07-24 00:00:00'
        UNION ALL
        SELECT
            ovn.t_date,
            ovn.expiration_date, ovn.call_put, ovn.strike, ovn.root, e.mic,
            ovn.stock_id, ovn.root_id
        FROM ivol.option_value_ns ovn
        JOIN ivol.root_property rp
            ON rp.root_id = ovn.root_id
            AND '2024-07-24 00:00:00' BETWEEN rp.t_date AND rp.term_date
        JOIN ivol.exchange e
            ON e.exchange_id = rp.exchange_id
        JOIN temp_option_contract_keys tok
            ON ovn.expiration_date = tok.expiration_date
            AND ovn.call_put = tok.call_put
            AND ovn.strike = tok.strike
            AND ovn.root = tok.root
            AND e.mic = tok.mic
        WHERE ovn.t_date = '2024-07-24 00:00:00'
    
[2026-08-24 09:18:01,419] [merqutil.db] [INFO] [56923] materializing option contracts: 1 rows created in 0.0854846250731498 s
[2026-08-24 09:18:01,511] [merqutil.db] [DEBUG] [56923] : running sql

            SELECT
                ov.root, ov.expiration_date, ov.call_put, ov.strike, ov.mic,
                replace(ss.symbol, '/', '.') as symbol
            FROM temp_option_contracts ov
            JOIN ivol.stock_symbol ss
                ON (ss.stock_id = ov.stock_id
                    AND '2024-07-24 00:00:00' BETWEEN ss.t_date AND ss.term_date
                    AND ss.symbol not like '%%%%7' -- Exclude mini options
                )
            JOIN ivol.stock s
                ON (ss.stock_id = s.stock_id)
            WHERE
                s.type IN ('I')
        
[2026-08-24 09:18:01,537] [merqutil.db] [INFO] [56923] 0 rows selected in 0.026783250039443374 s
[2026-08-24 09:18:01,538] [merq.merq_platform.impl.services.options.ivol_utils] [DEBUG] [56923] Getting external id for <class 'merq.merq_platform.api.components.identifiers.merq_equity_id.MerqEquityListingId'> with 1 ids.
[2026-08-24 09:18:01,538] [merqutil.db] [DEBUG] [56923] : running sql

        SELECT
            REPLACE(ss.symbol, '/', '.') AS symbol,
            s.region_id,
            e.mic
        FROM ivol.stock_symbol ss
        JOIN ivol.stock s
            ON s.stock_id = ss.stock_id
        LEFT JOIN ivol.exchange e
            ON e.exchange_id = ss.exchange_id
        WHERE (replace(ss.symbol, '/', '.'), s.region_id) in (('SPY', 1)) AND
            '2024-07-25 00:00:00' between ss.t_date and ss.term_date
    
[2026-08-24 09:18:01,562] [merqutil.db] [INFO] [56923] 1 rows selected in 0.02353312517516315 s
[2026-08-24 09:18:01,562] [merq.merq_platform.impl.services.options.ivol_utils] [DEBUG] [56923] Getting stock ids for 1 merq_ids, effective date: 2024-07-25 00:00:00.
[2026-08-24 09:18:01,562] [merqutil.db] [DEBUG] [56923] : running sql

        SELECT
            MAX(ss.stock_id) AS stock_id,
            REPLACE(ss.symbol, '/', '.') AS symbol,
            e.mic
        FROM ivol.stock_symbol ss
        LEFT JOIN ivol.exchange e
            ON e.exchange_id = ss.exchange_id
        WHERE
            (REPLACE(ss.symbol, '/', '.'), COALESCE(e.mic, 'NA')) IN (('SPY', 'ARCX')) AND
            '2024-07-25 00:00:00' BETWEEN ss.t_date AND ss.term_date
        GROUP BY ss.symbol, e.mic
        HAVING COUNT(DISTINCT ss.stock_id) = 1
    
[2026-08-24 09:18:01,580] [merqutil.db] [INFO] [56923] 1 rows selected in 0.017238875152543187 s
[2026-08-24 09:18:01,580] [merq.merq_platform.impl.services.options.ivol_utils] [DEBUG] [56923] Found 1 symbol, mic pairs mapping to stock ids.
[2026-08-24 09:18:01,580] [merqutil.db] [DEBUG] [56923] : running sql

            SELECT ca.ex_date, ca.action_type, ca.stock_id
            FROM merq.corp_actions ca
            WHERE ca.ex_date = '2024-07-25 00:00:00' AND
                ca.action_type in ('dvd', 'spl', 'sdvd', 'sp', 'distr', 'rts') AND
                ca.stock_id in (627)
        
[2026-08-24 09:18:01,595] [merqutil.db] [INFO] [56923] 0 rows selected in 0.01448545791208744 s
[2026-08-24 09:18:01,595] [merqutil.db] [DEBUG] [56923] : running sql

        SELECT d.stock_id, d.last_dvd_date, d.last_dvd_amount, d.real_last_dvd_amount, d.dvd_ccy
        FROM ivol.dividend d
        WHERE d.last_dvd_date = '2024-07-25 00:00:00' AND
            d.stock_id in (627)
        
[2026-08-24 09:18:01,612] [merqutil.db] [INFO] [56923] 0 rows selected in 0.01666991598904133 s
[2026-08-24 09:18:01,612] [merqutil.db] [DEBUG] [56923] : running sql

            SELECT COUNT(*)
            FROM merq.corp_actions ca
            JOIN ivol.root_property rp
                ON (
                    rp.stock_id=ca.stock_id
                )
            WHERE (ca.ex_date='2024-07-24 00:00:00' OR ca.ex_date='2024-07-25 00:00:00')
                AND ca.action_type='rn'
                AND rp.action_type='RootRn'
                AND rp.t_date='2024-07-25 00:00:00'
                AND ca.stock_id IN (627);
        
[2026-08-24 09:18:01,627] [merqutil.db] [INFO] [56923] 1 rows selected in 0.014357707928866148 s
[2026-08-24 09:18:01,629] [merq.merq_platform.api.components.computation_pipeline.level_computers.standard_level_computer] [DEBUG] [56923] Equities contribution to index level: 993.9762355144994
[2026-08-24 09:18:01,629] [merq.merq_platform.api.components.computation_pipeline.level_computers.standard_level_computer] [DEBUG] [56923] Options contribution to index level: -10.92725569778338
[2026-08-24 09:18:01,629] [merq.merq_platform.api.components.computation_pipeline.level_computers.standard_level_computer] [DEBUG] [56923] Cash contribution to index level: 16.20723219040974
[2026-08-24 09:18:01,630] [merq.merq_platform.api.components.computation_pipeline.level_computers.standard_level_computer] [DEBUG] [56923] Equities contribution to index level: 988.7972672678188
[2026-08-24 09:18:01,630] [merq.merq_platform.api.components.computation_pipeline.level_computers.standard_level_computer] [DEBUG] [56923] Options contribution to index level: -9.200932948889772
[2026-08-24 09:18:01,630] [merq.merq_platform.api.components.computation_pipeline.level_computers.standard_level_computer] [DEBUG] [56923] Cash contribution to index level: 16.20723219040974
[2026-08-24 09:18:01,630] [merq.merq_platform.api.indices.multi_asset.multi_asset_base_index] [INFO] [56923] Computed index level for 2024-07-25 00:00:00 as 995.8035665093388
[2026-08-24 09:18:01,631] [merq.merq_platform.api.components.computation_pipeline.level_computers.standard_level_computer] [DEBUG] [56923] Equities contribution to index level: 988.7972672678188
[2026-08-24 09:18:01,631] [merq.merq_platform.api.components.computation_pipeline.level_computers.standard_level_computer] [DEBUG] [56923] Options contribution to index level: -9.200932948889772
[2026-08-24 09:18:01,631] [merq.merq_platform.api.components.computation_pipeline.level_computers.standard_level_computer] [DEBUG] [56923] Cash contribution to index level: 16.20723219040974
[2026-08-24 09:18:01,643] [merq.merq_platform.api.indices.multi_asset.multi_asset_base_index] [DEBUG] [56923] Loaded in portfolio for date 2024-07-25 00:00:00
[2026-08-24 09:18:01,643] [merq.merq_platform.api.components.computation_pipeline.corax_loaders.index_corporate_actions_loader] [DEBUG] [56923] Loading corporate actions for el merq ids in unknown from 2024-07-26 00:00:00 to 2024-07-26 00:00:00...
[2026-08-24 09:18:01,643] [merq.merq_platform.api.components.computation_pipeline.corax_loaders.index_corporate_actions_loader] [DEBUG] [56923] Loading corporate actions for op merq ids in unknown from 2024-07-26 00:00:00 to 2024-07-26 00:00:00...
[2026-08-24 09:18:01,643] [merq.merq_platform.impl.services.options.ivol_reference_data_provider] [DEBUG] [56923] Getting underlying for 1 option contracts on eff_date: 2024-07-25 00:00:00
[2026-08-24 09:18:01,644] [merqutil.db] [DEBUG] [56923] : running sql

            SELECT
                rp.symbol, e.mic
            FROM ivol.root_property rp
            JOIN ivol.exchange e
                ON e.exchange_id = rp.exchange_id
            JOIN ivol.stock s
                ON s.stock_id = rp.stock_id
            WHERE rp.symbol in ('SPY')
                AND rp.t_date <= '2024-07-25 00:00:00' AND rp.term_date >= '2024-07-25 00:00:00'
                AND s.region_id = 1;
        
[2026-08-24 09:18:01,675] [merqutil.db] [INFO] [56923] 1 rows selected in 0.030930500011891127 s
[2026-08-24 09:18:01,754] [merq.merq_platform.impl.services.options.ivol_utils] [DEBUG] [56923] Created temp table temp_option_contract_keys with index
[2026-08-24 09:18:01,754] [merq.merq_platform.impl.services.options.ivol_utils] [DEBUG] [56923] Populating temp table with 1 option keys
[2026-08-24 09:18:01,819] [merq.merq_platform.impl.services.options.ivol_utils] [DEBUG] [56923] Inserted 1 keys into temp table in 1 batches
[2026-08-24 09:18:01,886] [merqutil.db] [DEBUG] [56923] materializing option contracts: : running sql
CREATE TEMP TABLE temp_option_contracts AS 
        SELECT
            ov.t_date,
            ov.expiration_date, ov.call_put, ov.strike, ov.root, e.mic,
            ov.stock_id, ov.root_id
        FROM ivol.option_value ov
        JOIN ivol.root_property rp
            ON rp.root_id = ov.root_id
            AND '2024-07-25 00:00:00' BETWEEN rp.t_date AND rp.term_date
        JOIN ivol.exchange e
            ON e.exchange_id = rp.exchange_id
        JOIN temp_option_contract_keys tok
            ON ov.expiration_date = tok.expiration_date
            AND ov.call_put = tok.call_put
            AND ov.strike = tok.strike
            AND ov.root = tok.root
            AND e.mic = tok.mic
        WHERE ov.t_date = '2024-07-25 00:00:00'
        UNION ALL
        SELECT
            ovn.t_date,
            ovn.expiration_date, ovn.call_put, ovn.strike, ovn.root, e.mic,
            ovn.stock_id, ovn.root_id
        FROM ivol.option_value_ns ovn
        JOIN ivol.root_property rp
            ON rp.root_id = ovn.root_id
            AND '2024-07-25 00:00:00' BETWEEN rp.t_date AND rp.term_date
        JOIN ivol.exchange e
            ON e.exchange_id = rp.exchange_id
        JOIN temp_option_contract_keys tok
            ON ovn.expiration_date = tok.expiration_date
            AND ovn.call_put = tok.call_put
            AND ovn.strike = tok.strike
            AND ovn.root = tok.root
            AND e.mic = tok.mic
        WHERE ovn.t_date = '2024-07-25 00:00:00'
    
[2026-08-24 09:18:01,948] [merqutil.db] [INFO] [56923] materializing option contracts: 1 rows created in 0.06221312494017184 s
[2026-08-24 09:18:02,049] [merqutil.db] [DEBUG] [56923] : running sql

            SELECT
                ov.root, ov.expiration_date, ov.call_put, ov.strike, ov.mic,
                replace(ss.symbol, '/', '.') as symbol
            FROM temp_option_contracts ov
            JOIN ivol.stock_symbol ss
                ON (ss.stock_id = ov.stock_id
                    AND '2024-07-25 00:00:00' BETWEEN ss.t_date AND ss.term_date
                    AND ss.symbol not like '%%%%7' -- Exclude mini options
                )
            JOIN ivol.stock s
                ON (ss.stock_id = s.stock_id)
            WHERE
                s.type IN ('S', 'F')
        
[2026-08-24 09:18:02,077] [merqutil.db] [INFO] [56923] 1 rows selected in 0.02791970781981945 s
[2026-08-24 09:18:02,077] [merqutil.db] [DEBUG] [56923] : running sql

            SELECT
                rp.symbol, e.mic
            FROM ivol.root_property rp
            JOIN ivol.exchange e
                ON e.exchange_id = rp.exchange_id
            JOIN ivol.stock s
                ON s.stock_id = rp.stock_id
            WHERE rp.symbol in ('SPY')
                AND rp.t_date <= '2024-07-25 00:00:00' AND rp.term_date >= '2024-07-25 00:00:00'
                AND s.region_id = 1;
        
[2026-08-24 09:18:02,090] [merqutil.db] [INFO] [56923] 1 rows selected in 0.012260083109140396 s
[2026-08-24 09:18:02,157] [merq.merq_platform.impl.services.options.ivol_utils] [DEBUG] [56923] Created temp table temp_option_contract_keys with index
[2026-08-24 09:18:02,158] [merq.merq_platform.impl.services.options.ivol_utils] [DEBUG] [56923] Populating temp table with 1 option keys
[2026-08-24 09:18:02,203] [merq.merq_platform.impl.services.options.ivol_utils] [DEBUG] [56923] Inserted 1 keys into temp table in 1 batches
[2026-08-24 09:18:02,248] [merqutil.db] [DEBUG] [56923] materializing option contracts: : running sql
CREATE TEMP TABLE temp_option_contracts AS 
        SELECT
            ov.t_date,
            ov.expiration_date, ov.call_put, ov.strike, ov.root, e.mic,
            ov.stock_id, ov.root_id
        FROM ivol.option_value ov
        JOIN ivol.root_property rp
            ON rp.root_id = ov.root_id
            AND '2024-07-25 00:00:00' BETWEEN rp.t_date AND rp.term_date
        JOIN ivol.exchange e
            ON e.exchange_id = rp.exchange_id
        JOIN temp_option_contract_keys tok
            ON ov.expiration_date = tok.expiration_date
            AND ov.call_put = tok.call_put
            AND ov.strike = tok.strike
            AND ov.root = tok.root
            AND e.mic = tok.mic
        WHERE ov.t_date = '2024-07-25 00:00:00'
        UNION ALL
        SELECT
            ovn.t_date,
            ovn.expiration_date, ovn.call_put, ovn.strike, ovn.root, e.mic,
            ovn.stock_id, ovn.root_id
        FROM ivol.option_value_ns ovn
        JOIN ivol.root_property rp
            ON rp.root_id = ovn.root_id
            AND '2024-07-25 00:00:00' BETWEEN rp.t_date AND rp.term_date
        JOIN ivol.exchange e
            ON e.exchange_id = rp.exchange_id
        JOIN temp_option_contract_keys tok
            ON ovn.expiration_date = tok.expiration_date
            AND ovn.call_put = tok.call_put
            AND ovn.strike = tok.strike
            AND ovn.root = tok.root
            AND e.mic = tok.mic
        WHERE ovn.t_date = '2024-07-25 00:00:00'
    
[2026-08-24 09:18:02,320] [merqutil.db] [INFO] [56923] materializing option contracts: 1 rows created in 0.07132650003768504 s
[2026-08-24 09:18:02,413] [merqutil.db] [DEBUG] [56923] : running sql

            SELECT
                ov.root, ov.expiration_date, ov.call_put, ov.strike, ov.mic,
                replace(ss.symbol, '/', '.') as symbol
            FROM temp_option_contracts ov
            JOIN ivol.stock_symbol ss
                ON (ss.stock_id = ov.stock_id
                    AND '2024-07-25 00:00:00' BETWEEN ss.t_date AND ss.term_date
                    AND ss.symbol not like '%%%%7' -- Exclude mini options
                )
            JOIN ivol.stock s
                ON (ss.stock_id = s.stock_id)
            WHERE
                s.type IN ('I')
        
[2026-08-24 09:18:02,439] [merqutil.db] [INFO] [56923] 0 rows selected in 0.025832832790911198 s
[2026-08-24 09:18:02,440] [merq.merq_platform.impl.services.options.ivol_utils] [DEBUG] [56923] Getting external id for <class 'merq.merq_platform.api.components.identifiers.merq_equity_id.MerqEquityListingId'> with 1 ids.
[2026-08-24 09:18:02,440] [merqutil.db] [DEBUG] [56923] : running sql

        SELECT
            REPLACE(ss.symbol, '/', '.') AS symbol,
            s.region_id,
            e.mic
        FROM ivol.stock_symbol ss
        JOIN ivol.stock s
            ON s.stock_id = ss.stock_id
        LEFT JOIN ivol.exchange e
            ON e.exchange_id = ss.exchange_id
        WHERE (replace(ss.symbol, '/', '.'), s.region_id) in (('SPY', 1)) AND
            '2024-07-26 00:00:00' between ss.t_date and ss.term_date
    
[2026-08-24 09:18:02,456] [merqutil.db] [INFO] [56923] 1 rows selected in 0.016174916876479983 s
[2026-08-24 09:18:02,456] [merq.merq_platform.impl.services.options.ivol_utils] [DEBUG] [56923] Getting stock ids for 1 merq_ids, effective date: 2024-07-26 00:00:00.
[2026-08-24 09:18:02,457] [merqutil.db] [DEBUG] [56923] : running sql

        SELECT
            MAX(ss.stock_id) AS stock_id,
            REPLACE(ss.symbol, '/', '.') AS symbol,
            e.mic
        FROM ivol.stock_symbol ss
        LEFT JOIN ivol.exchange e
            ON e.exchange_id = ss.exchange_id
        WHERE
            (REPLACE(ss.symbol, '/', '.'), COALESCE(e.mic, 'NA')) IN (('SPY', 'ARCX')) AND
            '2024-07-26 00:00:00' BETWEEN ss.t_date AND ss.term_date
        GROUP BY ss.symbol, e.mic
        HAVING COUNT(DISTINCT ss.stock_id) = 1
    
[2026-08-24 09:18:02,474] [merqutil.db] [INFO] [56923] 1 rows selected in 0.016941166948527098 s
[2026-08-24 09:18:02,474] [merq.merq_platform.impl.services.options.ivol_utils] [DEBUG] [56923] Found 1 symbol, mic pairs mapping to stock ids.
[2026-08-24 09:18:02,474] [merqutil.db] [DEBUG] [56923] : running sql

            SELECT ca.ex_date, ca.action_type, ca.stock_id
            FROM merq.corp_actions ca
            WHERE ca.ex_date = '2024-07-26 00:00:00' AND
                ca.action_type in ('dvd', 'spl', 'sdvd', 'sp', 'distr', 'rts') AND
                ca.stock_id in (627)
        
[2026-08-24 09:18:02,487] [merqutil.db] [INFO] [56923] 0 rows selected in 0.012828458100557327 s
[2026-08-24 09:18:02,487] [merqutil.db] [DEBUG] [56923] : running sql

        SELECT d.stock_id, d.last_dvd_date, d.last_dvd_amount, d.real_last_dvd_amount, d.dvd_ccy
        FROM ivol.dividend d
        WHERE d.last_dvd_date = '2024-07-26 00:00:00' AND
            d.stock_id in (627)
        
[2026-08-24 09:18:02,505] [merqutil.db] [INFO] [56923] 0 rows selected in 0.017485874937847257 s
[2026-08-24 09:18:02,505] [merqutil.db] [DEBUG] [56923] : running sql

            SELECT COUNT(*)
            FROM merq.corp_actions ca
            JOIN ivol.root_property rp
                ON (
                    rp.stock_id=ca.stock_id
                )
            WHERE (ca.ex_date='2024-07-25 00:00:00' OR ca.ex_date='2024-07-26 00:00:00')
                AND ca.action_type='rn'
                AND rp.action_type='RootRn'
                AND rp.t_date='2024-07-26 00:00:00'
                AND ca.stock_id IN (627);
        
[2026-08-24 09:18:02,520] [merqutil.db] [INFO] [56923] 1 rows selected in 0.013978082919493318 s
[2026-08-24 09:18:02,522] [merq.merq_platform.api.components.computation_pipeline.level_computers.standard_level_computer] [DEBUG] [56923] Equities contribution to index level: 988.7972672678188
[2026-08-24 09:18:02,522] [merq.merq_platform.api.components.computation_pipeline.level_computers.standard_level_computer] [DEBUG] [56923] Options contribution to index level: -9.200932948889772
[2026-08-24 09:18:02,522] [merq.merq_platform.api.components.computation_pipeline.level_computers.standard_level_computer] [DEBUG] [56923] Cash contribution to index level: 16.20723219040974
[2026-08-24 09:18:02,523] [merq.merq_platform.api.components.computation_pipeline.level_computers.standard_level_computer] [DEBUG] [56923] Equities contribution to index level: 999.8714440506145
[2026-08-24 09:18:02,523] [merq.merq_platform.api.components.computation_pipeline.level_computers.standard_level_computer] [DEBUG] [56923] Options contribution to index level: -11.514940037832162
[2026-08-24 09:18:02,523] [merq.merq_platform.api.components.computation_pipeline.level_computers.standard_level_computer] [DEBUG] [56923] Cash contribution to index level: 16.20723219040974
[2026-08-24 09:18:02,523] [merq.merq_platform.api.indices.multi_asset.multi_asset_base_index] [INFO] [56923] Computed index level for 2024-07-26 00:00:00 as 1004.5637362031921
[2026-08-24 09:18:02,524] [merq.merq_platform.api.components.computation_pipeline.level_computers.standard_level_computer] [DEBUG] [56923] Equities contribution to index level: 999.8714440506145
[2026-08-24 09:18:02,524] [merq.merq_platform.api.components.computation_pipeline.level_computers.standard_level_computer] [DEBUG] [56923] Options contribution to index level: -11.514940037832162
[2026-08-24 09:18:02,524] [merq.merq_platform.api.components.computation_pipeline.level_computers.standard_level_computer] [DEBUG] [56923] Cash contribution to index level: 16.20723219040974
[2026-08-24 09:18:02,537] [merq.merq_platform.api.indices.multi_asset.multi_asset_base_index] [DEBUG] [56923] Loaded in portfolio for date 2024-07-26 00:00:00
[2026-08-24 09:18:02,538] [merq.merq_platform.api.components.computation_pipeline.corax_loaders.index_corporate_actions_loader] [DEBUG] [56923] Loading corporate actions for el merq ids in unknown from 2024-07-27 00:00:00 to 2024-07-29 00:00:00...
[2026-08-24 09:18:02,538] [merq.merq_platform.api.components.computation_pipeline.corax_loaders.index_corporate_actions_loader] [DEBUG] [56923] Loading corporate actions for op merq ids in unknown from 2024-07-27 00:00:00 to 2024-07-29 00:00:00...
[2026-08-24 09:18:02,538] [merq.merq_platform.impl.services.options.ivol_reference_data_provider] [DEBUG] [56923] Getting underlying for 1 option contracts on eff_date: 2024-07-26 00:00:00
[2026-08-24 09:18:02,539] [merqutil.db] [DEBUG] [56923] : running sql

            SELECT
                rp.symbol, e.mic
            FROM ivol.root_property rp
            JOIN ivol.exchange e
                ON e.exchange_id = rp.exchange_id
            JOIN ivol.stock s
                ON s.stock_id = rp.stock_id
            WHERE rp.symbol in ('SPY')
                AND rp.t_date <= '2024-07-26 00:00:00' AND rp.term_date >= '2024-07-26 00:00:00'
                AND s.region_id = 1;
        
[2026-08-24 09:18:02,552] [merqutil.db] [INFO] [56923] 1 rows selected in 0.013058624928817153 s
[2026-08-24 09:18:02,618] [merq.merq_platform.impl.services.options.ivol_utils] [DEBUG] [56923] Created temp table temp_option_contract_keys with index
[2026-08-24 09:18:02,618] [merq.merq_platform.impl.services.options.ivol_utils] [DEBUG] [56923] Populating temp table with 1 option keys
[2026-08-24 09:18:02,660] [merq.merq_platform.impl.services.options.ivol_utils] [DEBUG] [56923] Inserted 1 keys into temp table in 1 batches
[2026-08-24 09:18:02,735] [merqutil.db] [DEBUG] [56923] materializing option contracts: : running sql
CREATE TEMP TABLE temp_option_contracts AS 
        SELECT
            ov.t_date,
            ov.expiration_date, ov.call_put, ov.strike, ov.root, e.mic,
            ov.stock_id, ov.root_id
        FROM ivol.option_value ov
        JOIN ivol.root_property rp
            ON rp.root_id = ov.root_id
            AND '2024-07-26 00:00:00' BETWEEN rp.t_date AND rp.term_date
        JOIN ivol.exchange e
            ON e.exchange_id = rp.exchange_id
        JOIN temp_option_contract_keys tok
            ON ov.expiration_date = tok.expiration_date
            AND ov.call_put = tok.call_put
            AND ov.strike = tok.strike
            AND ov.root = tok.root
            AND e.mic = tok.mic
        WHERE ov.t_date = '2024-07-26 00:00:00'
        UNION ALL
        SELECT
            ovn.t_date,
            ovn.expiration_date, ovn.call_put, ovn.strike, ovn.root, e.mic,
            ovn.stock_id, ovn.root_id
        FROM ivol.option_value_ns ovn
        JOIN ivol.root_property rp
            ON rp.root_id = ovn.root_id
            AND '2024-07-26 00:00:00' BETWEEN rp.t_date AND rp.term_date
        JOIN ivol.exchange e
            ON e.exchange_id = rp.exchange_id
        JOIN temp_option_contract_keys tok
            ON ovn.expiration_date = tok.expiration_date
            AND ovn.call_put = tok.call_put
            AND ovn.strike = tok.strike
            AND ovn.root = tok.root
            AND e.mic = tok.mic
        WHERE ovn.t_date = '2024-07-26 00:00:00'
    
[2026-08-24 09:18:02,810] [merqutil.db] [INFO] [56923] materializing option contracts: 1 rows created in 0.07457208284176886 s
[2026-08-24 09:18:02,914] [merqutil.db] [DEBUG] [56923] : running sql

            SELECT
                ov.root, ov.expiration_date, ov.call_put, ov.strike, ov.mic,
                replace(ss.symbol, '/', '.') as symbol
            FROM temp_option_contracts ov
            JOIN ivol.stock_symbol ss
                ON (ss.stock_id = ov.stock_id
                    AND '2024-07-26 00:00:00' BETWEEN ss.t_date AND ss.term_date
                    AND ss.symbol not like '%%%%7' -- Exclude mini options
                )
            JOIN ivol.stock s
                ON (ss.stock_id = s.stock_id)
            WHERE
                s.type IN ('S', 'F')
        
[2026-08-24 09:18:02,939] [merqutil.db] [INFO] [56923] 1 rows selected in 0.02440095809288323 s
[2026-08-24 09:18:02,940] [merqutil.db] [DEBUG] [56923] : running sql

            SELECT
                rp.symbol, e.mic
            FROM ivol.root_property rp
            JOIN ivol.exchange e
                ON e.exchange_id = rp.exchange_id
            JOIN ivol.stock s
                ON s.stock_id = rp.stock_id
            WHERE rp.symbol in ('SPY')
                AND rp.t_date <= '2024-07-26 00:00:00' AND rp.term_date >= '2024-07-26 00:00:00'
                AND s.region_id = 1;
        
[2026-08-24 09:18:02,954] [merqutil.db] [INFO] [56923] 1 rows selected in 0.014001334086060524 s
[2026-08-24 09:18:03,027] [merq.merq_platform.impl.services.options.ivol_utils] [DEBUG] [56923] Created temp table temp_option_contract_keys with index
[2026-08-24 09:18:03,028] [merq.merq_platform.impl.services.options.ivol_utils] [DEBUG] [56923] Populating temp table with 1 option keys
[2026-08-24 09:18:03,067] [merq.merq_platform.impl.services.options.ivol_utils] [DEBUG] [56923] Inserted 1 keys into temp table in 1 batches
[2026-08-24 09:18:03,109] [merqutil.db] [DEBUG] [56923] materializing option contracts: : running sql
CREATE TEMP TABLE temp_option_contracts AS 
        SELECT
            ov.t_date,
            ov.expiration_date, ov.call_put, ov.strike, ov.root, e.mic,
            ov.stock_id, ov.root_id
        FROM ivol.option_value ov
        JOIN ivol.root_property rp
            ON rp.root_id = ov.root_id
            AND '2024-07-26 00:00:00' BETWEEN rp.t_date AND rp.term_date
        JOIN ivol.exchange e
            ON e.exchange_id = rp.exchange_id
        JOIN temp_option_contract_keys tok
            ON ov.expiration_date = tok.expiration_date
            AND ov.call_put = tok.call_put
            AND ov.strike = tok.strike
            AND ov.root = tok.root
            AND e.mic = tok.mic
        WHERE ov.t_date = '2024-07-26 00:00:00'
        UNION ALL
        SELECT
            ovn.t_date,
            ovn.expiration_date, ovn.call_put, ovn.strike, ovn.root, e.mic,
            ovn.stock_id, ovn.root_id
        FROM ivol.option_value_ns ovn
        JOIN ivol.root_property rp
            ON rp.root_id = ovn.root_id
            AND '2024-07-26 00:00:00' BETWEEN rp.t_date AND rp.term_date
        JOIN ivol.exchange e
            ON e.exchange_id = rp.exchange_id
        JOIN temp_option_contract_keys tok
            ON ovn.expiration_date = tok.expiration_date
            AND ovn.call_put = tok.call_put
            AND ovn.strike = tok.strike
            AND ovn.root = tok.root
            AND e.mic = tok.mic
        WHERE ovn.t_date = '2024-07-26 00:00:00'
    
[2026-08-24 09:18:03,152] [merqutil.db] [INFO] [56923] materializing option contracts: 1 rows created in 0.04258270817808807 s
[2026-08-24 09:18:03,244] [merqutil.db] [DEBUG] [56923] : running sql

            SELECT
                ov.root, ov.expiration_date, ov.call_put, ov.strike, ov.mic,
                replace(ss.symbol, '/', '.') as symbol
            FROM temp_option_contracts ov
            JOIN ivol.stock_symbol ss
                ON (ss.stock_id = ov.stock_id
                    AND '2024-07-26 00:00:00' BETWEEN ss.t_date AND ss.term_date
                    AND ss.symbol not like '%%%%7' -- Exclude mini options
                )
            JOIN ivol.stock s
                ON (ss.stock_id = s.stock_id)
            WHERE
                s.type IN ('I')
        
[2026-08-24 09:18:03,269] [merqutil.db] [INFO] [56923] 0 rows selected in 0.025144915794953704 s
[2026-08-24 09:18:03,270] [merq.merq_platform.impl.services.options.ivol_utils] [DEBUG] [56923] Getting external id for <class 'merq.merq_platform.api.components.identifiers.merq_equity_id.MerqEquityListingId'> with 1 ids.
[2026-08-24 09:18:03,270] [merqutil.db] [DEBUG] [56923] : running sql

        SELECT
            REPLACE(ss.symbol, '/', '.') AS symbol,
            s.region_id,
            e.mic
        FROM ivol.stock_symbol ss
        JOIN ivol.stock s
            ON s.stock_id = ss.stock_id
        LEFT JOIN ivol.exchange e
            ON e.exchange_id = ss.exchange_id
        WHERE (replace(ss.symbol, '/', '.'), s.region_id) in (('SPY', 1)) AND
            '2024-07-29 00:00:00' between ss.t_date and ss.term_date
    
[2026-08-24 09:18:03,292] [merqutil.db] [INFO] [56923] 1 rows selected in 0.021422083023935556 s
[2026-08-24 09:18:03,292] [merq.merq_platform.impl.services.options.ivol_utils] [DEBUG] [56923] Getting stock ids for 1 merq_ids, effective date: 2024-07-29 00:00:00.
[2026-08-24 09:18:03,293] [merqutil.db] [DEBUG] [56923] : running sql

        SELECT
            MAX(ss.stock_id) AS stock_id,
            REPLACE(ss.symbol, '/', '.') AS symbol,
            e.mic
        FROM ivol.stock_symbol ss
        LEFT JOIN ivol.exchange e
            ON e.exchange_id = ss.exchange_id
        WHERE
            (REPLACE(ss.symbol, '/', '.'), COALESCE(e.mic, 'NA')) IN (('SPY', 'ARCX')) AND
            '2024-07-29 00:00:00' BETWEEN ss.t_date AND ss.term_date
        GROUP BY ss.symbol, e.mic
        HAVING COUNT(DISTINCT ss.stock_id) = 1
    
[2026-08-24 09:18:03,311] [merqutil.db] [INFO] [56923] 1 rows selected in 0.01852395897731185 s
[2026-08-24 09:18:03,311] [merq.merq_platform.impl.services.options.ivol_utils] [DEBUG] [56923] Found 1 symbol, mic pairs mapping to stock ids.
[2026-08-24 09:18:03,312] [merqutil.db] [DEBUG] [56923] : running sql

            SELECT ca.ex_date, ca.action_type, ca.stock_id
            FROM merq.corp_actions ca
            WHERE ca.ex_date = '2024-07-29 00:00:00' AND
                ca.action_type in ('dvd', 'spl', 'sdvd', 'sp', 'distr', 'rts') AND
                ca.stock_id in (627)
        
[2026-08-24 09:18:03,325] [merqutil.db] [INFO] [56923] 0 rows selected in 0.013385999947786331 s
[2026-08-24 09:18:03,325] [merqutil.db] [DEBUG] [56923] : running sql

        SELECT d.stock_id, d.last_dvd_date, d.last_dvd_amount, d.real_last_dvd_amount, d.dvd_ccy
        FROM ivol.dividend d
        WHERE d.last_dvd_date = '2024-07-29 00:00:00' AND
            d.stock_id in (627)
        
[2026-08-24 09:18:03,340] [merqutil.db] [INFO] [56923] 0 rows selected in 0.014072166057303548 s
[2026-08-24 09:18:03,340] [merqutil.db] [DEBUG] [56923] : running sql

            SELECT COUNT(*)
            FROM merq.corp_actions ca
            JOIN ivol.root_property rp
                ON (
                    rp.stock_id=ca.stock_id
                )
            WHERE (ca.ex_date='2024-07-26 00:00:00' OR ca.ex_date='2024-07-29 00:00:00')
                AND ca.action_type='rn'
                AND rp.action_type='RootRn'
                AND rp.t_date='2024-07-29 00:00:00'
                AND ca.stock_id IN (627);
        
[2026-08-24 09:18:03,358] [merqutil.db] [INFO] [56923] 1 rows selected in 0.01755641703493893 s
[2026-08-24 09:18:03,360] [merq.merq_platform.api.components.computation_pipeline.level_computers.standard_level_computer] [DEBUG] [56923] Equities contribution to index level: 999.8714440506145
[2026-08-24 09:18:03,360] [merq.merq_platform.api.components.computation_pipeline.level_computers.standard_level_computer] [DEBUG] [56923] Options contribution to index level: -11.514940037832162
[2026-08-24 09:18:03,360] [merq.merq_platform.api.components.computation_pipeline.level_computers.standard_level_computer] [DEBUG] [56923] Cash contribution to index level: 16.20723219040974
[2026-08-24 09:18:03,360] [merq.merq_platform.api.components.computation_pipeline.level_computers.standard_level_computer] [DEBUG] [56923] Equities contribution to index level: 1000.4591283906632
[2026-08-24 09:18:03,361] [merq.merq_platform.api.components.computation_pipeline.level_computers.standard_level_computer] [DEBUG] [56923] Options contribution to index level: -11.514940037832162
[2026-08-24 09:18:03,361] [merq.merq_platform.api.components.computation_pipeline.level_computers.standard_level_computer] [DEBUG] [56923] Cash contribution to index level: 16.20723219040974
[2026-08-24 09:18:03,361] [merq.merq_platform.api.indices.multi_asset.multi_asset_base_index] [INFO] [56923] Computed index level for 2024-07-29 00:00:00 as 1005.1514205432408
[2026-08-24 09:18:03,361] [merq.merq_platform.api.components.computation_pipeline.level_computers.standard_level_computer] [DEBUG] [56923] Equities contribution to index level: 1000.4591283906632
[2026-08-24 09:18:03,361] [merq.merq_platform.api.components.computation_pipeline.level_computers.standard_level_computer] [DEBUG] [56923] Options contribution to index level: -11.514940037832162
[2026-08-24 09:18:03,361] [merq.merq_platform.api.components.computation_pipeline.level_computers.standard_level_computer] [DEBUG] [56923] Cash contribution to index level: 16.20723219040974
[2026-08-24 09:18:03,374] [merq.merq_platform.api.indices.multi_asset.multi_asset_base_index] [DEBUG] [56923] Loaded in portfolio for date 2024-07-29 00:00:00
[2026-08-24 09:18:03,374] [merq.merq_platform.api.components.computation_pipeline.corax_loaders.index_corporate_actions_loader] [DEBUG] [56923] Loading corporate actions for el merq ids in unknown from 2024-07-30 00:00:00 to 2024-07-30 00:00:00...
[2026-08-24 09:18:03,374] [merq.merq_platform.api.components.computation_pipeline.corax_loaders.index_corporate_actions_loader] [DEBUG] [56923] Loading corporate actions for op merq ids in unknown from 2024-07-30 00:00:00 to 2024-07-30 00:00:00...
[2026-08-24 09:18:03,374] [merq.merq_platform.impl.services.options.ivol_reference_data_provider] [DEBUG] [56923] Getting underlying for 1 option contracts on eff_date: 2024-07-29 00:00:00
[2026-08-24 09:18:03,375] [merqutil.db] [DEBUG] [56923] : running sql

            SELECT
                rp.symbol, e.mic
            FROM ivol.root_property rp
            JOIN ivol.exchange e
                ON e.exchange_id = rp.exchange_id
            JOIN ivol.stock s
                ON s.stock_id = rp.stock_id
            WHERE rp.symbol in ('SPY')
                AND rp.t_date <= '2024-07-29 00:00:00' AND rp.term_date >= '2024-07-29 00:00:00'
                AND s.region_id = 1;
        
[2026-08-24 09:18:03,387] [merqutil.db] [INFO] [56923] 1 rows selected in 0.012687666108831763 s
[2026-08-24 09:18:03,504] [merq.merq_platform.impl.services.options.ivol_utils] [DEBUG] [56923] Created temp table temp_option_contract_keys with index
[2026-08-24 09:18:03,505] [merq.merq_platform.impl.services.options.ivol_utils] [DEBUG] [56923] Populating temp table with 1 option keys
[2026-08-24 09:18:03,543] [merq.merq_platform.impl.services.options.ivol_utils] [DEBUG] [56923] Inserted 1 keys into temp table in 1 batches
[2026-08-24 09:18:03,583] [merqutil.db] [DEBUG] [56923] materializing option contracts: : running sql
CREATE TEMP TABLE temp_option_contracts AS 
        SELECT
            ov.t_date,
            ov.expiration_date, ov.call_put, ov.strike, ov.root, e.mic,
            ov.stock_id, ov.root_id
        FROM ivol.option_value ov
        JOIN ivol.root_property rp
            ON rp.root_id = ov.root_id
            AND '2024-07-29 00:00:00' BETWEEN rp.t_date AND rp.term_date
        JOIN ivol.exchange e
            ON e.exchange_id = rp.exchange_id
        JOIN temp_option_contract_keys tok
            ON ov.expiration_date = tok.expiration_date
            AND ov.call_put = tok.call_put
            AND ov.strike = tok.strike
            AND ov.root = tok.root
            AND e.mic = tok.mic
        WHERE ov.t_date = '2024-07-29 00:00:00'
        UNION ALL
        SELECT
            ovn.t_date,
            ovn.expiration_date, ovn.call_put, ovn.strike, ovn.root, e.mic,
            ovn.stock_id, ovn.root_id
        FROM ivol.option_value_ns ovn
        JOIN ivol.root_property rp
            ON rp.root_id = ovn.root_id
            AND '2024-07-29 00:00:00' BETWEEN rp.t_date AND rp.term_date
        JOIN ivol.exchange e
            ON e.exchange_id = rp.exchange_id
        JOIN temp_option_contract_keys tok
            ON ovn.expiration_date = tok.expiration_date
            AND ovn.call_put = tok.call_put
            AND ovn.strike = tok.strike
            AND ovn.root = tok.root
            AND e.mic = tok.mic
        WHERE ovn.t_date = '2024-07-29 00:00:00'
    
[2026-08-24 09:18:03,624] [merqutil.db] [INFO] [56923] materializing option contracts: 1 rows created in 0.04075937485322356 s
[2026-08-24 09:18:03,703] [merqutil.db] [DEBUG] [56923] : running sql

            SELECT
                ov.root, ov.expiration_date, ov.call_put, ov.strike, ov.mic,
                replace(ss.symbol, '/', '.') as symbol
            FROM temp_option_contracts ov
            JOIN ivol.stock_symbol ss
                ON (ss.stock_id = ov.stock_id
                    AND '2024-07-29 00:00:00' BETWEEN ss.t_date AND ss.term_date
                    AND ss.symbol not like '%%%%7' -- Exclude mini options
                )
            JOIN ivol.stock s
                ON (ss.stock_id = s.stock_id)
            WHERE
                s.type IN ('S', 'F')
        
[2026-08-24 09:18:03,730] [merqutil.db] [INFO] [56923] 1 rows selected in 0.027600625064224005 s
[2026-08-24 09:18:03,731] [merqutil.db] [DEBUG] [56923] : running sql

            SELECT
                rp.symbol, e.mic
            FROM ivol.root_property rp
            JOIN ivol.exchange e
                ON e.exchange_id = rp.exchange_id
            JOIN ivol.stock s
                ON s.stock_id = rp.stock_id
            WHERE rp.symbol in ('SPY')
                AND rp.t_date <= '2024-07-29 00:00:00' AND rp.term_date >= '2024-07-29 00:00:00'
                AND s.region_id = 1;
        
[2026-08-24 09:18:03,747] [merqutil.db] [INFO] [56923] 1 rows selected in 0.01521079195663333 s
[2026-08-24 09:18:03,817] [merq.merq_platform.impl.services.options.ivol_utils] [DEBUG] [56923] Created temp table temp_option_contract_keys with index
[2026-08-24 09:18:03,817] [merq.merq_platform.impl.services.options.ivol_utils] [DEBUG] [56923] Populating temp table with 1 option keys
[2026-08-24 09:18:03,858] [merq.merq_platform.impl.services.options.ivol_utils] [DEBUG] [56923] Inserted 1 keys into temp table in 1 batches
[2026-08-24 09:18:03,900] [merqutil.db] [DEBUG] [56923] materializing option contracts: : running sql
CREATE TEMP TABLE temp_option_contracts AS 
        SELECT
            ov.t_date,
            ov.expiration_date, ov.call_put, ov.strike, ov.root, e.mic,
            ov.stock_id, ov.root_id
        FROM ivol.option_value ov
        JOIN ivol.root_property rp
            ON rp.root_id = ov.root_id
            AND '2024-07-29 00:00:00' BETWEEN rp.t_date AND rp.term_date
        JOIN ivol.exchange e
            ON e.exchange_id = rp.exchange_id
        JOIN temp_option_contract_keys tok
            ON ov.expiration_date = tok.expiration_date
            AND ov.call_put = tok.call_put
            AND ov.strike = tok.strike
            AND ov.root = tok.root
            AND e.mic = tok.mic
        WHERE ov.t_date = '2024-07-29 00:00:00'
        UNION ALL
        SELECT
            ovn.t_date,
            ovn.expiration_date, ovn.call_put, ovn.strike, ovn.root, e.mic,
            ovn.stock_id, ovn.root_id
        FROM ivol.option_value_ns ovn
        JOIN ivol.root_property rp
            ON rp.root_id = ovn.root_id
            AND '2024-07-29 00:00:00' BETWEEN rp.t_date AND rp.term_date
        JOIN ivol.exchange e
            ON e.exchange_id = rp.exchange_id
        JOIN temp_option_contract_keys tok
            ON ovn.expiration_date = tok.expiration_date
            AND ovn.call_put = tok.call_put
            AND ovn.strike = tok.strike
            AND ovn.root = tok.root
            AND e.mic = tok.mic
        WHERE ovn.t_date = '2024-07-29 00:00:00'
    
[2026-08-24 09:18:03,941] [merqutil.db] [INFO] [56923] materializing option contracts: 1 rows created in 0.04125049989670515 s
[2026-08-24 09:18:04,021] [merqutil.db] [DEBUG] [56923] : running sql

            SELECT
                ov.root, ov.expiration_date, ov.call_put, ov.strike, ov.mic,
                replace(ss.symbol, '/', '.') as symbol
            FROM temp_option_contracts ov
            JOIN ivol.stock_symbol ss
                ON (ss.stock_id = ov.stock_id
                    AND '2024-07-29 00:00:00' BETWEEN ss.t_date AND ss.term_date
                    AND ss.symbol not like '%%%%7' -- Exclude mini options
                )
            JOIN ivol.stock s
                ON (ss.stock_id = s.stock_id)
            WHERE
                s.type IN ('I')
        
[2026-08-24 09:18:04,047] [merqutil.db] [INFO] [56923] 0 rows selected in 0.025461416924372315 s
[2026-08-24 09:18:04,047] [merq.merq_platform.impl.services.options.ivol_utils] [DEBUG] [56923] Getting external id for <class 'merq.merq_platform.api.components.identifiers.merq_equity_id.MerqEquityListingId'> with 1 ids.
[2026-08-24 09:18:04,047] [merqutil.db] [DEBUG] [56923] : running sql

        SELECT
            REPLACE(ss.symbol, '/', '.') AS symbol,
            s.region_id,
            e.mic
        FROM ivol.stock_symbol ss
        JOIN ivol.stock s
            ON s.stock_id = ss.stock_id
        LEFT JOIN ivol.exchange e
            ON e.exchange_id = ss.exchange_id
        WHERE (replace(ss.symbol, '/', '.'), s.region_id) in (('SPY', 1)) AND
            '2024-07-30 00:00:00' between ss.t_date and ss.term_date
    
[2026-08-24 09:18:04,064] [merqutil.db] [INFO] [56923] 1 rows selected in 0.016306249890476465 s
[2026-08-24 09:18:04,064] [merq.merq_platform.impl.services.options.ivol_utils] [DEBUG] [56923] Getting stock ids for 1 merq_ids, effective date: 2024-07-30 00:00:00.
[2026-08-24 09:18:04,064] [merqutil.db] [DEBUG] [56923] : running sql

        SELECT
            MAX(ss.stock_id) AS stock_id,
            REPLACE(ss.symbol, '/', '.') AS symbol,
            e.mic
        FROM ivol.stock_symbol ss
        LEFT JOIN ivol.exchange e
            ON e.exchange_id = ss.exchange_id
        WHERE
            (REPLACE(ss.symbol, '/', '.'), COALESCE(e.mic, 'NA')) IN (('SPY', 'ARCX')) AND
            '2024-07-30 00:00:00' BETWEEN ss.t_date AND ss.term_date
        GROUP BY ss.symbol, e.mic
        HAVING COUNT(DISTINCT ss.stock_id) = 1
    
[2026-08-24 09:18:04,081] [merqutil.db] [INFO] [56923] 1 rows selected in 0.01680174982175231 s
[2026-08-24 09:18:04,081] [merq.merq_platform.impl.services.options.ivol_utils] [DEBUG] [56923] Found 1 symbol, mic pairs mapping to stock ids.
[2026-08-24 09:18:04,081] [merqutil.db] [DEBUG] [56923] : running sql

            SELECT ca.ex_date, ca.action_type, ca.stock_id
            FROM merq.corp_actions ca
            WHERE ca.ex_date = '2024-07-30 00:00:00' AND
                ca.action_type in ('dvd', 'spl', 'sdvd', 'sp', 'distr', 'rts') AND
                ca.stock_id in (627)
        
[2026-08-24 09:18:04,095] [merqutil.db] [INFO] [56923] 0 rows selected in 0.013372916961088777 s
[2026-08-24 09:18:04,095] [merqutil.db] [DEBUG] [56923] : running sql

        SELECT d.stock_id, d.last_dvd_date, d.last_dvd_amount, d.real_last_dvd_amount, d.dvd_ccy
        FROM ivol.dividend d
        WHERE d.last_dvd_date = '2024-07-30 00:00:00' AND
            d.stock_id in (627)
        
[2026-08-24 09:18:04,108] [merqutil.db] [INFO] [56923] 0 rows selected in 0.012348333140835166 s
[2026-08-24 09:18:04,108] [merqutil.db] [DEBUG] [56923] : running sql

            SELECT COUNT(*)
            FROM merq.corp_actions ca
            JOIN ivol.root_property rp
                ON (
                    rp.stock_id=ca.stock_id
                )
            WHERE (ca.ex_date='2024-07-29 00:00:00' OR ca.ex_date='2024-07-30 00:00:00')
                AND ca.action_type='rn'
                AND rp.action_type='RootRn'
                AND rp.t_date='2024-07-30 00:00:00'
                AND ca.stock_id IN (627);
        
[2026-08-24 09:18:04,122] [merqutil.db] [INFO] [56923] 1 rows selected in 0.013514582999050617 s
[2026-08-24 09:18:04,123] [merq.merq_platform.api.components.computation_pipeline.level_computers.standard_level_computer] [DEBUG] [56923] Equities contribution to index level: 1000.4591283906632
[2026-08-24 09:18:04,123] [merq.merq_platform.api.components.computation_pipeline.level_computers.standard_level_computer] [DEBUG] [56923] Options contribution to index level: -11.514940037832162
[2026-08-24 09:18:04,123] [merq.merq_platform.api.components.computation_pipeline.level_computers.standard_level_computer] [DEBUG] [56923] Cash contribution to index level: 16.20723219040974
[2026-08-24 09:18:04,125] [merq.merq_platform.api.components.computation_pipeline.level_computers.standard_level_computer] [DEBUG] [56923] Equities contribution to index level: 995.3903509577419
[2026-08-24 09:18:04,125] [merq.merq_platform.api.components.computation_pipeline.level_computers.standard_level_computer] [DEBUG] [56923] Options contribution to index level: -9.926355806137622
[2026-08-24 09:18:04,125] [merq.merq_platform.api.components.computation_pipeline.level_computers.standard_level_computer] [DEBUG] [56923] Cash contribution to index level: 16.20723219040974
[2026-08-24 09:18:04,125] [merq.merq_platform.api.indices.multi_asset.multi_asset_base_index] [INFO] [56923] Computed index level for 2024-07-30 00:00:00 as 1001.671227342014
[2026-08-24 09:18:04,126] [merq.merq_platform.api.components.computation_pipeline.level_computers.standard_level_computer] [DEBUG] [56923] Equities contribution to index level: 995.3903509577419
[2026-08-24 09:18:04,126] [merq.merq_platform.api.components.computation_pipeline.level_computers.standard_level_computer] [DEBUG] [56923] Options contribution to index level: -9.926355806137622
[2026-08-24 09:18:04,126] [merq.merq_platform.api.components.computation_pipeline.level_computers.standard_level_computer] [DEBUG] [56923] Cash contribution to index level: 16.20723219040974
[2026-08-24 09:18:04,137] [merq.merq_platform.api.indices.multi_asset.multi_asset_base_index] [DEBUG] [56923] Loaded in portfolio for date 2024-07-30 00:00:00
[2026-08-24 09:18:04,137] [merq.merq_platform.api.components.computation_pipeline.corax_loaders.index_corporate_actions_loader] [DEBUG] [56923] Loading corporate actions for el merq ids in unknown from 2024-07-31 00:00:00 to 2024-07-31 00:00:00...
[2026-08-24 09:18:04,137] [merq.merq_platform.api.components.computation_pipeline.corax_loaders.index_corporate_actions_loader] [DEBUG] [56923] Loading corporate actions for op merq ids in unknown from 2024-07-31 00:00:00 to 2024-07-31 00:00:00...
[2026-08-24 09:18:04,137] [merq.merq_platform.impl.services.options.ivol_reference_data_provider] [DEBUG] [56923] Getting underlying for 1 option contracts on eff_date: 2024-07-30 00:00:00
[2026-08-24 09:18:04,138] [merqutil.db] [DEBUG] [56923] : running sql

            SELECT
                rp.symbol, e.mic
            FROM ivol.root_property rp
            JOIN ivol.exchange e
                ON e.exchange_id = rp.exchange_id
            JOIN ivol.stock s
                ON s.stock_id = rp.stock_id
            WHERE rp.symbol in ('SPY')
                AND rp.t_date <= '2024-07-30 00:00:00' AND rp.term_date >= '2024-07-30 00:00:00'
                AND s.region_id = 1;
        
[2026-08-24 09:18:04,150] [merqutil.db] [INFO] [56923] 1 rows selected in 0.012293916894122958 s
[2026-08-24 09:18:04,218] [merq.merq_platform.impl.services.options.ivol_utils] [DEBUG] [56923] Created temp table temp_option_contract_keys with index
[2026-08-24 09:18:04,218] [merq.merq_platform.impl.services.options.ivol_utils] [DEBUG] [56923] Populating temp table with 1 option keys
[2026-08-24 09:18:04,255] [merq.merq_platform.impl.services.options.ivol_utils] [DEBUG] [56923] Inserted 1 keys into temp table in 1 batches
[2026-08-24 09:18:04,296] [merqutil.db] [DEBUG] [56923] materializing option contracts: : running sql
CREATE TEMP TABLE temp_option_contracts AS 
        SELECT
            ov.t_date,
            ov.expiration_date, ov.call_put, ov.strike, ov.root, e.mic,
            ov.stock_id, ov.root_id
        FROM ivol.option_value ov
        JOIN ivol.root_property rp
            ON rp.root_id = ov.root_id
            AND '2024-07-30 00:00:00' BETWEEN rp.t_date AND rp.term_date
        JOIN ivol.exchange e
            ON e.exchange_id = rp.exchange_id
        JOIN temp_option_contract_keys tok
            ON ov.expiration_date = tok.expiration_date
            AND ov.call_put = tok.call_put
            AND ov.strike = tok.strike
            AND ov.root = tok.root
            AND e.mic = tok.mic
        WHERE ov.t_date = '2024-07-30 00:00:00'
        UNION ALL
        SELECT
            ovn.t_date,
            ovn.expiration_date, ovn.call_put, ovn.strike, ovn.root, e.mic,
            ovn.stock_id, ovn.root_id
        FROM ivol.option_value_ns ovn
        JOIN ivol.root_property rp
            ON rp.root_id = ovn.root_id
            AND '2024-07-30 00:00:00' BETWEEN rp.t_date AND rp.term_date
        JOIN ivol.exchange e
            ON e.exchange_id = rp.exchange_id
        JOIN temp_option_contract_keys tok
            ON ovn.expiration_date = tok.expiration_date
            AND ovn.call_put = tok.call_put
            AND ovn.strike = tok.strike
            AND ovn.root = tok.root
            AND e.mic = tok.mic
        WHERE ovn.t_date = '2024-07-30 00:00:00'
    
[2026-08-24 09:18:04,338] [merqutil.db] [INFO] [56923] materializing option contracts: 1 rows created in 0.041474500205367804 s
[2026-08-24 09:18:04,419] [merqutil.db] [DEBUG] [56923] : running sql

            SELECT
                ov.root, ov.expiration_date, ov.call_put, ov.strike, ov.mic,
                replace(ss.symbol, '/', '.') as symbol
            FROM temp_option_contracts ov
            JOIN ivol.stock_symbol ss
                ON (ss.stock_id = ov.stock_id
                    AND '2024-07-30 00:00:00' BETWEEN ss.t_date AND ss.term_date
                    AND ss.symbol not like '%%%%7' -- Exclude mini options
                )
            JOIN ivol.stock s
                ON (ss.stock_id = s.stock_id)
            WHERE
                s.type IN ('S', 'F')
        
[2026-08-24 09:18:04,445] [merqutil.db] [INFO] [56923] 1 rows selected in 0.02622316707856953 s
[2026-08-24 09:18:04,446] [merqutil.db] [DEBUG] [56923] : running sql

            SELECT
                rp.symbol, e.mic
            FROM ivol.root_property rp
            JOIN ivol.exchange e
                ON e.exchange_id = rp.exchange_id
            JOIN ivol.stock s
                ON s.stock_id = rp.stock_id
            WHERE rp.symbol in ('SPY')
                AND rp.t_date <= '2024-07-30 00:00:00' AND rp.term_date >= '2024-07-30 00:00:00'
                AND s.region_id = 1;
        
[2026-08-24 09:18:04,460] [merqutil.db] [INFO] [56923] 1 rows selected in 0.013915457995608449 s
[2026-08-24 09:18:04,529] [merq.merq_platform.impl.services.options.ivol_utils] [DEBUG] [56923] Created temp table temp_option_contract_keys with index
[2026-08-24 09:18:04,529] [merq.merq_platform.impl.services.options.ivol_utils] [DEBUG] [56923] Populating temp table with 1 option keys
[2026-08-24 09:18:04,567] [merq.merq_platform.impl.services.options.ivol_utils] [DEBUG] [56923] Inserted 1 keys into temp table in 1 batches
[2026-08-24 09:18:04,607] [merqutil.db] [DEBUG] [56923] materializing option contracts: : running sql
CREATE TEMP TABLE temp_option_contracts AS 
        SELECT
            ov.t_date,
            ov.expiration_date, ov.call_put, ov.strike, ov.root, e.mic,
            ov.stock_id, ov.root_id
        FROM ivol.option_value ov
        JOIN ivol.root_property rp
            ON rp.root_id = ov.root_id
            AND '2024-07-30 00:00:00' BETWEEN rp.t_date AND rp.term_date
        JOIN ivol.exchange e
            ON e.exchange_id = rp.exchange_id
        JOIN temp_option_contract_keys tok
            ON ov.expiration_date = tok.expiration_date
            AND ov.call_put = tok.call_put
            AND ov.strike = tok.strike
            AND ov.root = tok.root
            AND e.mic = tok.mic
        WHERE ov.t_date = '2024-07-30 00:00:00'
        UNION ALL
        SELECT
            ovn.t_date,
            ovn.expiration_date, ovn.call_put, ovn.strike, ovn.root, e.mic,
            ovn.stock_id, ovn.root_id
        FROM ivol.option_value_ns ovn
        JOIN ivol.root_property rp
            ON rp.root_id = ovn.root_id
            AND '2024-07-30 00:00:00' BETWEEN rp.t_date AND rp.term_date
        JOIN ivol.exchange e
            ON e.exchange_id = rp.exchange_id
        JOIN temp_option_contract_keys tok
            ON ovn.expiration_date = tok.expiration_date
            AND ovn.call_put = tok.call_put
            AND ovn.strike = tok.strike
            AND ovn.root = tok.root
            AND e.mic = tok.mic
        WHERE ovn.t_date = '2024-07-30 00:00:00'
    
[2026-08-24 09:18:04,652] [merqutil.db] [INFO] [56923] materializing option contracts: 1 rows created in 0.04521895805373788 s
[2026-08-24 09:18:04,732] [merqutil.db] [DEBUG] [56923] : running sql

            SELECT
                ov.root, ov.expiration_date, ov.call_put, ov.strike, ov.mic,
                replace(ss.symbol, '/', '.') as symbol
            FROM temp_option_contracts ov
            JOIN ivol.stock_symbol ss
                ON (ss.stock_id = ov.stock_id
                    AND '2024-07-30 00:00:00' BETWEEN ss.t_date AND ss.term_date
                    AND ss.symbol not like '%%%%7' -- Exclude mini options
                )
            JOIN ivol.stock s
                ON (ss.stock_id = s.stock_id)
            WHERE
                s.type IN ('I')
        
[2026-08-24 09:18:04,760] [merqutil.db] [INFO] [56923] 0 rows selected in 0.027215124806389213 s
[2026-08-24 09:18:04,760] [merq.merq_platform.impl.services.options.ivol_utils] [DEBUG] [56923] Getting external id for <class 'merq.merq_platform.api.components.identifiers.merq_equity_id.MerqEquityListingId'> with 1 ids.
[2026-08-24 09:18:04,760] [merqutil.db] [DEBUG] [56923] : running sql

        SELECT
            REPLACE(ss.symbol, '/', '.') AS symbol,
            s.region_id,
            e.mic
        FROM ivol.stock_symbol ss
        JOIN ivol.stock s
            ON s.stock_id = ss.stock_id
        LEFT JOIN ivol.exchange e
            ON e.exchange_id = ss.exchange_id
        WHERE (replace(ss.symbol, '/', '.'), s.region_id) in (('SPY', 1)) AND
            '2024-07-31 00:00:00' between ss.t_date and ss.term_date
    
[2026-08-24 09:18:04,778] [merqutil.db] [INFO] [56923] 1 rows selected in 0.01708750007674098 s
[2026-08-24 09:18:04,778] [merq.merq_platform.impl.services.options.ivol_utils] [DEBUG] [56923] Getting stock ids for 1 merq_ids, effective date: 2024-07-31 00:00:00.
[2026-08-24 09:18:04,778] [merqutil.db] [DEBUG] [56923] : running sql

        SELECT
            MAX(ss.stock_id) AS stock_id,
            REPLACE(ss.symbol, '/', '.') AS symbol,
            e.mic
        FROM ivol.stock_symbol ss
        LEFT JOIN ivol.exchange e
            ON e.exchange_id = ss.exchange_id
        WHERE
            (REPLACE(ss.symbol, '/', '.'), COALESCE(e.mic, 'NA')) IN (('SPY', 'ARCX')) AND
            '2024-07-31 00:00:00' BETWEEN ss.t_date AND ss.term_date
        GROUP BY ss.symbol, e.mic
        HAVING COUNT(DISTINCT ss.stock_id) = 1
    
[2026-08-24 09:18:04,795] [merqutil.db] [INFO] [56923] 1 rows selected in 0.016933583188802004 s
[2026-08-24 09:18:04,795] [merq.merq_platform.impl.services.options.ivol_utils] [DEBUG] [56923] Found 1 symbol, mic pairs mapping to stock ids.
[2026-08-24 09:18:04,795] [merqutil.db] [DEBUG] [56923] : running sql

            SELECT ca.ex_date, ca.action_type, ca.stock_id
            FROM merq.corp_actions ca
            WHERE ca.ex_date = '2024-07-31 00:00:00' AND
                ca.action_type in ('dvd', 'spl', 'sdvd', 'sp', 'distr', 'rts') AND
                ca.stock_id in (627)
        
[2026-08-24 09:18:04,809] [merqutil.db] [INFO] [56923] 0 rows selected in 0.013202124973759055 s
[2026-08-24 09:18:04,809] [merqutil.db] [DEBUG] [56923] : running sql

        SELECT d.stock_id, d.last_dvd_date, d.last_dvd_amount, d.real_last_dvd_amount, d.dvd_ccy
        FROM ivol.dividend d
        WHERE d.last_dvd_date = '2024-07-31 00:00:00' AND
            d.stock_id in (627)
        
[2026-08-24 09:18:04,822] [merqutil.db] [INFO] [56923] 0 rows selected in 0.01341150002554059 s
[2026-08-24 09:18:04,823] [merqutil.db] [DEBUG] [56923] : running sql

            SELECT COUNT(*)
            FROM merq.corp_actions ca
            JOIN ivol.root_property rp
                ON (
                    rp.stock_id=ca.stock_id
                )
            WHERE (ca.ex_date='2024-07-30 00:00:00' OR ca.ex_date='2024-07-31 00:00:00')
                AND ca.action_type='rn'
                AND rp.action_type='RootRn'
                AND rp.t_date='2024-07-31 00:00:00'
                AND ca.stock_id IN (627);
        
[2026-08-24 09:18:04,837] [merqutil.db] [INFO] [56923] 1 rows selected in 0.01351487496867776 s
[2026-08-24 09:18:04,839] [merq.merq_platform.api.components.computation_pipeline.level_computers.standard_level_computer] [DEBUG] [56923] Equities contribution to index level: 995.3903509577419
[2026-08-24 09:18:04,839] [merq.merq_platform.api.components.computation_pipeline.level_computers.standard_level_computer] [DEBUG] [56923] Options contribution to index level: -9.926355806137622
[2026-08-24 09:18:04,839] [merq.merq_platform.api.components.computation_pipeline.level_computers.standard_level_computer] [DEBUG] [56923] Cash contribution to index level: 16.20723219040974
[2026-08-24 09:18:04,840] [merq.merq_platform.api.components.computation_pipeline.level_computers.standard_level_computer] [DEBUG] [56923] Equities contribution to index level: 1011.5700354447117
[2026-08-24 09:18:04,840] [merq.merq_platform.api.components.computation_pipeline.level_computers.standard_level_computer] [DEBUG] [56923] Options contribution to index level: -15.445079061908928
[2026-08-24 09:18:04,840] [merq.merq_platform.api.components.computation_pipeline.level_computers.standard_level_computer] [DEBUG] [56923] Cash contribution to index level: 16.20723219040974
[2026-08-24 09:18:04,840] [merq.merq_platform.api.indices.multi_asset.multi_asset_base_index] [INFO] [56923] Computed index level for 2024-07-31 00:00:00 as 1012.3321885732125
[2026-08-24 09:18:04,841] [merq.merq_platform.api.components.computation_pipeline.level_computers.standard_level_computer] [DEBUG] [56923] Equities contribution to index level: 1011.5700354447117
[2026-08-24 09:18:04,841] [merq.merq_platform.api.components.computation_pipeline.level_computers.standard_level_computer] [DEBUG] [56923] Options contribution to index level: -15.445079061908928
[2026-08-24 09:18:04,841] [merq.merq_platform.api.components.computation_pipeline.level_computers.standard_level_computer] [DEBUG] [56923] Cash contribution to index level: 16.20723219040974
[2026-08-24 09:18:04,855] [merq.merq_platform.api.indices.multi_asset.multi_asset_base_index] [DEBUG] [56923] Loaded in portfolio for date 2024-07-31 00:00:00
[2026-08-24 09:18:04,856] [merq.merq_platform.api.components.computation_pipeline.corax_loaders.index_corporate_actions_loader] [DEBUG] [56923] Loading corporate actions for el merq ids in unknown from 2024-08-01 00:00:00 to 2024-08-01 00:00:00...
[2026-08-24 09:18:04,856] [merq.merq_platform.api.components.computation_pipeline.corax_loaders.index_corporate_actions_loader] [DEBUG] [56923] Loading corporate actions for op merq ids in unknown from 2024-08-01 00:00:00 to 2024-08-01 00:00:00...
[2026-08-24 09:18:04,856] [merq.merq_platform.impl.services.options.ivol_reference_data_provider] [DEBUG] [56923] Getting underlying for 1 option contracts on eff_date: 2024-07-31 00:00:00
[2026-08-24 09:18:04,856] [merqutil.db] [DEBUG] [56923] : running sql

            SELECT
                rp.symbol, e.mic
            FROM ivol.root_property rp
            JOIN ivol.exchange e
                ON e.exchange_id = rp.exchange_id
            JOIN ivol.stock s
                ON s.stock_id = rp.stock_id
            WHERE rp.symbol in ('SPY')
                AND rp.t_date <= '2024-07-31 00:00:00' AND rp.term_date >= '2024-07-31 00:00:00'
                AND s.region_id = 1;
        
[2026-08-24 09:18:04,870] [merqutil.db] [INFO] [56923] 1 rows selected in 0.013304125051945448 s
[2026-08-24 09:18:04,936] [merq.merq_platform.impl.services.options.ivol_utils] [DEBUG] [56923] Created temp table temp_option_contract_keys with index
[2026-08-24 09:18:04,936] [merq.merq_platform.impl.services.options.ivol_utils] [DEBUG] [56923] Populating temp table with 1 option keys
[2026-08-24 09:18:04,974] [merq.merq_platform.impl.services.options.ivol_utils] [DEBUG] [56923] Inserted 1 keys into temp table in 1 batches
[2026-08-24 09:18:05,014] [merqutil.db] [DEBUG] [56923] materializing option contracts: : running sql
CREATE TEMP TABLE temp_option_contracts AS 
        SELECT
            ov.t_date,
            ov.expiration_date, ov.call_put, ov.strike, ov.root, e.mic,
            ov.stock_id, ov.root_id
        FROM ivol.option_value ov
        JOIN ivol.root_property rp
            ON rp.root_id = ov.root_id
            AND '2024-07-31 00:00:00' BETWEEN rp.t_date AND rp.term_date
        JOIN ivol.exchange e
            ON e.exchange_id = rp.exchange_id
        JOIN temp_option_contract_keys tok
            ON ov.expiration_date = tok.expiration_date
            AND ov.call_put = tok.call_put
            AND ov.strike = tok.strike
            AND ov.root = tok.root
            AND e.mic = tok.mic
        WHERE ov.t_date = '2024-07-31 00:00:00'
        UNION ALL
        SELECT
            ovn.t_date,
            ovn.expiration_date, ovn.call_put, ovn.strike, ovn.root, e.mic,
            ovn.stock_id, ovn.root_id
        FROM ivol.option_value_ns ovn
        JOIN ivol.root_property rp
            ON rp.root_id = ovn.root_id
            AND '2024-07-31 00:00:00' BETWEEN rp.t_date AND rp.term_date
        JOIN ivol.exchange e
            ON e.exchange_id = rp.exchange_id
        JOIN temp_option_contract_keys tok
            ON ovn.expiration_date = tok.expiration_date
            AND ovn.call_put = tok.call_put
            AND ovn.strike = tok.strike
            AND ovn.root = tok.root
            AND e.mic = tok.mic
        WHERE ovn.t_date = '2024-07-31 00:00:00'
    
[2026-08-24 09:18:05,056] [merqutil.db] [INFO] [56923] materializing option contracts: 1 rows created in 0.04147308296523988 s
[2026-08-24 09:18:05,134] [merqutil.db] [DEBUG] [56923] : running sql

            SELECT
                ov.root, ov.expiration_date, ov.call_put, ov.strike, ov.mic,
                replace(ss.symbol, '/', '.') as symbol
            FROM temp_option_contracts ov
            JOIN ivol.stock_symbol ss
                ON (ss.stock_id = ov.stock_id
                    AND '2024-07-31 00:00:00' BETWEEN ss.t_date AND ss.term_date
                    AND ss.symbol not like '%%%%7' -- Exclude mini options
                )
            JOIN ivol.stock s
                ON (ss.stock_id = s.stock_id)
            WHERE
                s.type IN ('S', 'F')
        
[2026-08-24 09:18:05,159] [merqutil.db] [INFO] [56923] 1 rows selected in 0.024774332996457815 s
[2026-08-24 09:18:05,160] [merqutil.db] [DEBUG] [56923] : running sql

            SELECT
                rp.symbol, e.mic
            FROM ivol.root_property rp
            JOIN ivol.exchange e
                ON e.exchange_id = rp.exchange_id
            JOIN ivol.stock s
                ON s.stock_id = rp.stock_id
            WHERE rp.symbol in ('SPY')
                AND rp.t_date <= '2024-07-31 00:00:00' AND rp.term_date >= '2024-07-31 00:00:00'
                AND s.region_id = 1;
        
[2026-08-24 09:18:05,172] [merqutil.db] [INFO] [56923] 1 rows selected in 0.01226333319209516 s
[2026-08-24 09:18:05,248] [merq.merq_platform.impl.services.options.ivol_utils] [DEBUG] [56923] Created temp table temp_option_contract_keys with index
[2026-08-24 09:18:05,248] [merq.merq_platform.impl.services.options.ivol_utils] [DEBUG] [56923] Populating temp table with 1 option keys
[2026-08-24 09:18:05,286] [merq.merq_platform.impl.services.options.ivol_utils] [DEBUG] [56923] Inserted 1 keys into temp table in 1 batches
[2026-08-24 09:18:05,325] [merqutil.db] [DEBUG] [56923] materializing option contracts: : running sql
CREATE TEMP TABLE temp_option_contracts AS 
        SELECT
            ov.t_date,
            ov.expiration_date, ov.call_put, ov.strike, ov.root, e.mic,
            ov.stock_id, ov.root_id
        FROM ivol.option_value ov
        JOIN ivol.root_property rp
            ON rp.root_id = ov.root_id
            AND '2024-07-31 00:00:00' BETWEEN rp.t_date AND rp.term_date
        JOIN ivol.exchange e
            ON e.exchange_id = rp.exchange_id
        JOIN temp_option_contract_keys tok
            ON ov.expiration_date = tok.expiration_date
            AND ov.call_put = tok.call_put
            AND ov.strike = tok.strike
            AND ov.root = tok.root
            AND e.mic = tok.mic
        WHERE ov.t_date = '2024-07-31 00:00:00'
        UNION ALL
        SELECT
            ovn.t_date,
            ovn.expiration_date, ovn.call_put, ovn.strike, ovn.root, e.mic,
            ovn.stock_id, ovn.root_id
        FROM ivol.option_value_ns ovn
        JOIN ivol.root_property rp
            ON rp.root_id = ovn.root_id
            AND '2024-07-31 00:00:00' BETWEEN rp.t_date AND rp.term_date
        JOIN ivol.exchange e
            ON e.exchange_id = rp.exchange_id
        JOIN temp_option_contract_keys tok
            ON ovn.expiration_date = tok.expiration_date
            AND ovn.call_put = tok.call_put
            AND ovn.strike = tok.strike
            AND ovn.root = tok.root
            AND e.mic = tok.mic
        WHERE ovn.t_date = '2024-07-31 00:00:00'
    
[2026-08-24 09:18:05,367] [merqutil.db] [INFO] [56923] materializing option contracts: 1 rows created in 0.04112466680817306 s
[2026-08-24 09:18:05,453] [merqutil.db] [DEBUG] [56923] : running sql

            SELECT
                ov.root, ov.expiration_date, ov.call_put, ov.strike, ov.mic,
                replace(ss.symbol, '/', '.') as symbol
            FROM temp_option_contracts ov
            JOIN ivol.stock_symbol ss
                ON (ss.stock_id = ov.stock_id
                    AND '2024-07-31 00:00:00' BETWEEN ss.t_date AND ss.term_date
                    AND ss.symbol not like '%%%%7' -- Exclude mini options
                )
            JOIN ivol.stock s
                ON (ss.stock_id = s.stock_id)
            WHERE
                s.type IN ('I')
        
[2026-08-24 09:18:05,479] [merqutil.db] [INFO] [56923] 0 rows selected in 0.02590045891702175 s
[2026-08-24 09:18:05,479] [merq.merq_platform.impl.services.options.ivol_utils] [DEBUG] [56923] Getting external id for <class 'merq.merq_platform.api.components.identifiers.merq_equity_id.MerqEquityListingId'> with 1 ids.
[2026-08-24 09:18:05,480] [merqutil.db] [DEBUG] [56923] : running sql

        SELECT
            REPLACE(ss.symbol, '/', '.') AS symbol,
            s.region_id,
            e.mic
        FROM ivol.stock_symbol ss
        JOIN ivol.stock s
            ON s.stock_id = ss.stock_id
        LEFT JOIN ivol.exchange e
            ON e.exchange_id = ss.exchange_id
        WHERE (replace(ss.symbol, '/', '.'), s.region_id) in (('SPY', 1)) AND
            '2024-08-01 00:00:00' between ss.t_date and ss.term_date
    
[2026-08-24 09:18:05,497] [merqutil.db] [INFO] [56923] 1 rows selected in 0.01721583283506334 s
[2026-08-24 09:18:05,497] [merq.merq_platform.impl.services.options.ivol_utils] [DEBUG] [56923] Getting stock ids for 1 merq_ids, effective date: 2024-08-01 00:00:00.
[2026-08-24 09:18:05,497] [merqutil.db] [DEBUG] [56923] : running sql

        SELECT
            MAX(ss.stock_id) AS stock_id,
            REPLACE(ss.symbol, '/', '.') AS symbol,
            e.mic
        FROM ivol.stock_symbol ss
        LEFT JOIN ivol.exchange e
            ON e.exchange_id = ss.exchange_id
        WHERE
            (REPLACE(ss.symbol, '/', '.'), COALESCE(e.mic, 'NA')) IN (('SPY', 'ARCX')) AND
            '2024-08-01 00:00:00' BETWEEN ss.t_date AND ss.term_date
        GROUP BY ss.symbol, e.mic
        HAVING COUNT(DISTINCT ss.stock_id) = 1
    
[2026-08-24 09:18:05,513] [merqutil.db] [INFO] [56923] 1 rows selected in 0.015879707876592875 s
[2026-08-24 09:18:05,513] [merq.merq_platform.impl.services.options.ivol_utils] [DEBUG] [56923] Found 1 symbol, mic pairs mapping to stock ids.
[2026-08-24 09:18:05,514] [merqutil.db] [DEBUG] [56923] : running sql

            SELECT ca.ex_date, ca.action_type, ca.stock_id
            FROM merq.corp_actions ca
            WHERE ca.ex_date = '2024-08-01 00:00:00' AND
                ca.action_type in ('dvd', 'spl', 'sdvd', 'sp', 'distr', 'rts') AND
                ca.stock_id in (627)
        
[2026-08-24 09:18:05,526] [merqutil.db] [INFO] [56923] 0 rows selected in 0.012659917119890451 s
[2026-08-24 09:18:05,527] [merqutil.db] [DEBUG] [56923] : running sql

        SELECT d.stock_id, d.last_dvd_date, d.last_dvd_amount, d.real_last_dvd_amount, d.dvd_ccy
        FROM ivol.dividend d
        WHERE d.last_dvd_date = '2024-08-01 00:00:00' AND
            d.stock_id in (627)
        
[2026-08-24 09:18:05,540] [merqutil.db] [INFO] [56923] 0 rows selected in 0.012898874934762716 s
[2026-08-24 09:18:05,540] [merqutil.db] [DEBUG] [56923] : running sql

            SELECT COUNT(*)
            FROM merq.corp_actions ca
            JOIN ivol.root_property rp
                ON (
                    rp.stock_id=ca.stock_id
                )
            WHERE (ca.ex_date='2024-07-31 00:00:00' OR ca.ex_date='2024-08-01 00:00:00')
                AND ca.action_type='rn'
                AND rp.action_type='RootRn'
                AND rp.t_date='2024-08-01 00:00:00'
                AND ca.stock_id IN (627);
        
[2026-08-24 09:18:05,554] [merqutil.db] [INFO] [56923] 1 rows selected in 0.013608250068500638 s
[2026-08-24 09:18:05,555] [merq.merq_platform.api.components.computation_pipeline.level_computers.standard_level_computer] [DEBUG] [56923] Equities contribution to index level: 1011.5700354447117
[2026-08-24 09:18:05,555] [merq.merq_platform.api.components.computation_pipeline.level_computers.standard_level_computer] [DEBUG] [56923] Options contribution to index level: -15.445079061908928
[2026-08-24 09:18:05,555] [merq.merq_platform.api.components.computation_pipeline.level_computers.standard_level_computer] [DEBUG] [56923] Cash contribution to index level: 16.20723219040974
[2026-08-24 09:18:05,556] [merqutil.db] [DEBUG] [56923] : running sql

            SELECT
                rp.symbol, e.mic
            FROM ivol.root_property rp
            JOIN ivol.exchange e
                ON e.exchange_id = rp.exchange_id
            JOIN ivol.stock s
                ON s.stock_id = rp.stock_id
            WHERE rp.symbol in ('SPY')
                AND rp.t_date <= '2024-08-31 00:00:00' AND rp.term_date >= '2024-08-01 00:00:00'
                AND s.region_id = 1;
        
[2026-08-24 09:18:05,568] [merqutil.db] [INFO] [56923] 1 rows selected in 0.011797500075772405 s
[2026-08-24 09:18:05,568] [merqutil.db] [DEBUG] [56923] : running sql

            SELECT
                ov.t_date,
                ov.root, ov.expiration_date, ov.strike, ov.call_put, e.mic,
                ov.open, ov.high, ov.low, ov.close,
                ov.bid, ov.ask, ov.final_price as price, ov.open_interest, ov.volume, ov.shift,
                ov.iv, ov.delta, ov.gamma, ov.theta, ov.vega, ov.rho, ov.is_interpolated, ov.status,
                s.currency
            FROM ivol.root_property rp
            JOIN ivol.exchange e
                ON e.exchange_id = rp.exchange_id
            JOIN merq.option_prices ov
                ON  (
                    ov.stock_id = rp.stock_id
                    AND ov.root_id = rp.root_id
                )
            JOIN ivol.stock s
                ON s.stock_id = rp.stock_id
            WHERE
                ov.t_date between '2024-08-01 00:00:00' and '2024-08-31 00:00:00'
                AND ov.t_date between rp.t_date and rp.term_date
                AND (ov.expiration_date, ov.call_put, ov.strike::numeric, rp.symbol, e.mic) IN (('2024-09-20 00:00:00', 'C', '560.0', 'SPY', 'XCBO'))
                AND rp.is_enabled = TRUE
            UNION ALL
            SELECT
                ovn.t_date, ovn.root, ovn.expiration_date, ovn.strike, ovn.call_put, e.mic,
                ovn.open, ovn.high, ovn.low, ovn.close,
                ovn.bid, ovn.ask, ovn.final_price as price, ovn.open_interest, ovn.volume, ovn.shift,
                ovn.iv, ovn.delta, ovn.gamma, ovn.theta, ovn.vega, ovn.rho, ovn.is_interpolated, ovn.status,
                s.currency
            FROM ivol.root_property rp
            JOIN ivol.exchange e
                ON e.exchange_id = rp.exchange_id
            JOIN merq.option_prices_ns ovn
                ON  (
                    ovn.stock_id = rp.stock_id
                    AND ovn.root_id = rp.root_id
                )
            JOIN ivol.stock s
                ON s.stock_id = rp.stock_id
            WHERE
                ovn.t_date between '2024-08-01 00:00:00' and '2024-08-31 00:00:00'
                AND ovn.t_date between rp.t_date and rp.term_date
                AND (ovn.expiration_date, ovn.call_put, ovn.strike::numeric, rp.symbol, e.mic) IN (('2024-09-20 00:00:00', 'C', '560.0', 'SPY', 'XCBO'))
                AND rp.is_enabled = FALSE;
        
[2026-08-24 09:18:05,940] [merqutil.db] [INFO] [56923] 22 rows selected in 0.3711232498753816 s
[2026-08-24 09:18:05,942] [merq.merq_platform.api.components.computation_pipeline.level_computers.standard_level_computer] [DEBUG] [56923] Equities contribution to index level: 997.245229656021
[2026-08-24 09:18:05,942] [merq.merq_platform.api.components.computation_pipeline.level_computers.standard_level_computer] [DEBUG] [56923] Options contribution to index level: -11.000716240289421
[2026-08-24 09:18:05,942] [merq.merq_platform.api.components.computation_pipeline.level_computers.standard_level_computer] [DEBUG] [56923] Cash contribution to index level: 16.20723219040974
[2026-08-24 09:18:05,942] [merq.merq_platform.api.indices.multi_asset.multi_asset_base_index] [INFO] [56923] Computed index level for 2024-08-01 00:00:00 as 1002.4517456061413
[2026-08-24 09:18:05,944] [merq.merq_platform.api.components.computation_pipeline.level_computers.standard_level_computer] [DEBUG] [56923] Equities contribution to index level: 997.245229656021
[2026-08-24 09:18:05,944] [merq.merq_platform.api.components.computation_pipeline.level_computers.standard_level_computer] [DEBUG] [56923] Options contribution to index level: -11.000716240289421
[2026-08-24 09:18:05,944] [merq.merq_platform.api.components.computation_pipeline.level_computers.standard_level_computer] [DEBUG] [56923] Cash contribution to index level: 16.20723219040974
[2026-08-24 09:18:05,957] [merq.merq_platform.api.indices.multi_asset.multi_asset_base_index] [DEBUG] [56923] Loaded in portfolio for date 2024-08-01 00:00:00
[2026-08-24 09:18:05,957] [merq.merq_platform.api.components.computation_pipeline.corax_loaders.index_corporate_actions_loader] [DEBUG] [56923] Loading corporate actions for el merq ids in unknown from 2024-08-02 00:00:00 to 2024-08-02 00:00:00...
[2026-08-24 09:18:05,957] [merq.merq_platform.api.components.computation_pipeline.corax_loaders.index_corporate_actions_loader] [DEBUG] [56923] Loading corporate actions for op merq ids in unknown from 2024-08-02 00:00:00 to 2024-08-02 00:00:00...
[2026-08-24 09:18:05,957] [merq.merq_platform.impl.services.options.ivol_reference_data_provider] [DEBUG] [56923] Getting underlying for 1 option contracts on eff_date: 2024-08-01 00:00:00
[2026-08-24 09:18:05,958] [merqutil.db] [DEBUG] [56923] : running sql

            SELECT
                rp.symbol, e.mic
            FROM ivol.root_property rp
            JOIN ivol.exchange e
                ON e.exchange_id = rp.exchange_id
            JOIN ivol.stock s
                ON s.stock_id = rp.stock_id
            WHERE rp.symbol in ('SPY')
                AND rp.t_date <= '2024-08-01 00:00:00' AND rp.term_date >= '2024-08-01 00:00:00'
                AND s.region_id = 1;
        
[2026-08-24 09:18:05,982] [merqutil.db] [INFO] [56923] 1 rows selected in 0.024591749999672174 s
[2026-08-24 09:18:06,050] [merq.merq_platform.impl.services.options.ivol_utils] [DEBUG] [56923] Created temp table temp_option_contract_keys with index
[2026-08-24 09:18:06,051] [merq.merq_platform.impl.services.options.ivol_utils] [DEBUG] [56923] Populating temp table with 1 option keys
[2026-08-24 09:18:06,088] [merq.merq_platform.impl.services.options.ivol_utils] [DEBUG] [56923] Inserted 1 keys into temp table in 1 batches
[2026-08-24 09:18:06,128] [merqutil.db] [DEBUG] [56923] materializing option contracts: : running sql
CREATE TEMP TABLE temp_option_contracts AS 
        SELECT
            ov.t_date,
            ov.expiration_date, ov.call_put, ov.strike, ov.root, e.mic,
            ov.stock_id, ov.root_id
        FROM ivol.option_value ov
        JOIN ivol.root_property rp
            ON rp.root_id = ov.root_id
            AND '2024-08-01 00:00:00' BETWEEN rp.t_date AND rp.term_date
        JOIN ivol.exchange e
            ON e.exchange_id = rp.exchange_id
        JOIN temp_option_contract_keys tok
            ON ov.expiration_date = tok.expiration_date
            AND ov.call_put = tok.call_put
            AND ov.strike = tok.strike
            AND ov.root = tok.root
            AND e.mic = tok.mic
        WHERE ov.t_date = '2024-08-01 00:00:00'
        UNION ALL
        SELECT
            ovn.t_date,
            ovn.expiration_date, ovn.call_put, ovn.strike, ovn.root, e.mic,
            ovn.stock_id, ovn.root_id
        FROM ivol.option_value_ns ovn
        JOIN ivol.root_property rp
            ON rp.root_id = ovn.root_id
            AND '2024-08-01 00:00:00' BETWEEN rp.t_date AND rp.term_date
        JOIN ivol.exchange e
            ON e.exchange_id = rp.exchange_id
        JOIN temp_option_contract_keys tok
            ON ovn.expiration_date = tok.expiration_date
            AND ovn.call_put = tok.call_put
            AND ovn.strike = tok.strike
            AND ovn.root = tok.root
            AND e.mic = tok.mic
        WHERE ovn.t_date = '2024-08-01 00:00:00'
    
[2026-08-24 09:18:06,170] [merqutil.db] [INFO] [56923] materializing option contracts: 1 rows created in 0.041268832981586456 s
[2026-08-24 09:18:06,250] [merqutil.db] [DEBUG] [56923] : running sql

            SELECT
                ov.root, ov.expiration_date, ov.call_put, ov.strike, ov.mic,
                replace(ss.symbol, '/', '.') as symbol
            FROM temp_option_contracts ov
            JOIN ivol.stock_symbol ss
                ON (ss.stock_id = ov.stock_id
                    AND '2024-08-01 00:00:00' BETWEEN ss.t_date AND ss.term_date
                    AND ss.symbol not like '%%%%7' -- Exclude mini options
                )
            JOIN ivol.stock s
                ON (ss.stock_id = s.stock_id)
            WHERE
                s.type IN ('S', 'F')
        
[2026-08-24 09:18:06,277] [merqutil.db] [INFO] [56923] 1 rows selected in 0.026810707990080118 s
[2026-08-24 09:18:06,277] [merqutil.db] [DEBUG] [56923] : running sql

            SELECT
                rp.symbol, e.mic
            FROM ivol.root_property rp
            JOIN ivol.exchange e
                ON e.exchange_id = rp.exchange_id
            JOIN ivol.stock s
                ON s.stock_id = rp.stock_id
            WHERE rp.symbol in ('SPY')
                AND rp.t_date <= '2024-08-01 00:00:00' AND rp.term_date >= '2024-08-01 00:00:00'
                AND s.region_id = 1;
        
[2026-08-24 09:18:06,290] [merqutil.db] [INFO] [56923] 1 rows selected in 0.012342083966359496 s
[2026-08-24 09:18:06,359] [merq.merq_platform.impl.services.options.ivol_utils] [DEBUG] [56923] Created temp table temp_option_contract_keys with index
[2026-08-24 09:18:06,359] [merq.merq_platform.impl.services.options.ivol_utils] [DEBUG] [56923] Populating temp table with 1 option keys
[2026-08-24 09:18:06,398] [merq.merq_platform.impl.services.options.ivol_utils] [DEBUG] [56923] Inserted 1 keys into temp table in 1 batches
[2026-08-24 09:18:06,438] [merqutil.db] [DEBUG] [56923] materializing option contracts: : running sql
CREATE TEMP TABLE temp_option_contracts AS 
        SELECT
            ov.t_date,
            ov.expiration_date, ov.call_put, ov.strike, ov.root, e.mic,
            ov.stock_id, ov.root_id
        FROM ivol.option_value ov
        JOIN ivol.root_property rp
            ON rp.root_id = ov.root_id
            AND '2024-08-01 00:00:00' BETWEEN rp.t_date AND rp.term_date
        JOIN ivol.exchange e
            ON e.exchange_id = rp.exchange_id
        JOIN temp_option_contract_keys tok
            ON ov.expiration_date = tok.expiration_date
            AND ov.call_put = tok.call_put
            AND ov.strike = tok.strike
            AND ov.root = tok.root
            AND e.mic = tok.mic
        WHERE ov.t_date = '2024-08-01 00:00:00'
        UNION ALL
        SELECT
            ovn.t_date,
            ovn.expiration_date, ovn.call_put, ovn.strike, ovn.root, e.mic,
            ovn.stock_id, ovn.root_id
        FROM ivol.option_value_ns ovn
        JOIN ivol.root_property rp
            ON rp.root_id = ovn.root_id
            AND '2024-08-01 00:00:00' BETWEEN rp.t_date AND rp.term_date
        JOIN ivol.exchange e
            ON e.exchange_id = rp.exchange_id
        JOIN temp_option_contract_keys tok
            ON ovn.expiration_date = tok.expiration_date
            AND ovn.call_put = tok.call_put
            AND ovn.strike = tok.strike
            AND ovn.root = tok.root
            AND e.mic = tok.mic
        WHERE ovn.t_date = '2024-08-01 00:00:00'
    
[2026-08-24 09:18:06,479] [merqutil.db] [INFO] [56923] materializing option contracts: 1 rows created in 0.04097120789811015 s
[2026-08-24 09:18:06,560] [merqutil.db] [DEBUG] [56923] : running sql

            SELECT
                ov.root, ov.expiration_date, ov.call_put, ov.strike, ov.mic,
                replace(ss.symbol, '/', '.') as symbol
            FROM temp_option_contracts ov
            JOIN ivol.stock_symbol ss
                ON (ss.stock_id = ov.stock_id
                    AND '2024-08-01 00:00:00' BETWEEN ss.t_date AND ss.term_date
                    AND ss.symbol not like '%%%%7' -- Exclude mini options
                )
            JOIN ivol.stock s
                ON (ss.stock_id = s.stock_id)
            WHERE
                s.type IN ('I')
        
[2026-08-24 09:18:06,586] [merqutil.db] [INFO] [56923] 0 rows selected in 0.025919332867488265 s
[2026-08-24 09:18:06,586] [merq.merq_platform.impl.services.options.ivol_utils] [DEBUG] [56923] Getting external id for <class 'merq.merq_platform.api.components.identifiers.merq_equity_id.MerqEquityListingId'> with 1 ids.
[2026-08-24 09:18:06,586] [merqutil.db] [DEBUG] [56923] : running sql

        SELECT
            REPLACE(ss.symbol, '/', '.') AS symbol,
            s.region_id,
            e.mic
        FROM ivol.stock_symbol ss
        JOIN ivol.stock s
            ON s.stock_id = ss.stock_id
        LEFT JOIN ivol.exchange e
            ON e.exchange_id = ss.exchange_id
        WHERE (replace(ss.symbol, '/', '.'), s.region_id) in (('SPY', 1)) AND
            '2024-08-02 00:00:00' between ss.t_date and ss.term_date
    
[2026-08-24 09:18:06,603] [merqutil.db] [INFO] [56923] 1 rows selected in 0.016396624967455864 s
[2026-08-24 09:18:06,603] [merq.merq_platform.impl.services.options.ivol_utils] [DEBUG] [56923] Getting stock ids for 1 merq_ids, effective date: 2024-08-02 00:00:00.
[2026-08-24 09:18:06,603] [merqutil.db] [DEBUG] [56923] : running sql

        SELECT
            MAX(ss.stock_id) AS stock_id,
            REPLACE(ss.symbol, '/', '.') AS symbol,
            e.mic
        FROM ivol.stock_symbol ss
        LEFT JOIN ivol.exchange e
            ON e.exchange_id = ss.exchange_id
        WHERE
            (REPLACE(ss.symbol, '/', '.'), COALESCE(e.mic, 'NA')) IN (('SPY', 'ARCX')) AND
            '2024-08-02 00:00:00' BETWEEN ss.t_date AND ss.term_date
        GROUP BY ss.symbol, e.mic
        HAVING COUNT(DISTINCT ss.stock_id) = 1
    
[2026-08-24 09:18:06,620] [merqutil.db] [INFO] [56923] 1 rows selected in 0.01664154208265245 s
[2026-08-24 09:18:06,620] [merq.merq_platform.impl.services.options.ivol_utils] [DEBUG] [56923] Found 1 symbol, mic pairs mapping to stock ids.
[2026-08-24 09:18:06,621] [merqutil.db] [DEBUG] [56923] : running sql

            SELECT ca.ex_date, ca.action_type, ca.stock_id
            FROM merq.corp_actions ca
            WHERE ca.ex_date = '2024-08-02 00:00:00' AND
                ca.action_type in ('dvd', 'spl', 'sdvd', 'sp', 'distr', 'rts') AND
                ca.stock_id in (627)
        
[2026-08-24 09:18:06,634] [merqutil.db] [INFO] [56923] 0 rows selected in 0.012962040957063437 s
[2026-08-24 09:18:06,634] [merqutil.db] [DEBUG] [56923] : running sql

        SELECT d.stock_id, d.last_dvd_date, d.last_dvd_amount, d.real_last_dvd_amount, d.dvd_ccy
        FROM ivol.dividend d
        WHERE d.last_dvd_date = '2024-08-02 00:00:00' AND
            d.stock_id in (627)
        
[2026-08-24 09:18:06,646] [merqutil.db] [INFO] [56923] 0 rows selected in 0.012312417151406407 s
[2026-08-24 09:18:06,647] [merqutil.db] [DEBUG] [56923] : running sql

            SELECT COUNT(*)
            FROM merq.corp_actions ca
            JOIN ivol.root_property rp
                ON (
                    rp.stock_id=ca.stock_id
                )
            WHERE (ca.ex_date='2024-08-01 00:00:00' OR ca.ex_date='2024-08-02 00:00:00')
                AND ca.action_type='rn'
                AND rp.action_type='RootRn'
                AND rp.t_date='2024-08-02 00:00:00'
                AND ca.stock_id IN (627);
        
[2026-08-24 09:18:06,660] [merqutil.db] [INFO] [56923] 1 rows selected in 0.013396790949627757 s
[2026-08-24 09:18:06,662] [merq.merq_platform.api.components.computation_pipeline.level_computers.standard_level_computer] [DEBUG] [56923] Equities contribution to index level: 997.245229656021
[2026-08-24 09:18:06,662] [merq.merq_platform.api.components.computation_pipeline.level_computers.standard_level_computer] [DEBUG] [56923] Options contribution to index level: -11.000716240289421
[2026-08-24 09:18:06,662] [merq.merq_platform.api.components.computation_pipeline.level_computers.standard_level_computer] [DEBUG] [56923] Cash contribution to index level: 16.20723219040974
[2026-08-24 09:18:06,663] [merq.merq_platform.api.components.computation_pipeline.level_computers.standard_level_computer] [DEBUG] [56923] Equities contribution to index level: 978.6780775376027
[2026-08-24 09:18:06,663] [merq.merq_platform.api.components.computation_pipeline.level_computers.standard_level_computer] [DEBUG] [56923] Options contribution to index level: -7.162402894345405
[2026-08-24 09:18:06,663] [merq.merq_platform.api.components.computation_pipeline.level_computers.standard_level_computer] [DEBUG] [56923] Cash contribution to index level: 16.20723219040974
[2026-08-24 09:18:06,663] [merq.merq_platform.api.indices.multi_asset.multi_asset_base_index] [INFO] [56923] Computed index level for 2024-08-02 00:00:00 as 987.722906833667
[2026-08-24 09:18:06,664] [merq.merq_platform.api.components.computation_pipeline.level_computers.standard_level_computer] [DEBUG] [56923] Equities contribution to index level: 978.6780775376027
[2026-08-24 09:18:06,664] [merq.merq_platform.api.components.computation_pipeline.level_computers.standard_level_computer] [DEBUG] [56923] Options contribution to index level: -7.162402894345405
[2026-08-24 09:18:06,664] [merq.merq_platform.api.components.computation_pipeline.level_computers.standard_level_computer] [DEBUG] [56923] Cash contribution to index level: 16.20723219040974
[2026-08-24 09:18:06,676] [merq.merq_platform.api.indices.multi_asset.multi_asset_base_index] [DEBUG] [56923] Loaded in portfolio for date 2024-08-02 00:00:00
[2026-08-24 09:18:06,677] [merq.merq_platform.api.components.computation_pipeline.corax_loaders.index_corporate_actions_loader] [DEBUG] [56923] Loading corporate actions for el merq ids in unknown from 2024-08-03 00:00:00 to 2024-08-05 00:00:00...
[2026-08-24 09:18:06,677] [merq.merq_platform.api.components.computation_pipeline.corax_loaders.index_corporate_actions_loader] [DEBUG] [56923] Loading corporate actions for op merq ids in unknown from 2024-08-03 00:00:00 to 2024-08-05 00:00:00...
[2026-08-24 09:18:06,677] [merq.merq_platform.impl.services.options.ivol_reference_data_provider] [DEBUG] [56923] Getting underlying for 1 option contracts on eff_date: 2024-08-02 00:00:00
[2026-08-24 09:18:06,677] [merqutil.db] [DEBUG] [56923] : running sql

            SELECT
                rp.symbol, e.mic
            FROM ivol.root_property rp
            JOIN ivol.exchange e
                ON e.exchange_id = rp.exchange_id
            JOIN ivol.stock s
                ON s.stock_id = rp.stock_id
            WHERE rp.symbol in ('SPY')
                AND rp.t_date <= '2024-08-02 00:00:00' AND rp.term_date >= '2024-08-02 00:00:00'
                AND s.region_id = 1;
        
[2026-08-24 09:18:06,690] [merqutil.db] [INFO] [56923] 1 rows selected in 0.013158542104065418 s
[2026-08-24 09:18:06,755] [merq.merq_platform.impl.services.options.ivol_utils] [DEBUG] [56923] Created temp table temp_option_contract_keys with index
[2026-08-24 09:18:06,755] [merq.merq_platform.impl.services.options.ivol_utils] [DEBUG] [56923] Populating temp table with 1 option keys
[2026-08-24 09:18:06,793] [merq.merq_platform.impl.services.options.ivol_utils] [DEBUG] [56923] Inserted 1 keys into temp table in 1 batches
[2026-08-24 09:18:06,835] [merqutil.db] [DEBUG] [56923] materializing option contracts: : running sql
CREATE TEMP TABLE temp_option_contracts AS 
        SELECT
            ov.t_date,
            ov.expiration_date, ov.call_put, ov.strike, ov.root, e.mic,
            ov.stock_id, ov.root_id
        FROM ivol.option_value ov
        JOIN ivol.root_property rp
            ON rp.root_id = ov.root_id
            AND '2024-08-02 00:00:00' BETWEEN rp.t_date AND rp.term_date
        JOIN ivol.exchange e
            ON e.exchange_id = rp.exchange_id
        JOIN temp_option_contract_keys tok
            ON ov.expiration_date = tok.expiration_date
            AND ov.call_put = tok.call_put
            AND ov.strike = tok.strike
            AND ov.root = tok.root
            AND e.mic = tok.mic
        WHERE ov.t_date = '2024-08-02 00:00:00'
        UNION ALL
        SELECT
            ovn.t_date,
            ovn.expiration_date, ovn.call_put, ovn.strike, ovn.root, e.mic,
            ovn.stock_id, ovn.root_id
        FROM ivol.option_value_ns ovn
        JOIN ivol.root_property rp
            ON rp.root_id = ovn.root_id
            AND '2024-08-02 00:00:00' BETWEEN rp.t_date AND rp.term_date
        JOIN ivol.exchange e
            ON e.exchange_id = rp.exchange_id
        JOIN temp_option_contract_keys tok
            ON ovn.expiration_date = tok.expiration_date
            AND ovn.call_put = tok.call_put
            AND ovn.strike = tok.strike
            AND ovn.root = tok.root
            AND e.mic = tok.mic
        WHERE ovn.t_date = '2024-08-02 00:00:00'
    
[2026-08-24 09:18:06,877] [merqutil.db] [INFO] [56923] materializing option contracts: 1 rows created in 0.04273949982598424 s
[2026-08-24 09:18:06,958] [merqutil.db] [DEBUG] [56923] : running sql

            SELECT
                ov.root, ov.expiration_date, ov.call_put, ov.strike, ov.mic,
                replace(ss.symbol, '/', '.') as symbol
            FROM temp_option_contracts ov
            JOIN ivol.stock_symbol ss
                ON (ss.stock_id = ov.stock_id
                    AND '2024-08-02 00:00:00' BETWEEN ss.t_date AND ss.term_date
                    AND ss.symbol not like '%%%%7' -- Exclude mini options
                )
            JOIN ivol.stock s
                ON (ss.stock_id = s.stock_id)
            WHERE
                s.type IN ('S', 'F')
        
[2026-08-24 09:18:06,988] [merqutil.db] [INFO] [56923] 1 rows selected in 0.029665999813005328 s
[2026-08-24 09:18:06,989] [merqutil.db] [DEBUG] [56923] : running sql

            SELECT
                rp.symbol, e.mic
            FROM ivol.root_property rp
            JOIN ivol.exchange e
                ON e.exchange_id = rp.exchange_id
            JOIN ivol.stock s
                ON s.stock_id = rp.stock_id
            WHERE rp.symbol in ('SPY')
                AND rp.t_date <= '2024-08-02 00:00:00' AND rp.term_date >= '2024-08-02 00:00:00'
                AND s.region_id = 1;
        
[2026-08-24 09:18:07,001] [merqutil.db] [INFO] [56923] 1 rows selected in 0.012172125047072768 s
[2026-08-24 09:18:07,093] [merq.merq_platform.impl.services.options.ivol_utils] [DEBUG] [56923] Created temp table temp_option_contract_keys with index
[2026-08-24 09:18:07,093] [merq.merq_platform.impl.services.options.ivol_utils] [DEBUG] [56923] Populating temp table with 1 option keys
[2026-08-24 09:18:07,131] [merq.merq_platform.impl.services.options.ivol_utils] [DEBUG] [56923] Inserted 1 keys into temp table in 1 batches
[2026-08-24 09:18:07,170] [merqutil.db] [DEBUG] [56923] materializing option contracts: : running sql
CREATE TEMP TABLE temp_option_contracts AS 
        SELECT
            ov.t_date,
            ov.expiration_date, ov.call_put, ov.strike, ov.root, e.mic,
            ov.stock_id, ov.root_id
        FROM ivol.option_value ov
        JOIN ivol.root_property rp
            ON rp.root_id = ov.root_id
            AND '2024-08-02 00:00:00' BETWEEN rp.t_date AND rp.term_date
        JOIN ivol.exchange e
            ON e.exchange_id = rp.exchange_id
        JOIN temp_option_contract_keys tok
            ON ov.expiration_date = tok.expiration_date
            AND ov.call_put = tok.call_put
            AND ov.strike = tok.strike
            AND ov.root = tok.root
            AND e.mic = tok.mic
        WHERE ov.t_date = '2024-08-02 00:00:00'
        UNION ALL
        SELECT
            ovn.t_date,
            ovn.expiration_date, ovn.call_put, ovn.strike, ovn.root, e.mic,
            ovn.stock_id, ovn.root_id
        FROM ivol.option_value_ns ovn
        JOIN ivol.root_property rp
            ON rp.root_id = ovn.root_id
            AND '2024-08-02 00:00:00' BETWEEN rp.t_date AND rp.term_date
        JOIN ivol.exchange e
            ON e.exchange_id = rp.exchange_id
        JOIN temp_option_contract_keys tok
            ON ovn.expiration_date = tok.expiration_date
            AND ovn.call_put = tok.call_put
            AND ovn.strike = tok.strike
            AND ovn.root = tok.root
            AND e.mic = tok.mic
        WHERE ovn.t_date = '2024-08-02 00:00:00'
    
[2026-08-24 09:18:07,213] [merqutil.db] [INFO] [56923] materializing option contracts: 1 rows created in 0.04243670799769461 s
[2026-08-24 09:18:07,292] [merqutil.db] [DEBUG] [56923] : running sql

            SELECT
                ov.root, ov.expiration_date, ov.call_put, ov.strike, ov.mic,
                replace(ss.symbol, '/', '.') as symbol
            FROM temp_option_contracts ov
            JOIN ivol.stock_symbol ss
                ON (ss.stock_id = ov.stock_id
                    AND '2024-08-02 00:00:00' BETWEEN ss.t_date AND ss.term_date
                    AND ss.symbol not like '%%%%7' -- Exclude mini options
                )
            JOIN ivol.stock s
                ON (ss.stock_id = s.stock_id)
            WHERE
                s.type IN ('I')
        
[2026-08-24 09:18:07,318] [merqutil.db] [INFO] [56923] 0 rows selected in 0.025839374866336584 s
[2026-08-24 09:18:07,318] [merq.merq_platform.impl.services.options.ivol_utils] [DEBUG] [56923] Getting external id for <class 'merq.merq_platform.api.components.identifiers.merq_equity_id.MerqEquityListingId'> with 1 ids.
[2026-08-24 09:18:07,318] [merqutil.db] [DEBUG] [56923] : running sql

        SELECT
            REPLACE(ss.symbol, '/', '.') AS symbol,
            s.region_id,
            e.mic
        FROM ivol.stock_symbol ss
        JOIN ivol.stock s
            ON s.stock_id = ss.stock_id
        LEFT JOIN ivol.exchange e
            ON e.exchange_id = ss.exchange_id
        WHERE (replace(ss.symbol, '/', '.'), s.region_id) in (('SPY', 1)) AND
            '2024-08-05 00:00:00' between ss.t_date and ss.term_date
    
[2026-08-24 09:18:07,335] [merqutil.db] [INFO] [56923] 1 rows selected in 0.01684516598470509 s
[2026-08-24 09:18:07,335] [merq.merq_platform.impl.services.options.ivol_utils] [DEBUG] [56923] Getting stock ids for 1 merq_ids, effective date: 2024-08-05 00:00:00.
[2026-08-24 09:18:07,336] [merqutil.db] [DEBUG] [56923] : running sql

        SELECT
            MAX(ss.stock_id) AS stock_id,
            REPLACE(ss.symbol, '/', '.') AS symbol,
            e.mic
        FROM ivol.stock_symbol ss
        LEFT JOIN ivol.exchange e
            ON e.exchange_id = ss.exchange_id
        WHERE
            (REPLACE(ss.symbol, '/', '.'), COALESCE(e.mic, 'NA')) IN (('SPY', 'ARCX')) AND
            '2024-08-05 00:00:00' BETWEEN ss.t_date AND ss.term_date
        GROUP BY ss.symbol, e.mic
        HAVING COUNT(DISTINCT ss.stock_id) = 1
    
[2026-08-24 09:18:07,353] [merqutil.db] [INFO] [56923] 1 rows selected in 0.016823792131617665 s
[2026-08-24 09:18:07,353] [merq.merq_platform.impl.services.options.ivol_utils] [DEBUG] [56923] Found 1 symbol, mic pairs mapping to stock ids.
[2026-08-24 09:18:07,353] [merqutil.db] [DEBUG] [56923] : running sql

            SELECT ca.ex_date, ca.action_type, ca.stock_id
            FROM merq.corp_actions ca
            WHERE ca.ex_date = '2024-08-05 00:00:00' AND
                ca.action_type in ('dvd', 'spl', 'sdvd', 'sp', 'distr', 'rts') AND
                ca.stock_id in (627)
        
[2026-08-24 09:18:07,366] [merqutil.db] [INFO] [56923] 0 rows selected in 0.012714792042970657 s
[2026-08-24 09:18:07,366] [merqutil.db] [DEBUG] [56923] : running sql

        SELECT d.stock_id, d.last_dvd_date, d.last_dvd_amount, d.real_last_dvd_amount, d.dvd_ccy
        FROM ivol.dividend d
        WHERE d.last_dvd_date = '2024-08-05 00:00:00' AND
            d.stock_id in (627)
        
[2026-08-24 09:18:07,379] [merqutil.db] [INFO] [56923] 0 rows selected in 0.012665749993175268 s
[2026-08-24 09:18:07,379] [merqutil.db] [DEBUG] [56923] : running sql

            SELECT COUNT(*)
            FROM merq.corp_actions ca
            JOIN ivol.root_property rp
                ON (
                    rp.stock_id=ca.stock_id
                )
            WHERE (ca.ex_date='2024-08-02 00:00:00' OR ca.ex_date='2024-08-05 00:00:00')
                AND ca.action_type='rn'
                AND rp.action_type='RootRn'
                AND rp.t_date='2024-08-05 00:00:00'
                AND ca.stock_id IN (627);
        
[2026-08-24 09:18:07,393] [merqutil.db] [INFO] [56923] 1 rows selected in 0.013592124916613102 s
[2026-08-24 09:18:07,394] [merq.merq_platform.api.components.computation_pipeline.level_computers.standard_level_computer] [DEBUG] [56923] Equities contribution to index level: 978.6780775376027
[2026-08-24 09:18:07,395] [merq.merq_platform.api.components.computation_pipeline.level_computers.standard_level_computer] [DEBUG] [56923] Options contribution to index level: -7.162402894345405
[2026-08-24 09:18:07,395] [merq.merq_platform.api.components.computation_pipeline.level_computers.standard_level_computer] [DEBUG] [56923] Cash contribution to index level: 16.20723219040974
[2026-08-24 09:18:07,395] [merq.merq_platform.api.components.computation_pipeline.level_computers.standard_level_computer] [DEBUG] [56923] Equities contribution to index level: 950.1753870452334
[2026-08-24 09:18:07,395] [merq.merq_platform.api.components.computation_pipeline.level_computers.standard_level_computer] [DEBUG] [56923] Options contribution to index level: -4.63719674569802
[2026-08-24 09:18:07,395] [merq.merq_platform.api.components.computation_pipeline.level_computers.standard_level_computer] [DEBUG] [56923] Cash contribution to index level: 16.20723219040974
[2026-08-24 09:18:07,396] [merq.merq_platform.api.indices.multi_asset.multi_asset_base_index] [INFO] [56923] Computed index level for 2024-08-05 00:00:00 as 961.7454224899451
[2026-08-24 09:18:07,396] [merq.merq_platform.api.components.computation_pipeline.level_computers.standard_level_computer] [DEBUG] [56923] Equities contribution to index level: 950.1753870452334
[2026-08-24 09:18:07,396] [merq.merq_platform.api.components.computation_pipeline.level_computers.standard_level_computer] [DEBUG] [56923] Options contribution to index level: -4.63719674569802
[2026-08-24 09:18:07,396] [merq.merq_platform.api.components.computation_pipeline.level_computers.standard_level_computer] [DEBUG] [56923] Cash contribution to index level: 16.20723219040974
[2026-08-24 09:18:07,408] [merq.merq_platform.api.indices.multi_asset.multi_asset_base_index] [DEBUG] [56923] Loaded in portfolio for date 2024-08-05 00:00:00
[2026-08-24 09:18:07,408] [merq.merq_platform.api.components.computation_pipeline.corax_loaders.index_corporate_actions_loader] [DEBUG] [56923] Loading corporate actions for el merq ids in unknown from 2024-08-06 00:00:00 to 2024-08-06 00:00:00...
[2026-08-24 09:18:07,408] [merq.merq_platform.api.components.computation_pipeline.corax_loaders.index_corporate_actions_loader] [DEBUG] [56923] Loading corporate actions for op merq ids in unknown from 2024-08-06 00:00:00 to 2024-08-06 00:00:00...
[2026-08-24 09:18:07,408] [merq.merq_platform.impl.services.options.ivol_reference_data_provider] [DEBUG] [56923] Getting underlying for 1 option contracts on eff_date: 2024-08-05 00:00:00
[2026-08-24 09:18:07,409] [merqutil.db] [DEBUG] [56923] : running sql

            SELECT
                rp.symbol, e.mic
            FROM ivol.root_property rp
            JOIN ivol.exchange e
                ON e.exchange_id = rp.exchange_id
            JOIN ivol.stock s
                ON s.stock_id = rp.stock_id
            WHERE rp.symbol in ('SPY')
                AND rp.t_date <= '2024-08-05 00:00:00' AND rp.term_date >= '2024-08-05 00:00:00'
                AND s.region_id = 1;
        
[2026-08-24 09:18:07,423] [merqutil.db] [INFO] [56923] 1 rows selected in 0.013773666927590966 s
[2026-08-24 09:18:07,490] [merq.merq_platform.impl.services.options.ivol_utils] [DEBUG] [56923] Created temp table temp_option_contract_keys with index
[2026-08-24 09:18:07,490] [merq.merq_platform.impl.services.options.ivol_utils] [DEBUG] [56923] Populating temp table with 1 option keys
[2026-08-24 09:18:07,528] [merq.merq_platform.impl.services.options.ivol_utils] [DEBUG] [56923] Inserted 1 keys into temp table in 1 batches
[2026-08-24 09:18:07,570] [merqutil.db] [DEBUG] [56923] materializing option contracts: : running sql
CREATE TEMP TABLE temp_option_contracts AS 
        SELECT
            ov.t_date,
            ov.expiration_date, ov.call_put, ov.strike, ov.root, e.mic,
            ov.stock_id, ov.root_id
        FROM ivol.option_value ov
        JOIN ivol.root_property rp
            ON rp.root_id = ov.root_id
            AND '2024-08-05 00:00:00' BETWEEN rp.t_date AND rp.term_date
        JOIN ivol.exchange e
            ON e.exchange_id = rp.exchange_id
        JOIN temp_option_contract_keys tok
            ON ov.expiration_date = tok.expiration_date
            AND ov.call_put = tok.call_put
            AND ov.strike = tok.strike
            AND ov.root = tok.root
            AND e.mic = tok.mic
        WHERE ov.t_date = '2024-08-05 00:00:00'
        UNION ALL
        SELECT
            ovn.t_date,
            ovn.expiration_date, ovn.call_put, ovn.strike, ovn.root, e.mic,
            ovn.stock_id, ovn.root_id
        FROM ivol.option_value_ns ovn
        JOIN ivol.root_property rp
            ON rp.root_id = ovn.root_id
            AND '2024-08-05 00:00:00' BETWEEN rp.t_date AND rp.term_date
        JOIN ivol.exchange e
            ON e.exchange_id = rp.exchange_id
        JOIN temp_option_contract_keys tok
            ON ovn.expiration_date = tok.expiration_date
            AND ovn.call_put = tok.call_put
            AND ovn.strike = tok.strike
            AND ovn.root = tok.root
            AND e.mic = tok.mic
        WHERE ovn.t_date = '2024-08-05 00:00:00'
    
[2026-08-24 09:18:07,611] [merqutil.db] [INFO] [56923] materializing option contracts: 1 rows created in 0.040624957997351885 s
[2026-08-24 09:18:07,687] [merqutil.db] [DEBUG] [56923] : running sql

            SELECT
                ov.root, ov.expiration_date, ov.call_put, ov.strike, ov.mic,
                replace(ss.symbol, '/', '.') as symbol
            FROM temp_option_contracts ov
            JOIN ivol.stock_symbol ss
                ON (ss.stock_id = ov.stock_id
                    AND '2024-08-05 00:00:00' BETWEEN ss.t_date AND ss.term_date
                    AND ss.symbol not like '%%%%7' -- Exclude mini options
                )
            JOIN ivol.stock s
                ON (ss.stock_id = s.stock_id)
            WHERE
                s.type IN ('S', 'F')
        
[2026-08-24 09:18:07,714] [merqutil.db] [INFO] [56923] 1 rows selected in 0.0264529581181705 s
[2026-08-24 09:18:07,715] [merqutil.db] [DEBUG] [56923] : running sql

            SELECT
                rp.symbol, e.mic
            FROM ivol.root_property rp
            JOIN ivol.exchange e
                ON e.exchange_id = rp.exchange_id
            JOIN ivol.stock s
                ON s.stock_id = rp.stock_id
            WHERE rp.symbol in ('SPY')
                AND rp.t_date <= '2024-08-05 00:00:00' AND rp.term_date >= '2024-08-05 00:00:00'
                AND s.region_id = 1;
        
[2026-08-24 09:18:07,727] [merqutil.db] [INFO] [56923] 1 rows selected in 0.01224012509919703 s
[2026-08-24 09:18:07,793] [merq.merq_platform.impl.services.options.ivol_utils] [DEBUG] [56923] Created temp table temp_option_contract_keys with index
[2026-08-24 09:18:07,793] [merq.merq_platform.impl.services.options.ivol_utils] [DEBUG] [56923] Populating temp table with 1 option keys
[2026-08-24 09:18:07,833] [merq.merq_platform.impl.services.options.ivol_utils] [DEBUG] [56923] Inserted 1 keys into temp table in 1 batches
[2026-08-24 09:18:07,871] [merqutil.db] [DEBUG] [56923] materializing option contracts: : running sql
CREATE TEMP TABLE temp_option_contracts AS 
        SELECT
            ov.t_date,
            ov.expiration_date, ov.call_put, ov.strike, ov.root, e.mic,
            ov.stock_id, ov.root_id
        FROM ivol.option_value ov
        JOIN ivol.root_property rp
            ON rp.root_id = ov.root_id
            AND '2024-08-05 00:00:00' BETWEEN rp.t_date AND rp.term_date
        JOIN ivol.exchange e
            ON e.exchange_id = rp.exchange_id
        JOIN temp_option_contract_keys tok
            ON ov.expiration_date = tok.expiration_date
            AND ov.call_put = tok.call_put
            AND ov.strike = tok.strike
            AND ov.root = tok.root
            AND e.mic = tok.mic
        WHERE ov.t_date = '2024-08-05 00:00:00'
        UNION ALL
        SELECT
            ovn.t_date,
            ovn.expiration_date, ovn.call_put, ovn.strike, ovn.root, e.mic,
            ovn.stock_id, ovn.root_id
        FROM ivol.option_value_ns ovn
        JOIN ivol.root_property rp
            ON rp.root_id = ovn.root_id
            AND '2024-08-05 00:00:00' BETWEEN rp.t_date AND rp.term_date
        JOIN ivol.exchange e
            ON e.exchange_id = rp.exchange_id
        JOIN temp_option_contract_keys tok
            ON ovn.expiration_date = tok.expiration_date
            AND ovn.call_put = tok.call_put
            AND ovn.strike = tok.strike
            AND ovn.root = tok.root
            AND e.mic = tok.mic
        WHERE ovn.t_date = '2024-08-05 00:00:00'
    
[2026-08-24 09:18:07,917] [merqutil.db] [INFO] [56923] materializing option contracts: 1 rows created in 0.045358916046097875 s
[2026-08-24 09:18:07,998] [merqutil.db] [DEBUG] [56923] : running sql

            SELECT
                ov.root, ov.expiration_date, ov.call_put, ov.strike, ov.mic,
                replace(ss.symbol, '/', '.') as symbol
            FROM temp_option_contracts ov
            JOIN ivol.stock_symbol ss
                ON (ss.stock_id = ov.stock_id
                    AND '2024-08-05 00:00:00' BETWEEN ss.t_date AND ss.term_date
                    AND ss.symbol not like '%%%%7' -- Exclude mini options
                )
            JOIN ivol.stock s
                ON (ss.stock_id = s.stock_id)
            WHERE
                s.type IN ('I')
        
[2026-08-24 09:18:08,024] [merqutil.db] [INFO] [56923] 0 rows selected in 0.02583537483587861 s
[2026-08-24 09:18:08,024] [merq.merq_platform.impl.services.options.ivol_utils] [DEBUG] [56923] Getting external id for <class 'merq.merq_platform.api.components.identifiers.merq_equity_id.MerqEquityListingId'> with 1 ids.
[2026-08-24 09:18:08,025] [merqutil.db] [DEBUG] [56923] : running sql

        SELECT
            REPLACE(ss.symbol, '/', '.') AS symbol,
            s.region_id,
            e.mic
        FROM ivol.stock_symbol ss
        JOIN ivol.stock s
            ON s.stock_id = ss.stock_id
        LEFT JOIN ivol.exchange e
            ON e.exchange_id = ss.exchange_id
        WHERE (replace(ss.symbol, '/', '.'), s.region_id) in (('SPY', 1)) AND
            '2024-08-06 00:00:00' between ss.t_date and ss.term_date
    
[2026-08-24 09:18:08,042] [merqutil.db] [INFO] [56923] 1 rows selected in 0.016951875062659383 s
[2026-08-24 09:18:08,042] [merq.merq_platform.impl.services.options.ivol_utils] [DEBUG] [56923] Getting stock ids for 1 merq_ids, effective date: 2024-08-06 00:00:00.
[2026-08-24 09:18:08,042] [merqutil.db] [DEBUG] [56923] : running sql

        SELECT
            MAX(ss.stock_id) AS stock_id,
            REPLACE(ss.symbol, '/', '.') AS symbol,
            e.mic
        FROM ivol.stock_symbol ss
        LEFT JOIN ivol.exchange e
            ON e.exchange_id = ss.exchange_id
        WHERE
            (REPLACE(ss.symbol, '/', '.'), COALESCE(e.mic, 'NA')) IN (('SPY', 'ARCX')) AND
            '2024-08-06 00:00:00' BETWEEN ss.t_date AND ss.term_date
        GROUP BY ss.symbol, e.mic
        HAVING COUNT(DISTINCT ss.stock_id) = 1
    
[2026-08-24 09:18:08,059] [merqutil.db] [INFO] [56923] 1 rows selected in 0.01649112510494888 s
[2026-08-24 09:18:08,059] [merq.merq_platform.impl.services.options.ivol_utils] [DEBUG] [56923] Found 1 symbol, mic pairs mapping to stock ids.
[2026-08-24 09:18:08,059] [merqutil.db] [DEBUG] [56923] : running sql

            SELECT ca.ex_date, ca.action_type, ca.stock_id
            FROM merq.corp_actions ca
            WHERE ca.ex_date = '2024-08-06 00:00:00' AND
                ca.action_type in ('dvd', 'spl', 'sdvd', 'sp', 'distr', 'rts') AND
                ca.stock_id in (627)
        
[2026-08-24 09:18:08,074] [merqutil.db] [INFO] [56923] 0 rows selected in 0.014402208849787712 s
[2026-08-24 09:18:08,077] [merqutil.db] [DEBUG] [56923] : running sql

        SELECT d.stock_id, d.last_dvd_date, d.last_dvd_amount, d.real_last_dvd_amount, d.dvd_ccy
        FROM ivol.dividend d
        WHERE d.last_dvd_date = '2024-08-06 00:00:00' AND
            d.stock_id in (627)
        
[2026-08-24 09:18:08,091] [merqutil.db] [INFO] [56923] 0 rows selected in 0.012766208965331316 s
[2026-08-24 09:18:08,091] [merqutil.db] [DEBUG] [56923] : running sql

            SELECT COUNT(*)
            FROM merq.corp_actions ca
            JOIN ivol.root_property rp
                ON (
                    rp.stock_id=ca.stock_id
                )
            WHERE (ca.ex_date='2024-08-05 00:00:00' OR ca.ex_date='2024-08-06 00:00:00')
                AND ca.action_type='rn'
                AND rp.action_type='RootRn'
                AND rp.t_date='2024-08-06 00:00:00'
                AND ca.stock_id IN (627);
        
[2026-08-24 09:18:08,104] [merqutil.db] [INFO] [56923] 1 rows selected in 0.013227750081568956 s
[2026-08-24 09:18:08,106] [merq.merq_platform.api.components.computation_pipeline.level_computers.standard_level_computer] [DEBUG] [56923] Equities contribution to index level: 950.1753870452334
[2026-08-24 09:18:08,106] [merq.merq_platform.api.components.computation_pipeline.level_computers.standard_level_computer] [DEBUG] [56923] Options contribution to index level: -4.63719674569802
[2026-08-24 09:18:08,106] [merq.merq_platform.api.components.computation_pipeline.level_computers.standard_level_computer] [DEBUG] [56923] Cash contribution to index level: 16.20723219040974
[2026-08-24 09:18:08,107] [merq.merq_platform.api.components.computation_pipeline.level_computers.standard_level_computer] [DEBUG] [56923] Equities contribution to index level: 958.9355567390866
[2026-08-24 09:18:08,107] [merq.merq_platform.api.components.computation_pipeline.level_computers.standard_level_computer] [DEBUG] [56923] Options contribution to index level: -3.066977649629962
[2026-08-24 09:18:08,108] [merq.merq_platform.api.components.computation_pipeline.level_computers.standard_level_computer] [DEBUG] [56923] Cash contribution to index level: 16.20723219040974
[2026-08-24 09:18:08,108] [merq.merq_platform.api.indices.multi_asset.multi_asset_base_index] [INFO] [56923] Computed index level for 2024-08-06 00:00:00 as 972.0758112798663
[2026-08-24 09:18:08,109] [merq.merq_platform.api.components.computation_pipeline.level_computers.standard_level_computer] [DEBUG] [56923] Equities contribution to index level: 958.9355567390866
[2026-08-24 09:18:08,109] [merq.merq_platform.api.components.computation_pipeline.level_computers.standard_level_computer] [DEBUG] [56923] Options contribution to index level: -3.066977649629962
[2026-08-24 09:18:08,109] [merq.merq_platform.api.components.computation_pipeline.level_computers.standard_level_computer] [DEBUG] [56923] Cash contribution to index level: 16.20723219040974
[2026-08-24 09:18:08,120] [merq.merq_platform.api.indices.multi_asset.multi_asset_base_index] [DEBUG] [56923] Loaded in portfolio for date 2024-08-06 00:00:00
[2026-08-24 09:18:08,120] [merq.merq_platform.api.components.computation_pipeline.corax_loaders.index_corporate_actions_loader] [DEBUG] [56923] Loading corporate actions for el merq ids in unknown from 2024-08-07 00:00:00 to 2024-08-07 00:00:00...
[2026-08-24 09:18:08,120] [merq.merq_platform.api.components.computation_pipeline.corax_loaders.index_corporate_actions_loader] [DEBUG] [56923] Loading corporate actions for op merq ids in unknown from 2024-08-07 00:00:00 to 2024-08-07 00:00:00...
[2026-08-24 09:18:08,120] [merq.merq_platform.impl.services.options.ivol_reference_data_provider] [DEBUG] [56923] Getting underlying for 1 option contracts on eff_date: 2024-08-06 00:00:00
[2026-08-24 09:18:08,121] [merqutil.db] [DEBUG] [56923] : running sql

            SELECT
                rp.symbol, e.mic
            FROM ivol.root_property rp
            JOIN ivol.exchange e
                ON e.exchange_id = rp.exchange_id
            JOIN ivol.stock s
                ON s.stock_id = rp.stock_id
            WHERE rp.symbol in ('SPY')
                AND rp.t_date <= '2024-08-06 00:00:00' AND rp.term_date >= '2024-08-06 00:00:00'
                AND s.region_id = 1;
        
[2026-08-24 09:18:08,133] [merqutil.db] [INFO] [56923] 1 rows selected in 0.01239412510767579 s
[2026-08-24 09:18:08,199] [merq.merq_platform.impl.services.options.ivol_utils] [DEBUG] [56923] Created temp table temp_option_contract_keys with index
[2026-08-24 09:18:08,199] [merq.merq_platform.impl.services.options.ivol_utils] [DEBUG] [56923] Populating temp table with 1 option keys
[2026-08-24 09:18:08,239] [merq.merq_platform.impl.services.options.ivol_utils] [DEBUG] [56923] Inserted 1 keys into temp table in 1 batches
[2026-08-24 09:18:08,283] [merqutil.db] [DEBUG] [56923] materializing option contracts: : running sql
CREATE TEMP TABLE temp_option_contracts AS 
        SELECT
            ov.t_date,
            ov.expiration_date, ov.call_put, ov.strike, ov.root, e.mic,
            ov.stock_id, ov.root_id
        FROM ivol.option_value ov
        JOIN ivol.root_property rp
            ON rp.root_id = ov.root_id
            AND '2024-08-06 00:00:00' BETWEEN rp.t_date AND rp.term_date
        JOIN ivol.exchange e
            ON e.exchange_id = rp.exchange_id
        JOIN temp_option_contract_keys tok
            ON ov.expiration_date = tok.expiration_date
            AND ov.call_put = tok.call_put
            AND ov.strike = tok.strike
            AND ov.root = tok.root
            AND e.mic = tok.mic
        WHERE ov.t_date = '2024-08-06 00:00:00'
        UNION ALL
        SELECT
            ovn.t_date,
            ovn.expiration_date, ovn.call_put, ovn.strike, ovn.root, e.mic,
            ovn.stock_id, ovn.root_id
        FROM ivol.option_value_ns ovn
        JOIN ivol.root_property rp
            ON rp.root_id = ovn.root_id
            AND '2024-08-06 00:00:00' BETWEEN rp.t_date AND rp.term_date
        JOIN ivol.exchange e
            ON e.exchange_id = rp.exchange_id
        JOIN temp_option_contract_keys tok
            ON ovn.expiration_date = tok.expiration_date
            AND ovn.call_put = tok.call_put
            AND ovn.strike = tok.strike
            AND ovn.root = tok.root
            AND e.mic = tok.mic
        WHERE ovn.t_date = '2024-08-06 00:00:00'
    
[2026-08-24 09:18:08,325] [merqutil.db] [INFO] [56923] materializing option contracts: 1 rows created in 0.04241070803254843 s
[2026-08-24 09:18:08,402] [merqutil.db] [DEBUG] [56923] : running sql

            SELECT
                ov.root, ov.expiration_date, ov.call_put, ov.strike, ov.mic,
                replace(ss.symbol, '/', '.') as symbol
            FROM temp_option_contracts ov
            JOIN ivol.stock_symbol ss
                ON (ss.stock_id = ov.stock_id
                    AND '2024-08-06 00:00:00' BETWEEN ss.t_date AND ss.term_date
                    AND ss.symbol not like '%%%%7' -- Exclude mini options
                )
            JOIN ivol.stock s
                ON (ss.stock_id = s.stock_id)
            WHERE
                s.type IN ('S', 'F')
        
[2026-08-24 09:18:08,430] [merqutil.db] [INFO] [56923] 1 rows selected in 0.02750375005416572 s
[2026-08-24 09:18:08,431] [merqutil.db] [DEBUG] [56923] : running sql

            SELECT
                rp.symbol, e.mic
            FROM ivol.root_property rp
            JOIN ivol.exchange e
                ON e.exchange_id = rp.exchange_id
            JOIN ivol.stock s
                ON s.stock_id = rp.stock_id
            WHERE rp.symbol in ('SPY')
                AND rp.t_date <= '2024-08-06 00:00:00' AND rp.term_date >= '2024-08-06 00:00:00'
                AND s.region_id = 1;
        
[2026-08-24 09:18:08,445] [merqutil.db] [INFO] [56923] 1 rows selected in 0.014021707931533456 s
[2026-08-24 09:18:08,515] [merq.merq_platform.impl.services.options.ivol_utils] [DEBUG] [56923] Created temp table temp_option_contract_keys with index
[2026-08-24 09:18:08,515] [merq.merq_platform.impl.services.options.ivol_utils] [DEBUG] [56923] Populating temp table with 1 option keys
[2026-08-24 09:18:08,553] [merq.merq_platform.impl.services.options.ivol_utils] [DEBUG] [56923] Inserted 1 keys into temp table in 1 batches
[2026-08-24 09:18:08,593] [merqutil.db] [DEBUG] [56923] materializing option contracts: : running sql
CREATE TEMP TABLE temp_option_contracts AS 
        SELECT
            ov.t_date,
            ov.expiration_date, ov.call_put, ov.strike, ov.root, e.mic,
            ov.stock_id, ov.root_id
        FROM ivol.option_value ov
        JOIN ivol.root_property rp
            ON rp.root_id = ov.root_id
            AND '2024-08-06 00:00:00' BETWEEN rp.t_date AND rp.term_date
        JOIN ivol.exchange e
            ON e.exchange_id = rp.exchange_id
        JOIN temp_option_contract_keys tok
            ON ov.expiration_date = tok.expiration_date
            AND ov.call_put = tok.call_put
            AND ov.strike = tok.strike
            AND ov.root = tok.root
            AND e.mic = tok.mic
        WHERE ov.t_date = '2024-08-06 00:00:00'
        UNION ALL
        SELECT
            ovn.t_date,
            ovn.expiration_date, ovn.call_put, ovn.strike, ovn.root, e.mic,
            ovn.stock_id, ovn.root_id
        FROM ivol.option_value_ns ovn
        JOIN ivol.root_property rp
            ON rp.root_id = ovn.root_id
            AND '2024-08-06 00:00:00' BETWEEN rp.t_date AND rp.term_date
        JOIN ivol.exchange e
            ON e.exchange_id = rp.exchange_id
        JOIN temp_option_contract_keys tok
            ON ovn.expiration_date = tok.expiration_date
            AND ovn.call_put = tok.call_put
            AND ovn.strike = tok.strike
            AND ovn.root = tok.root
            AND e.mic = tok.mic
        WHERE ovn.t_date = '2024-08-06 00:00:00'
    
[2026-08-24 09:18:08,634] [merqutil.db] [INFO] [56923] materializing option contracts: 1 rows created in 0.04035504185594618 s
[2026-08-24 09:18:08,723] [merqutil.db] [DEBUG] [56923] : running sql

            SELECT
                ov.root, ov.expiration_date, ov.call_put, ov.strike, ov.mic,
                replace(ss.symbol, '/', '.') as symbol
            FROM temp_option_contracts ov
            JOIN ivol.stock_symbol ss
                ON (ss.stock_id = ov.stock_id
                    AND '2024-08-06 00:00:00' BETWEEN ss.t_date AND ss.term_date
                    AND ss.symbol not like '%%%%7' -- Exclude mini options
                )
            JOIN ivol.stock s
                ON (ss.stock_id = s.stock_id)
            WHERE
                s.type IN ('I')
        
[2026-08-24 09:18:08,747] [merqutil.db] [INFO] [56923] 0 rows selected in 0.023776249960064888 s
[2026-08-24 09:18:08,747] [merq.merq_platform.impl.services.options.ivol_utils] [DEBUG] [56923] Getting external id for <class 'merq.merq_platform.api.components.identifiers.merq_equity_id.MerqEquityListingId'> with 1 ids.
[2026-08-24 09:18:08,747] [merqutil.db] [DEBUG] [56923] : running sql

        SELECT
            REPLACE(ss.symbol, '/', '.') AS symbol,
            s.region_id,
            e.mic
        FROM ivol.stock_symbol ss
        JOIN ivol.stock s
            ON s.stock_id = ss.stock_id
        LEFT JOIN ivol.exchange e
            ON e.exchange_id = ss.exchange_id
        WHERE (replace(ss.symbol, '/', '.'), s.region_id) in (('SPY', 1)) AND
            '2024-08-07 00:00:00' between ss.t_date and ss.term_date
    
[2026-08-24 09:18:08,766] [merqutil.db] [INFO] [56923] 1 rows selected in 0.01845870795659721 s
[2026-08-24 09:18:08,766] [merq.merq_platform.impl.services.options.ivol_utils] [DEBUG] [56923] Getting stock ids for 1 merq_ids, effective date: 2024-08-07 00:00:00.
[2026-08-24 09:18:08,766] [merqutil.db] [DEBUG] [56923] : running sql

        SELECT
            MAX(ss.stock_id) AS stock_id,
            REPLACE(ss.symbol, '/', '.') AS symbol,
            e.mic
        FROM ivol.stock_symbol ss
        LEFT JOIN ivol.exchange e
            ON e.exchange_id = ss.exchange_id
        WHERE
            (REPLACE(ss.symbol, '/', '.'), COALESCE(e.mic, 'NA')) IN (('SPY', 'ARCX')) AND
            '2024-08-07 00:00:00' BETWEEN ss.t_date AND ss.term_date
        GROUP BY ss.symbol, e.mic
        HAVING COUNT(DISTINCT ss.stock_id) = 1
    
[2026-08-24 09:18:08,783] [merqutil.db] [INFO] [56923] 1 rows selected in 0.016965792048722506 s
[2026-08-24 09:18:08,783] [merq.merq_platform.impl.services.options.ivol_utils] [DEBUG] [56923] Found 1 symbol, mic pairs mapping to stock ids.
[2026-08-24 09:18:08,784] [merqutil.db] [DEBUG] [56923] : running sql

            SELECT ca.ex_date, ca.action_type, ca.stock_id
            FROM merq.corp_actions ca
            WHERE ca.ex_date = '2024-08-07 00:00:00' AND
                ca.action_type in ('dvd', 'spl', 'sdvd', 'sp', 'distr', 'rts') AND
                ca.stock_id in (627)
        
[2026-08-24 09:18:08,796] [merqutil.db] [INFO] [56923] 0 rows selected in 0.012534583220258355 s
[2026-08-24 09:18:08,796] [merqutil.db] [DEBUG] [56923] : running sql

        SELECT d.stock_id, d.last_dvd_date, d.last_dvd_amount, d.real_last_dvd_amount, d.dvd_ccy
        FROM ivol.dividend d
        WHERE d.last_dvd_date = '2024-08-07 00:00:00' AND
            d.stock_id in (627)
        
[2026-08-24 09:18:08,809] [merqutil.db] [INFO] [56923] 0 rows selected in 0.01284270896576345 s
[2026-08-24 09:18:08,810] [merqutil.db] [DEBUG] [56923] : running sql

            SELECT COUNT(*)
            FROM merq.corp_actions ca
            JOIN ivol.root_property rp
                ON (
                    rp.stock_id=ca.stock_id
                )
            WHERE (ca.ex_date='2024-08-06 00:00:00' OR ca.ex_date='2024-08-07 00:00:00')
                AND ca.action_type='rn'
                AND rp.action_type='RootRn'
                AND rp.t_date='2024-08-07 00:00:00'
                AND ca.stock_id IN (627);
        
[2026-08-24 09:18:08,823] [merqutil.db] [INFO] [56923] 1 rows selected in 0.013117332942783833 s
[2026-08-24 09:18:08,825] [merq.merq_platform.api.components.computation_pipeline.level_computers.standard_level_computer] [DEBUG] [56923] Equities contribution to index level: 958.9355567390866
[2026-08-24 09:18:08,825] [merq.merq_platform.api.components.computation_pipeline.level_computers.standard_level_computer] [DEBUG] [56923] Options contribution to index level: -3.066977649629962
[2026-08-24 09:18:08,825] [merq.merq_platform.api.components.computation_pipeline.level_computers.standard_level_computer] [DEBUG] [56923] Cash contribution to index level: 16.20723219040974
[2026-08-24 09:18:08,826] [merq.merq_platform.api.components.computation_pipeline.level_computers.standard_level_computer] [DEBUG] [56923] Equities contribution to index level: 952.5261244054287
[2026-08-24 09:18:08,826] [merq.merq_platform.api.components.computation_pipeline.level_computers.standard_level_computer] [DEBUG] [56923] Options contribution to index level: -2.6353969624066167
[2026-08-24 09:18:08,826] [merq.merq_platform.api.components.computation_pipeline.level_computers.standard_level_computer] [DEBUG] [56923] Cash contribution to index level: 16.20723219040974
[2026-08-24 09:18:08,826] [merq.merq_platform.api.indices.multi_asset.multi_asset_base_index] [INFO] [56923] Computed index level for 2024-08-07 00:00:00 as 966.0979596334319
[2026-08-24 09:18:08,827] [merq.merq_platform.api.components.computation_pipeline.level_computers.standard_level_computer] [DEBUG] [56923] Equities contribution to index level: 952.5261244054287
[2026-08-24 09:18:08,827] [merq.merq_platform.api.components.computation_pipeline.level_computers.standard_level_computer] [DEBUG] [56923] Options contribution to index level: -2.6353969624066167
[2026-08-24 09:18:08,827] [merq.merq_platform.api.components.computation_pipeline.level_computers.standard_level_computer] [DEBUG] [56923] Cash contribution to index level: 16.20723219040974
[2026-08-24 09:18:08,840] [merq.merq_platform.api.indices.multi_asset.multi_asset_base_index] [DEBUG] [56923] Loaded in portfolio for date 2024-08-07 00:00:00
[2026-08-24 09:18:08,840] [merq.merq_platform.api.components.computation_pipeline.corax_loaders.index_corporate_actions_loader] [DEBUG] [56923] Loading corporate actions for el merq ids in unknown from 2024-08-08 00:00:00 to 2024-08-08 00:00:00...
[2026-08-24 09:18:08,841] [merq.merq_platform.api.components.computation_pipeline.corax_loaders.index_corporate_actions_loader] [DEBUG] [56923] Loading corporate actions for op merq ids in unknown from 2024-08-08 00:00:00 to 2024-08-08 00:00:00...
[2026-08-24 09:18:08,841] [merq.merq_platform.impl.services.options.ivol_reference_data_provider] [DEBUG] [56923] Getting underlying for 1 option contracts on eff_date: 2024-08-07 00:00:00
[2026-08-24 09:18:08,841] [merqutil.db] [DEBUG] [56923] : running sql

            SELECT
                rp.symbol, e.mic
            FROM ivol.root_property rp
            JOIN ivol.exchange e
                ON e.exchange_id = rp.exchange_id
            JOIN ivol.stock s
                ON s.stock_id = rp.stock_id
            WHERE rp.symbol in ('SPY')
                AND rp.t_date <= '2024-08-07 00:00:00' AND rp.term_date >= '2024-08-07 00:00:00'
                AND s.region_id = 1;
        
[2026-08-24 09:18:08,857] [merqutil.db] [INFO] [56923] 1 rows selected in 0.015436375048011541 s
[2026-08-24 09:18:08,921] [merq.merq_platform.impl.services.options.ivol_utils] [DEBUG] [56923] Created temp table temp_option_contract_keys with index
[2026-08-24 09:18:08,921] [merq.merq_platform.impl.services.options.ivol_utils] [DEBUG] [56923] Populating temp table with 1 option keys
[2026-08-24 09:18:08,960] [merq.merq_platform.impl.services.options.ivol_utils] [DEBUG] [56923] Inserted 1 keys into temp table in 1 batches
[2026-08-24 09:18:09,000] [merqutil.db] [DEBUG] [56923] materializing option contracts: : running sql
CREATE TEMP TABLE temp_option_contracts AS 
        SELECT
            ov.t_date,
            ov.expiration_date, ov.call_put, ov.strike, ov.root, e.mic,
            ov.stock_id, ov.root_id
        FROM ivol.option_value ov
        JOIN ivol.root_property rp
            ON rp.root_id = ov.root_id
            AND '2024-08-07 00:00:00' BETWEEN rp.t_date AND rp.term_date
        JOIN ivol.exchange e
            ON e.exchange_id = rp.exchange_id
        JOIN temp_option_contract_keys tok
            ON ov.expiration_date = tok.expiration_date
            AND ov.call_put = tok.call_put
            AND ov.strike = tok.strike
            AND ov.root = tok.root
            AND e.mic = tok.mic
        WHERE ov.t_date = '2024-08-07 00:00:00'
        UNION ALL
        SELECT
            ovn.t_date,
            ovn.expiration_date, ovn.call_put, ovn.strike, ovn.root, e.mic,
            ovn.stock_id, ovn.root_id
        FROM ivol.option_value_ns ovn
        JOIN ivol.root_property rp
            ON rp.root_id = ovn.root_id
            AND '2024-08-07 00:00:00' BETWEEN rp.t_date AND rp.term_date
        JOIN ivol.exchange e
            ON e.exchange_id = rp.exchange_id
        JOIN temp_option_contract_keys tok
            ON ovn.expiration_date = tok.expiration_date
            AND ovn.call_put = tok.call_put
            AND ovn.strike = tok.strike
            AND ovn.root = tok.root
            AND e.mic = tok.mic
        WHERE ovn.t_date = '2024-08-07 00:00:00'
    
[2026-08-24 09:18:09,040] [merqutil.db] [INFO] [56923] materializing option contracts: 1 rows created in 0.04053370817564428 s
[2026-08-24 09:18:09,121] [merqutil.db] [DEBUG] [56923] : running sql

            SELECT
                ov.root, ov.expiration_date, ov.call_put, ov.strike, ov.mic,
                replace(ss.symbol, '/', '.') as symbol
            FROM temp_option_contracts ov
            JOIN ivol.stock_symbol ss
                ON (ss.stock_id = ov.stock_id
                    AND '2024-08-07 00:00:00' BETWEEN ss.t_date AND ss.term_date
                    AND ss.symbol not like '%%%%7' -- Exclude mini options
                )
            JOIN ivol.stock s
                ON (ss.stock_id = s.stock_id)
            WHERE
                s.type IN ('S', 'F')
        
[2026-08-24 09:18:09,145] [merqutil.db] [INFO] [56923] 1 rows selected in 0.024171500001102686 s
[2026-08-24 09:18:09,146] [merqutil.db] [DEBUG] [56923] : running sql

            SELECT
                rp.symbol, e.mic
            FROM ivol.root_property rp
            JOIN ivol.exchange e
                ON e.exchange_id = rp.exchange_id
            JOIN ivol.stock s
                ON s.stock_id = rp.stock_id
            WHERE rp.symbol in ('SPY')
                AND rp.t_date <= '2024-08-07 00:00:00' AND rp.term_date >= '2024-08-07 00:00:00'
                AND s.region_id = 1;
        
[2026-08-24 09:18:09,159] [merqutil.db] [INFO] [56923] 1 rows selected in 0.012803582940250635 s
[2026-08-24 09:18:09,226] [merq.merq_platform.impl.services.options.ivol_utils] [DEBUG] [56923] Created temp table temp_option_contract_keys with index
[2026-08-24 09:18:09,226] [merq.merq_platform.impl.services.options.ivol_utils] [DEBUG] [56923] Populating temp table with 1 option keys
[2026-08-24 09:18:09,263] [merq.merq_platform.impl.services.options.ivol_utils] [DEBUG] [56923] Inserted 1 keys into temp table in 1 batches
[2026-08-24 09:18:09,302] [merqutil.db] [DEBUG] [56923] materializing option contracts: : running sql
CREATE TEMP TABLE temp_option_contracts AS 
        SELECT
            ov.t_date,
            ov.expiration_date, ov.call_put, ov.strike, ov.root, e.mic,
            ov.stock_id, ov.root_id
        FROM ivol.option_value ov
        JOIN ivol.root_property rp
            ON rp.root_id = ov.root_id
            AND '2024-08-07 00:00:00' BETWEEN rp.t_date AND rp.term_date
        JOIN ivol.exchange e
            ON e.exchange_id = rp.exchange_id
        JOIN temp_option_contract_keys tok
            ON ov.expiration_date = tok.expiration_date
            AND ov.call_put = tok.call_put
            AND ov.strike = tok.strike
            AND ov.root = tok.root
            AND e.mic = tok.mic
        WHERE ov.t_date = '2024-08-07 00:00:00'
        UNION ALL
        SELECT
            ovn.t_date,
            ovn.expiration_date, ovn.call_put, ovn.strike, ovn.root, e.mic,
            ovn.stock_id, ovn.root_id
        FROM ivol.option_value_ns ovn
        JOIN ivol.root_property rp
            ON rp.root_id = ovn.root_id
            AND '2024-08-07 00:00:00' BETWEEN rp.t_date AND rp.term_date
        JOIN ivol.exchange e
            ON e.exchange_id = rp.exchange_id
        JOIN temp_option_contract_keys tok
            ON ovn.expiration_date = tok.expiration_date
            AND ovn.call_put = tok.call_put
            AND ovn.strike = tok.strike
            AND ovn.root = tok.root
            AND e.mic = tok.mic
        WHERE ovn.t_date = '2024-08-07 00:00:00'
    
[2026-08-24 09:18:09,344] [merqutil.db] [INFO] [56923] materializing option contracts: 1 rows created in 0.04156441614031792 s
[2026-08-24 09:18:09,423] [merqutil.db] [DEBUG] [56923] : running sql

            SELECT
                ov.root, ov.expiration_date, ov.call_put, ov.strike, ov.mic,
                replace(ss.symbol, '/', '.') as symbol
            FROM temp_option_contracts ov
            JOIN ivol.stock_symbol ss
                ON (ss.stock_id = ov.stock_id
                    AND '2024-08-07 00:00:00' BETWEEN ss.t_date AND ss.term_date
                    AND ss.symbol not like '%%%%7' -- Exclude mini options
                )
            JOIN ivol.stock s
                ON (ss.stock_id = s.stock_id)
            WHERE
                s.type IN ('I')
        
[2026-08-24 09:18:09,448] [merqutil.db] [INFO] [56923] 0 rows selected in 0.025015332968905568 s
[2026-08-24 09:18:09,449] [merq.merq_platform.impl.services.options.ivol_utils] [DEBUG] [56923] Getting external id for <class 'merq.merq_platform.api.components.identifiers.merq_equity_id.MerqEquityListingId'> with 1 ids.
[2026-08-24 09:18:09,449] [merqutil.db] [DEBUG] [56923] : running sql

        SELECT
            REPLACE(ss.symbol, '/', '.') AS symbol,
            s.region_id,
            e.mic
        FROM ivol.stock_symbol ss
        JOIN ivol.stock s
            ON s.stock_id = ss.stock_id
        LEFT JOIN ivol.exchange e
            ON e.exchange_id = ss.exchange_id
        WHERE (replace(ss.symbol, '/', '.'), s.region_id) in (('SPY', 1)) AND
            '2024-08-08 00:00:00' between ss.t_date and ss.term_date
    
[2026-08-24 09:18:09,466] [merqutil.db] [INFO] [56923] 1 rows selected in 0.016832374967634678 s
[2026-08-24 09:18:09,466] [merq.merq_platform.impl.services.options.ivol_utils] [DEBUG] [56923] Getting stock ids for 1 merq_ids, effective date: 2024-08-08 00:00:00.
[2026-08-24 09:18:09,466] [merqutil.db] [DEBUG] [56923] : running sql

        SELECT
            MAX(ss.stock_id) AS stock_id,
            REPLACE(ss.symbol, '/', '.') AS symbol,
            e.mic
        FROM ivol.stock_symbol ss
        LEFT JOIN ivol.exchange e
            ON e.exchange_id = ss.exchange_id
        WHERE
            (REPLACE(ss.symbol, '/', '.'), COALESCE(e.mic, 'NA')) IN (('SPY', 'ARCX')) AND
            '2024-08-08 00:00:00' BETWEEN ss.t_date AND ss.term_date
        GROUP BY ss.symbol, e.mic
        HAVING COUNT(DISTINCT ss.stock_id) = 1
    
[2026-08-24 09:18:09,483] [merqutil.db] [INFO] [56923] 1 rows selected in 0.017020416911691427 s
[2026-08-24 09:18:09,484] [merq.merq_platform.impl.services.options.ivol_utils] [DEBUG] [56923] Found 1 symbol, mic pairs mapping to stock ids.
[2026-08-24 09:18:09,484] [merqutil.db] [DEBUG] [56923] : running sql

            SELECT ca.ex_date, ca.action_type, ca.stock_id
            FROM merq.corp_actions ca
            WHERE ca.ex_date = '2024-08-08 00:00:00' AND
                ca.action_type in ('dvd', 'spl', 'sdvd', 'sp', 'distr', 'rts') AND
                ca.stock_id in (627)
        
[2026-08-24 09:18:09,497] [merqutil.db] [INFO] [56923] 0 rows selected in 0.01272716699168086 s
[2026-08-24 09:18:09,497] [merqutil.db] [DEBUG] [56923] : running sql

        SELECT d.stock_id, d.last_dvd_date, d.last_dvd_amount, d.real_last_dvd_amount, d.dvd_ccy
        FROM ivol.dividend d
        WHERE d.last_dvd_date = '2024-08-08 00:00:00' AND
            d.stock_id in (627)
        
[2026-08-24 09:18:09,518] [merqutil.db] [INFO] [56923] 0 rows selected in 0.020603250013664365 s
[2026-08-24 09:18:09,518] [merqutil.db] [DEBUG] [56923] : running sql

            SELECT COUNT(*)
            FROM merq.corp_actions ca
            JOIN ivol.root_property rp
                ON (
                    rp.stock_id=ca.stock_id
                )
            WHERE (ca.ex_date='2024-08-07 00:00:00' OR ca.ex_date='2024-08-08 00:00:00')
                AND ca.action_type='rn'
                AND rp.action_type='RootRn'
                AND rp.t_date='2024-08-08 00:00:00'
                AND ca.stock_id IN (627);
        
[2026-08-24 09:18:09,533] [merqutil.db] [INFO] [56923] 1 rows selected in 0.014638167107477784 s
[2026-08-24 09:18:09,534] [merq.merq_platform.api.components.computation_pipeline.level_computers.standard_level_computer] [DEBUG] [56923] Equities contribution to index level: 952.5261244054287
[2026-08-24 09:18:09,535] [merq.merq_platform.api.components.computation_pipeline.level_computers.standard_level_computer] [DEBUG] [56923] Options contribution to index level: -2.6353969624066167
[2026-08-24 09:18:09,535] [merq.merq_platform.api.components.computation_pipeline.level_computers.standard_level_computer] [DEBUG] [56923] Cash contribution to index level: 16.20723219040974
[2026-08-24 09:18:09,535] [merq.merq_platform.api.components.computation_pipeline.level_computers.standard_level_computer] [DEBUG] [56923] Equities contribution to index level: 974.5459220216342
[2026-08-24 09:18:09,535] [merq.merq_platform.api.components.computation_pipeline.level_computers.standard_level_computer] [DEBUG] [56923] Options contribution to index level: -4.4535453894327475
[2026-08-24 09:18:09,535] [merq.merq_platform.api.components.computation_pipeline.level_computers.standard_level_computer] [DEBUG] [56923] Cash contribution to index level: 16.20723219040974
[2026-08-24 09:18:09,536] [merq.merq_platform.api.indices.multi_asset.multi_asset_base_index] [INFO] [56923] Computed index level for 2024-08-08 00:00:00 as 986.2996088226112
[2026-08-24 09:18:09,536] [merq.merq_platform.api.components.computation_pipeline.level_computers.standard_level_computer] [DEBUG] [56923] Equities contribution to index level: 974.5459220216342
[2026-08-24 09:18:09,536] [merq.merq_platform.api.components.computation_pipeline.level_computers.standard_level_computer] [DEBUG] [56923] Options contribution to index level: -4.4535453894327475
[2026-08-24 09:18:09,536] [merq.merq_platform.api.components.computation_pipeline.level_computers.standard_level_computer] [DEBUG] [56923] Cash contribution to index level: 16.20723219040974
[2026-08-24 09:18:09,550] [merq.merq_platform.api.indices.multi_asset.multi_asset_base_index] [DEBUG] [56923] Loaded in portfolio for date 2024-08-08 00:00:00
[2026-08-24 09:18:09,550] [merq.merq_platform.api.components.computation_pipeline.corax_loaders.index_corporate_actions_loader] [DEBUG] [56923] Loading corporate actions for el merq ids in unknown from 2024-08-09 00:00:00 to 2024-08-09 00:00:00...
[2026-08-24 09:18:09,550] [merq.merq_platform.api.components.computation_pipeline.corax_loaders.index_corporate_actions_loader] [DEBUG] [56923] Loading corporate actions for op merq ids in unknown from 2024-08-09 00:00:00 to 2024-08-09 00:00:00...
[2026-08-24 09:18:09,551] [merq.merq_platform.impl.services.options.ivol_reference_data_provider] [DEBUG] [56923] Getting underlying for 1 option contracts on eff_date: 2024-08-08 00:00:00
[2026-08-24 09:18:09,551] [merqutil.db] [DEBUG] [56923] : running sql

            SELECT
                rp.symbol, e.mic
            FROM ivol.root_property rp
            JOIN ivol.exchange e
                ON e.exchange_id = rp.exchange_id
            JOIN ivol.stock s
                ON s.stock_id = rp.stock_id
            WHERE rp.symbol in ('SPY')
                AND rp.t_date <= '2024-08-08 00:00:00' AND rp.term_date >= '2024-08-08 00:00:00'
                AND s.region_id = 1;
        
[2026-08-24 09:18:09,564] [merqutil.db] [INFO] [56923] 1 rows selected in 0.013223583111539483 s
[2026-08-24 09:18:09,630] [merq.merq_platform.impl.services.options.ivol_utils] [DEBUG] [56923] Created temp table temp_option_contract_keys with index
[2026-08-24 09:18:09,630] [merq.merq_platform.impl.services.options.ivol_utils] [DEBUG] [56923] Populating temp table with 1 option keys
[2026-08-24 09:18:09,667] [merq.merq_platform.impl.services.options.ivol_utils] [DEBUG] [56923] Inserted 1 keys into temp table in 1 batches
[2026-08-24 09:18:09,710] [merqutil.db] [DEBUG] [56923] materializing option contracts: : running sql
CREATE TEMP TABLE temp_option_contracts AS 
        SELECT
            ov.t_date,
            ov.expiration_date, ov.call_put, ov.strike, ov.root, e.mic,
            ov.stock_id, ov.root_id
        FROM ivol.option_value ov
        JOIN ivol.root_property rp
            ON rp.root_id = ov.root_id
            AND '2024-08-08 00:00:00' BETWEEN rp.t_date AND rp.term_date
        JOIN ivol.exchange e
            ON e.exchange_id = rp.exchange_id
        JOIN temp_option_contract_keys tok
            ON ov.expiration_date = tok.expiration_date
            AND ov.call_put = tok.call_put
            AND ov.strike = tok.strike
            AND ov.root = tok.root
            AND e.mic = tok.mic
        WHERE ov.t_date = '2024-08-08 00:00:00'
        UNION ALL
        SELECT
            ovn.t_date,
            ovn.expiration_date, ovn.call_put, ovn.strike, ovn.root, e.mic,
            ovn.stock_id, ovn.root_id
        FROM ivol.option_value_ns ovn
        JOIN ivol.root_property rp
            ON rp.root_id = ovn.root_id
            AND '2024-08-08 00:00:00' BETWEEN rp.t_date AND rp.term_date
        JOIN ivol.exchange e
            ON e.exchange_id = rp.exchange_id
        JOIN temp_option_contract_keys tok
            ON ovn.expiration_date = tok.expiration_date
            AND ovn.call_put = tok.call_put
            AND ovn.strike = tok.strike
            AND ovn.root = tok.root
            AND e.mic = tok.mic
        WHERE ovn.t_date = '2024-08-08 00:00:00'
    
[2026-08-24 09:18:09,752] [merqutil.db] [INFO] [56923] materializing option contracts: 1 rows created in 0.042271665995940566 s
[2026-08-24 09:18:09,832] [merqutil.db] [DEBUG] [56923] : running sql

            SELECT
                ov.root, ov.expiration_date, ov.call_put, ov.strike, ov.mic,
                replace(ss.symbol, '/', '.') as symbol
            FROM temp_option_contracts ov
            JOIN ivol.stock_symbol ss
                ON (ss.stock_id = ov.stock_id
                    AND '2024-08-08 00:00:00' BETWEEN ss.t_date AND ss.term_date
                    AND ss.symbol not like '%%%%7' -- Exclude mini options
                )
            JOIN ivol.stock s
                ON (ss.stock_id = s.stock_id)
            WHERE
                s.type IN ('S', 'F')
        
[2026-08-24 09:18:09,857] [merqutil.db] [INFO] [56923] 1 rows selected in 0.024813124909996986 s
[2026-08-24 09:18:09,857] [merqutil.db] [DEBUG] [56923] : running sql

            SELECT
                rp.symbol, e.mic
            FROM ivol.root_property rp
            JOIN ivol.exchange e
                ON e.exchange_id = rp.exchange_id
            JOIN ivol.stock s
                ON s.stock_id = rp.stock_id
            WHERE rp.symbol in ('SPY')
                AND rp.t_date <= '2024-08-08 00:00:00' AND rp.term_date >= '2024-08-08 00:00:00'
                AND s.region_id = 1;
        
[2026-08-24 09:18:09,869] [merqutil.db] [INFO] [56923] 1 rows selected in 0.011930875014513731 s
[2026-08-24 09:18:09,935] [merq.merq_platform.impl.services.options.ivol_utils] [DEBUG] [56923] Created temp table temp_option_contract_keys with index
[2026-08-24 09:18:09,935] [merq.merq_platform.impl.services.options.ivol_utils] [DEBUG] [56923] Populating temp table with 1 option keys
[2026-08-24 09:18:09,976] [merq.merq_platform.impl.services.options.ivol_utils] [DEBUG] [56923] Inserted 1 keys into temp table in 1 batches
[2026-08-24 09:18:10,015] [merqutil.db] [DEBUG] [56923] materializing option contracts: : running sql
CREATE TEMP TABLE temp_option_contracts AS 
        SELECT
            ov.t_date,
            ov.expiration_date, ov.call_put, ov.strike, ov.root, e.mic,
            ov.stock_id, ov.root_id
        FROM ivol.option_value ov
        JOIN ivol.root_property rp
            ON rp.root_id = ov.root_id
            AND '2024-08-08 00:00:00' BETWEEN rp.t_date AND rp.term_date
        JOIN ivol.exchange e
            ON e.exchange_id = rp.exchange_id
        JOIN temp_option_contract_keys tok
            ON ov.expiration_date = tok.expiration_date
            AND ov.call_put = tok.call_put
            AND ov.strike = tok.strike
            AND ov.root = tok.root
            AND e.mic = tok.mic
        WHERE ov.t_date = '2024-08-08 00:00:00'
        UNION ALL
        SELECT
            ovn.t_date,
            ovn.expiration_date, ovn.call_put, ovn.strike, ovn.root, e.mic,
            ovn.stock_id, ovn.root_id
        FROM ivol.option_value_ns ovn
        JOIN ivol.root_property rp
            ON rp.root_id = ovn.root_id
            AND '2024-08-08 00:00:00' BETWEEN rp.t_date AND rp.term_date
        JOIN ivol.exchange e
            ON e.exchange_id = rp.exchange_id
        JOIN temp_option_contract_keys tok
            ON ovn.expiration_date = tok.expiration_date
            AND ovn.call_put = tok.call_put
            AND ovn.strike = tok.strike
            AND ovn.root = tok.root
            AND e.mic = tok.mic
        WHERE ovn.t_date = '2024-08-08 00:00:00'
    
[2026-08-24 09:18:10,057] [merqutil.db] [INFO] [56923] materializing option contracts: 1 rows created in 0.041994249913841486 s
[2026-08-24 09:18:10,137] [merqutil.db] [DEBUG] [56923] : running sql

            SELECT
                ov.root, ov.expiration_date, ov.call_put, ov.strike, ov.mic,
                replace(ss.symbol, '/', '.') as symbol
            FROM temp_option_contracts ov
            JOIN ivol.stock_symbol ss
                ON (ss.stock_id = ov.stock_id
                    AND '2024-08-08 00:00:00' BETWEEN ss.t_date AND ss.term_date
                    AND ss.symbol not like '%%%%7' -- Exclude mini options
                )
            JOIN ivol.stock s
                ON (ss.stock_id = s.stock_id)
            WHERE
                s.type IN ('I')
        
[2026-08-24 09:18:10,165] [merqutil.db] [INFO] [56923] 0 rows selected in 0.0271145838778466 s
[2026-08-24 09:18:10,165] [merq.merq_platform.impl.services.options.ivol_utils] [DEBUG] [56923] Getting external id for <class 'merq.merq_platform.api.components.identifiers.merq_equity_id.MerqEquityListingId'> with 1 ids.
[2026-08-24 09:18:10,165] [merqutil.db] [DEBUG] [56923] : running sql

        SELECT
            REPLACE(ss.symbol, '/', '.') AS symbol,
            s.region_id,
            e.mic
        FROM ivol.stock_symbol ss
        JOIN ivol.stock s
            ON s.stock_id = ss.stock_id
        LEFT JOIN ivol.exchange e
            ON e.exchange_id = ss.exchange_id
        WHERE (replace(ss.symbol, '/', '.'), s.region_id) in (('SPY', 1)) AND
            '2024-08-09 00:00:00' between ss.t_date and ss.term_date
    
[2026-08-24 09:18:10,182] [merqutil.db] [INFO] [56923] 1 rows selected in 0.0167043749243021 s
[2026-08-24 09:18:10,182] [merq.merq_platform.impl.services.options.ivol_utils] [DEBUG] [56923] Getting stock ids for 1 merq_ids, effective date: 2024-08-09 00:00:00.
[2026-08-24 09:18:10,182] [merqutil.db] [DEBUG] [56923] : running sql

        SELECT
            MAX(ss.stock_id) AS stock_id,
            REPLACE(ss.symbol, '/', '.') AS symbol,
            e.mic
        FROM ivol.stock_symbol ss
        LEFT JOIN ivol.exchange e
            ON e.exchange_id = ss.exchange_id
        WHERE
            (REPLACE(ss.symbol, '/', '.'), COALESCE(e.mic, 'NA')) IN (('SPY', 'ARCX')) AND
            '2024-08-09 00:00:00' BETWEEN ss.t_date AND ss.term_date
        GROUP BY ss.symbol, e.mic
        HAVING COUNT(DISTINCT ss.stock_id) = 1
    
[2026-08-24 09:18:10,201] [merqutil.db] [INFO] [56923] 1 rows selected in 0.018243500031530857 s
[2026-08-24 09:18:10,201] [merq.merq_platform.impl.services.options.ivol_utils] [DEBUG] [56923] Found 1 symbol, mic pairs mapping to stock ids.
[2026-08-24 09:18:10,201] [merqutil.db] [DEBUG] [56923] : running sql

            SELECT ca.ex_date, ca.action_type, ca.stock_id
            FROM merq.corp_actions ca
            WHERE ca.ex_date = '2024-08-09 00:00:00' AND
                ca.action_type in ('dvd', 'spl', 'sdvd', 'sp', 'distr', 'rts') AND
                ca.stock_id in (627)
        
[2026-08-24 09:18:10,217] [merqutil.db] [INFO] [56923] 0 rows selected in 0.015827749855816364 s
[2026-08-24 09:18:10,217] [merqutil.db] [DEBUG] [56923] : running sql

        SELECT d.stock_id, d.last_dvd_date, d.last_dvd_amount, d.real_last_dvd_amount, d.dvd_ccy
        FROM ivol.dividend d
        WHERE d.last_dvd_date = '2024-08-09 00:00:00' AND
            d.stock_id in (627)
        
[2026-08-24 09:18:10,231] [merqutil.db] [INFO] [56923] 0 rows selected in 0.013298667035996914 s
[2026-08-24 09:18:10,231] [merqutil.db] [DEBUG] [56923] : running sql

            SELECT COUNT(*)
            FROM merq.corp_actions ca
            JOIN ivol.root_property rp
                ON (
                    rp.stock_id=ca.stock_id
                )
            WHERE (ca.ex_date='2024-08-08 00:00:00' OR ca.ex_date='2024-08-09 00:00:00')
                AND ca.action_type='rn'
                AND rp.action_type='RootRn'
                AND rp.t_date='2024-08-09 00:00:00'
                AND ca.stock_id IN (627);
        
[2026-08-24 09:18:10,244] [merqutil.db] [INFO] [56923] 1 rows selected in 0.01341687492094934 s
[2026-08-24 09:18:10,246] [merq.merq_platform.api.components.computation_pipeline.level_computers.standard_level_computer] [DEBUG] [56923] Equities contribution to index level: 974.5459220216342
[2026-08-24 09:18:10,246] [merq.merq_platform.api.components.computation_pipeline.level_computers.standard_level_computer] [DEBUG] [56923] Options contribution to index level: -4.4535453894327475
[2026-08-24 09:18:10,246] [merq.merq_platform.api.components.computation_pipeline.level_computers.standard_level_computer] [DEBUG] [56923] Cash contribution to index level: 16.20723219040974
[2026-08-24 09:18:10,247] [merq.merq_platform.api.components.computation_pipeline.level_computers.standard_level_computer] [DEBUG] [56923] Equities contribution to index level: 978.8433637582415
[2026-08-24 09:18:10,247] [merq.merq_platform.api.components.computation_pipeline.level_computers.standard_level_computer] [DEBUG] [56923] Options contribution to index level: -3.8015830746910524
[2026-08-24 09:18:10,247] [merq.merq_platform.api.components.computation_pipeline.level_computers.standard_level_computer] [DEBUG] [56923] Cash contribution to index level: 16.20723219040974
[2026-08-24 09:18:10,247] [merq.merq_platform.api.indices.multi_asset.multi_asset_base_index] [INFO] [56923] Computed index level for 2024-08-09 00:00:00 as 991.2490128739602
[2026-08-24 09:18:10,248] [merq.merq_platform.api.components.computation_pipeline.level_computers.standard_level_computer] [DEBUG] [56923] Equities contribution to index level: 978.8433637582415
[2026-08-24 09:18:10,248] [merq.merq_platform.api.components.computation_pipeline.level_computers.standard_level_computer] [DEBUG] [56923] Options contribution to index level: -3.8015830746910524
[2026-08-24 09:18:10,248] [merq.merq_platform.api.components.computation_pipeline.level_computers.standard_level_computer] [DEBUG] [56923] Cash contribution to index level: 16.20723219040974
[2026-08-24 09:18:10,263] [merq.merq_platform.api.indices.multi_asset.multi_asset_base_index] [DEBUG] [56923] Loaded in portfolio for date 2024-08-09 00:00:00
[2026-08-24 09:18:10,263] [merq.merq_platform.api.components.computation_pipeline.corax_loaders.index_corporate_actions_loader] [DEBUG] [56923] Loading corporate actions for el merq ids in unknown from 2024-08-10 00:00:00 to 2024-08-12 00:00:00...
[2026-08-24 09:18:10,264] [merq.merq_platform.api.components.computation_pipeline.corax_loaders.index_corporate_actions_loader] [DEBUG] [56923] Loading corporate actions for op merq ids in unknown from 2024-08-10 00:00:00 to 2024-08-12 00:00:00...
[2026-08-24 09:18:10,264] [merq.merq_platform.impl.services.options.ivol_reference_data_provider] [DEBUG] [56923] Getting underlying for 1 option contracts on eff_date: 2024-08-09 00:00:00
[2026-08-24 09:18:10,264] [merqutil.db] [DEBUG] [56923] : running sql

            SELECT
                rp.symbol, e.mic
            FROM ivol.root_property rp
            JOIN ivol.exchange e
                ON e.exchange_id = rp.exchange_id
            JOIN ivol.stock s
                ON s.stock_id = rp.stock_id
            WHERE rp.symbol in ('SPY')
                AND rp.t_date <= '2024-08-09 00:00:00' AND rp.term_date >= '2024-08-09 00:00:00'
                AND s.region_id = 1;
        
[2026-08-24 09:18:10,277] [merqutil.db] [INFO] [56923] 1 rows selected in 0.012585124932229519 s
[2026-08-24 09:18:10,342] [merq.merq_platform.impl.services.options.ivol_utils] [DEBUG] [56923] Created temp table temp_option_contract_keys with index
[2026-08-24 09:18:10,342] [merq.merq_platform.impl.services.options.ivol_utils] [DEBUG] [56923] Populating temp table with 1 option keys
[2026-08-24 09:18:10,380] [merq.merq_platform.impl.services.options.ivol_utils] [DEBUG] [56923] Inserted 1 keys into temp table in 1 batches
[2026-08-24 09:18:10,419] [merqutil.db] [DEBUG] [56923] materializing option contracts: : running sql
CREATE TEMP TABLE temp_option_contracts AS 
        SELECT
            ov.t_date,
            ov.expiration_date, ov.call_put, ov.strike, ov.root, e.mic,
            ov.stock_id, ov.root_id
        FROM ivol.option_value ov
        JOIN ivol.root_property rp
            ON rp.root_id = ov.root_id
            AND '2024-08-09 00:00:00' BETWEEN rp.t_date AND rp.term_date
        JOIN ivol.exchange e
            ON e.exchange_id = rp.exchange_id
        JOIN temp_option_contract_keys tok
            ON ov.expiration_date = tok.expiration_date
            AND ov.call_put = tok.call_put
            AND ov.strike = tok.strike
            AND ov.root = tok.root
            AND e.mic = tok.mic
        WHERE ov.t_date = '2024-08-09 00:00:00'
        UNION ALL
        SELECT
            ovn.t_date,
            ovn.expiration_date, ovn.call_put, ovn.strike, ovn.root, e.mic,
            ovn.stock_id, ovn.root_id
        FROM ivol.option_value_ns ovn
        JOIN ivol.root_property rp
            ON rp.root_id = ovn.root_id
            AND '2024-08-09 00:00:00' BETWEEN rp.t_date AND rp.term_date
        JOIN ivol.exchange e
            ON e.exchange_id = rp.exchange_id
        JOIN temp_option_contract_keys tok
            ON ovn.expiration_date = tok.expiration_date
            AND ovn.call_put = tok.call_put
            AND ovn.strike = tok.strike
            AND ovn.root = tok.root
            AND e.mic = tok.mic
        WHERE ovn.t_date = '2024-08-09 00:00:00'
    
[2026-08-24 09:18:10,461] [merqutil.db] [INFO] [56923] materializing option contracts: 1 rows created in 0.041827999986708164 s
[2026-08-24 09:18:10,539] [merqutil.db] [DEBUG] [56923] : running sql

            SELECT
                ov.root, ov.expiration_date, ov.call_put, ov.strike, ov.mic,
                replace(ss.symbol, '/', '.') as symbol
            FROM temp_option_contracts ov
            JOIN ivol.stock_symbol ss
                ON (ss.stock_id = ov.stock_id
                    AND '2024-08-09 00:00:00' BETWEEN ss.t_date AND ss.term_date
                    AND ss.symbol not like '%%%%7' -- Exclude mini options
                )
            JOIN ivol.stock s
                ON (ss.stock_id = s.stock_id)
            WHERE
                s.type IN ('S', 'F')
        
[2026-08-24 09:18:10,564] [merqutil.db] [INFO] [56923] 1 rows selected in 0.025055249920114875 s
[2026-08-24 09:18:10,565] [merqutil.db] [DEBUG] [56923] : running sql

            SELECT
                rp.symbol, e.mic
            FROM ivol.root_property rp
            JOIN ivol.exchange e
                ON e.exchange_id = rp.exchange_id
            JOIN ivol.stock s
                ON s.stock_id = rp.stock_id
            WHERE rp.symbol in ('SPY')
                AND rp.t_date <= '2024-08-09 00:00:00' AND rp.term_date >= '2024-08-09 00:00:00'
                AND s.region_id = 1;
        
[2026-08-24 09:18:10,577] [merqutil.db] [INFO] [56923] 1 rows selected in 0.01213183393701911 s
[2026-08-24 09:18:10,640] [merq.merq_platform.impl.services.options.ivol_utils] [DEBUG] [56923] Created temp table temp_option_contract_keys with index
[2026-08-24 09:18:10,640] [merq.merq_platform.impl.services.options.ivol_utils] [DEBUG] [56923] Populating temp table with 1 option keys
[2026-08-24 09:18:10,678] [merq.merq_platform.impl.services.options.ivol_utils] [DEBUG] [56923] Inserted 1 keys into temp table in 1 batches
[2026-08-24 09:18:10,722] [merqutil.db] [DEBUG] [56923] materializing option contracts: : running sql
CREATE TEMP TABLE temp_option_contracts AS 
        SELECT
            ov.t_date,
            ov.expiration_date, ov.call_put, ov.strike, ov.root, e.mic,
            ov.stock_id, ov.root_id
        FROM ivol.option_value ov
        JOIN ivol.root_property rp
            ON rp.root_id = ov.root_id
            AND '2024-08-09 00:00:00' BETWEEN rp.t_date AND rp.term_date
        JOIN ivol.exchange e
            ON e.exchange_id = rp.exchange_id
        JOIN temp_option_contract_keys tok
            ON ov.expiration_date = tok.expiration_date
            AND ov.call_put = tok.call_put
            AND ov.strike = tok.strike
            AND ov.root = tok.root
            AND e.mic = tok.mic
        WHERE ov.t_date = '2024-08-09 00:00:00'
        UNION ALL
        SELECT
            ovn.t_date,
            ovn.expiration_date, ovn.call_put, ovn.strike, ovn.root, e.mic,
            ovn.stock_id, ovn.root_id
        FROM ivol.option_value_ns ovn
        JOIN ivol.root_property rp
            ON rp.root_id = ovn.root_id
            AND '2024-08-09 00:00:00' BETWEEN rp.t_date AND rp.term_date
        JOIN ivol.exchange e
            ON e.exchange_id = rp.exchange_id
        JOIN temp_option_contract_keys tok
            ON ovn.expiration_date = tok.expiration_date
            AND ovn.call_put = tok.call_put
            AND ovn.strike = tok.strike
            AND ovn.root = tok.root
            AND e.mic = tok.mic
        WHERE ovn.t_date = '2024-08-09 00:00:00'
    
[2026-08-24 09:18:10,765] [merqutil.db] [INFO] [56923] materializing option contracts: 1 rows created in 0.04266841686330736 s
[2026-08-24 09:18:10,847] [merqutil.db] [DEBUG] [56923] : running sql

            SELECT
                ov.root, ov.expiration_date, ov.call_put, ov.strike, ov.mic,
                replace(ss.symbol, '/', '.') as symbol
            FROM temp_option_contracts ov
            JOIN ivol.stock_symbol ss
                ON (ss.stock_id = ov.stock_id
                    AND '2024-08-09 00:00:00' BETWEEN ss.t_date AND ss.term_date
                    AND ss.symbol not like '%%%%7' -- Exclude mini options
                )
            JOIN ivol.stock s
                ON (ss.stock_id = s.stock_id)
            WHERE
                s.type IN ('I')
        
[2026-08-24 09:18:10,871] [merqutil.db] [INFO] [56923] 0 rows selected in 0.024270000169053674 s
[2026-08-24 09:18:10,871] [merq.merq_platform.impl.services.options.ivol_utils] [DEBUG] [56923] Getting external id for <class 'merq.merq_platform.api.components.identifiers.merq_equity_id.MerqEquityListingId'> with 1 ids.
[2026-08-24 09:18:10,872] [merqutil.db] [DEBUG] [56923] : running sql

        SELECT
            REPLACE(ss.symbol, '/', '.') AS symbol,
            s.region_id,
            e.mic
        FROM ivol.stock_symbol ss
        JOIN ivol.stock s
            ON s.stock_id = ss.stock_id
        LEFT JOIN ivol.exchange e
            ON e.exchange_id = ss.exchange_id
        WHERE (replace(ss.symbol, '/', '.'), s.region_id) in (('SPY', 1)) AND
            '2024-08-12 00:00:00' between ss.t_date and ss.term_date
    
[2026-08-24 09:18:10,889] [merqutil.db] [INFO] [56923] 1 rows selected in 0.017334625124931335 s
[2026-08-24 09:18:10,889] [merq.merq_platform.impl.services.options.ivol_utils] [DEBUG] [56923] Getting stock ids for 1 merq_ids, effective date: 2024-08-12 00:00:00.
[2026-08-24 09:18:10,890] [merqutil.db] [DEBUG] [56923] : running sql

        SELECT
            MAX(ss.stock_id) AS stock_id,
            REPLACE(ss.symbol, '/', '.') AS symbol,
            e.mic
        FROM ivol.stock_symbol ss
        LEFT JOIN ivol.exchange e
            ON e.exchange_id = ss.exchange_id
        WHERE
            (REPLACE(ss.symbol, '/', '.'), COALESCE(e.mic, 'NA')) IN (('SPY', 'ARCX')) AND
            '2024-08-12 00:00:00' BETWEEN ss.t_date AND ss.term_date
        GROUP BY ss.symbol, e.mic
        HAVING COUNT(DISTINCT ss.stock_id) = 1
    
[2026-08-24 09:18:10,907] [merqutil.db] [INFO] [56923] 1 rows selected in 0.017336291959509254 s
[2026-08-24 09:18:10,907] [merq.merq_platform.impl.services.options.ivol_utils] [DEBUG] [56923] Found 1 symbol, mic pairs mapping to stock ids.
[2026-08-24 09:18:10,907] [merqutil.db] [DEBUG] [56923] : running sql

            SELECT ca.ex_date, ca.action_type, ca.stock_id
            FROM merq.corp_actions ca
            WHERE ca.ex_date = '2024-08-12 00:00:00' AND
                ca.action_type in ('dvd', 'spl', 'sdvd', 'sp', 'distr', 'rts') AND
                ca.stock_id in (627)
        
[2026-08-24 09:18:10,922] [merqutil.db] [INFO] [56923] 0 rows selected in 0.014163415879011154 s
[2026-08-24 09:18:10,922] [merqutil.db] [DEBUG] [56923] : running sql

        SELECT d.stock_id, d.last_dvd_date, d.last_dvd_amount, d.real_last_dvd_amount, d.dvd_ccy
        FROM ivol.dividend d
        WHERE d.last_dvd_date = '2024-08-12 00:00:00' AND
            d.stock_id in (627)
        
[2026-08-24 09:18:10,935] [merqutil.db] [INFO] [56923] 0 rows selected in 0.01265158411115408 s
[2026-08-24 09:18:10,935] [merqutil.db] [DEBUG] [56923] : running sql

            SELECT COUNT(*)
            FROM merq.corp_actions ca
            JOIN ivol.root_property rp
                ON (
                    rp.stock_id=ca.stock_id
                )
            WHERE (ca.ex_date='2024-08-09 00:00:00' OR ca.ex_date='2024-08-12 00:00:00')
                AND ca.action_type='rn'
                AND rp.action_type='RootRn'
                AND rp.t_date='2024-08-12 00:00:00'
                AND ca.stock_id IN (627);
        
[2026-08-24 09:18:10,948] [merqutil.db] [INFO] [56923] 1 rows selected in 0.013441833201795816 s
[2026-08-24 09:18:10,951] [merq.merq_platform.api.components.computation_pipeline.level_computers.standard_level_computer] [DEBUG] [56923] Equities contribution to index level: 978.8433637582415
[2026-08-24 09:18:10,951] [merq.merq_platform.api.components.computation_pipeline.level_computers.standard_level_computer] [DEBUG] [56923] Options contribution to index level: -3.8015830746910524
[2026-08-24 09:18:10,951] [merq.merq_platform.api.components.computation_pipeline.level_computers.standard_level_computer] [DEBUG] [56923] Cash contribution to index level: 16.20723219040974
[2026-08-24 09:18:10,952] [merq.merq_platform.api.components.computation_pipeline.level_computers.standard_level_computer] [DEBUG] [56923] Equities contribution to index level: 979.3575875557841
[2026-08-24 09:18:10,952] [merq.merq_platform.api.components.computation_pipeline.level_computers.standard_level_computer] [DEBUG] [56923] Options contribution to index level: -3.39755009090743
[2026-08-24 09:18:10,952] [merq.merq_platform.api.components.computation_pipeline.level_computers.standard_level_computer] [DEBUG] [56923] Cash contribution to index level: 16.20723219040974
[2026-08-24 09:18:10,952] [merq.merq_platform.api.indices.multi_asset.multi_asset_base_index] [INFO] [56923] Computed index level for 2024-08-12 00:00:00 as 992.1672696552864
[2026-08-24 09:18:10,952] [merq.merq_platform.api.components.computation_pipeline.level_computers.standard_level_computer] [DEBUG] [56923] Equities contribution to index level: 979.3575875557841
[2026-08-24 09:18:10,953] [merq.merq_platform.api.components.computation_pipeline.level_computers.standard_level_computer] [DEBUG] [56923] Options contribution to index level: -3.39755009090743
[2026-08-24 09:18:10,953] [merq.merq_platform.api.components.computation_pipeline.level_computers.standard_level_computer] [DEBUG] [56923] Cash contribution to index level: 16.20723219040974
[2026-08-24 09:18:10,966] [merq.merq_platform.api.indices.multi_asset.multi_asset_base_index] [DEBUG] [56923] Loaded in portfolio for date 2024-08-12 00:00:00
[2026-08-24 09:18:10,966] [merq.merq_platform.api.components.computation_pipeline.corax_loaders.index_corporate_actions_loader] [DEBUG] [56923] Loading corporate actions for el merq ids in unknown from 2024-08-13 00:00:00 to 2024-08-13 00:00:00...
[2026-08-24 09:18:10,966] [merq.merq_platform.api.components.computation_pipeline.corax_loaders.index_corporate_actions_loader] [DEBUG] [56923] Loading corporate actions for op merq ids in unknown from 2024-08-13 00:00:00 to 2024-08-13 00:00:00...
[2026-08-24 09:18:10,967] [merq.merq_platform.impl.services.options.ivol_reference_data_provider] [DEBUG] [56923] Getting underlying for 1 option contracts on eff_date: 2024-08-12 00:00:00
[2026-08-24 09:18:10,967] [merqutil.db] [DEBUG] [56923] : running sql

            SELECT
                rp.symbol, e.mic
            FROM ivol.root_property rp
            JOIN ivol.exchange e
                ON e.exchange_id = rp.exchange_id
            JOIN ivol.stock s
                ON s.stock_id = rp.stock_id
            WHERE rp.symbol in ('SPY')
                AND rp.t_date <= '2024-08-12 00:00:00' AND rp.term_date >= '2024-08-12 00:00:00'
                AND s.region_id = 1;
        
[2026-08-24 09:18:10,980] [merqutil.db] [INFO] [56923] 1 rows selected in 0.01296195900067687 s
[2026-08-24 09:18:11,048] [merq.merq_platform.impl.services.options.ivol_utils] [DEBUG] [56923] Created temp table temp_option_contract_keys with index
[2026-08-24 09:18:11,048] [merq.merq_platform.impl.services.options.ivol_utils] [DEBUG] [56923] Populating temp table with 1 option keys
[2026-08-24 09:18:11,086] [merq.merq_platform.impl.services.options.ivol_utils] [DEBUG] [56923] Inserted 1 keys into temp table in 1 batches
[2026-08-24 09:18:11,128] [merqutil.db] [DEBUG] [56923] materializing option contracts: : running sql
CREATE TEMP TABLE temp_option_contracts AS 
        SELECT
            ov.t_date,
            ov.expiration_date, ov.call_put, ov.strike, ov.root, e.mic,
            ov.stock_id, ov.root_id
        FROM ivol.option_value ov
        JOIN ivol.root_property rp
            ON rp.root_id = ov.root_id
            AND '2024-08-12 00:00:00' BETWEEN rp.t_date AND rp.term_date
        JOIN ivol.exchange e
            ON e.exchange_id = rp.exchange_id
        JOIN temp_option_contract_keys tok
            ON ov.expiration_date = tok.expiration_date
            AND ov.call_put = tok.call_put
            AND ov.strike = tok.strike
            AND ov.root = tok.root
            AND e.mic = tok.mic
        WHERE ov.t_date = '2024-08-12 00:00:00'
        UNION ALL
        SELECT
            ovn.t_date,
            ovn.expiration_date, ovn.call_put, ovn.strike, ovn.root, e.mic,
            ovn.stock_id, ovn.root_id
        FROM ivol.option_value_ns ovn
        JOIN ivol.root_property rp
            ON rp.root_id = ovn.root_id
            AND '2024-08-12 00:00:00' BETWEEN rp.t_date AND rp.term_date
        JOIN ivol.exchange e
            ON e.exchange_id = rp.exchange_id
        JOIN temp_option_contract_keys tok
            ON ovn.expiration_date = tok.expiration_date
            AND ovn.call_put = tok.call_put
            AND ovn.strike = tok.strike
            AND ovn.root = tok.root
            AND e.mic = tok.mic
        WHERE ovn.t_date = '2024-08-12 00:00:00'
    
[2026-08-24 09:18:11,169] [merqutil.db] [INFO] [56923] materializing option contracts: 1 rows created in 0.041122624883428216 s
[2026-08-24 09:18:11,251] [merqutil.db] [DEBUG] [56923] : running sql

            SELECT
                ov.root, ov.expiration_date, ov.call_put, ov.strike, ov.mic,
                replace(ss.symbol, '/', '.') as symbol
            FROM temp_option_contracts ov
            JOIN ivol.stock_symbol ss
                ON (ss.stock_id = ov.stock_id
                    AND '2024-08-12 00:00:00' BETWEEN ss.t_date AND ss.term_date
                    AND ss.symbol not like '%%%%7' -- Exclude mini options
                )
            JOIN ivol.stock s
                ON (ss.stock_id = s.stock_id)
            WHERE
                s.type IN ('S', 'F')
        
[2026-08-24 09:18:11,278] [merqutil.db] [INFO] [56923] 1 rows selected in 0.026819041930139065 s
[2026-08-24 09:18:11,279] [merqutil.db] [DEBUG] [56923] : running sql

            SELECT
                rp.symbol, e.mic
            FROM ivol.root_property rp
            JOIN ivol.exchange e
                ON e.exchange_id = rp.exchange_id
            JOIN ivol.stock s
                ON s.stock_id = rp.stock_id
            WHERE rp.symbol in ('SPY')
                AND rp.t_date <= '2024-08-12 00:00:00' AND rp.term_date >= '2024-08-12 00:00:00'
                AND s.region_id = 1;
        
[2026-08-24 09:18:11,291] [merqutil.db] [INFO] [56923] 1 rows selected in 0.012528416002169251 s
[2026-08-24 09:18:11,356] [merq.merq_platform.impl.services.options.ivol_utils] [DEBUG] [56923] Created temp table temp_option_contract_keys with index
[2026-08-24 09:18:11,356] [merq.merq_platform.impl.services.options.ivol_utils] [DEBUG] [56923] Populating temp table with 1 option keys
[2026-08-24 09:18:11,393] [merq.merq_platform.impl.services.options.ivol_utils] [DEBUG] [56923] Inserted 1 keys into temp table in 1 batches
[2026-08-24 09:18:11,431] [merqutil.db] [DEBUG] [56923] materializing option contracts: : running sql
CREATE TEMP TABLE temp_option_contracts AS 
        SELECT
            ov.t_date,
            ov.expiration_date, ov.call_put, ov.strike, ov.root, e.mic,
            ov.stock_id, ov.root_id
        FROM ivol.option_value ov
        JOIN ivol.root_property rp
            ON rp.root_id = ov.root_id
            AND '2024-08-12 00:00:00' BETWEEN rp.t_date AND rp.term_date
        JOIN ivol.exchange e
            ON e.exchange_id = rp.exchange_id
        JOIN temp_option_contract_keys tok
            ON ov.expiration_date = tok.expiration_date
            AND ov.call_put = tok.call_put
            AND ov.strike = tok.strike
            AND ov.root = tok.root
            AND e.mic = tok.mic
        WHERE ov.t_date = '2024-08-12 00:00:00'
        UNION ALL
        SELECT
            ovn.t_date,
            ovn.expiration_date, ovn.call_put, ovn.strike, ovn.root, e.mic,
            ovn.stock_id, ovn.root_id
        FROM ivol.option_value_ns ovn
        JOIN ivol.root_property rp
            ON rp.root_id = ovn.root_id
            AND '2024-08-12 00:00:00' BETWEEN rp.t_date AND rp.term_date
        JOIN ivol.exchange e
            ON e.exchange_id = rp.exchange_id
        JOIN temp_option_contract_keys tok
            ON ovn.expiration_date = tok.expiration_date
            AND ovn.call_put = tok.call_put
            AND ovn.strike = tok.strike
            AND ovn.root = tok.root
            AND e.mic = tok.mic
        WHERE ovn.t_date = '2024-08-12 00:00:00'
    
[2026-08-24 09:18:11,472] [merqutil.db] [INFO] [56923] materializing option contracts: 1 rows created in 0.04042325005866587 s
[2026-08-24 09:18:11,554] [merqutil.db] [DEBUG] [56923] : running sql

            SELECT
                ov.root, ov.expiration_date, ov.call_put, ov.strike, ov.mic,
                replace(ss.symbol, '/', '.') as symbol
            FROM temp_option_contracts ov
            JOIN ivol.stock_symbol ss
                ON (ss.stock_id = ov.stock_id
                    AND '2024-08-12 00:00:00' BETWEEN ss.t_date AND ss.term_date
                    AND ss.symbol not like '%%%%7' -- Exclude mini options
                )
            JOIN ivol.stock s
                ON (ss.stock_id = s.stock_id)
            WHERE
                s.type IN ('I')
        
[2026-08-24 09:18:11,580] [merqutil.db] [INFO] [56923] 0 rows selected in 0.02528395806439221 s
[2026-08-24 09:18:11,580] [merq.merq_platform.impl.services.options.ivol_utils] [DEBUG] [56923] Getting external id for <class 'merq.merq_platform.api.components.identifiers.merq_equity_id.MerqEquityListingId'> with 1 ids.
[2026-08-24 09:18:11,581] [merqutil.db] [DEBUG] [56923] : running sql

        SELECT
            REPLACE(ss.symbol, '/', '.') AS symbol,
            s.region_id,
            e.mic
        FROM ivol.stock_symbol ss
        JOIN ivol.stock s
            ON s.stock_id = ss.stock_id
        LEFT JOIN ivol.exchange e
            ON e.exchange_id = ss.exchange_id
        WHERE (replace(ss.symbol, '/', '.'), s.region_id) in (('SPY', 1)) AND
            '2024-08-13 00:00:00' between ss.t_date and ss.term_date
    
[2026-08-24 09:18:11,597] [merqutil.db] [INFO] [56923] 1 rows selected in 0.016371166799217463 s
[2026-08-24 09:18:11,597] [merq.merq_platform.impl.services.options.ivol_utils] [DEBUG] [56923] Getting stock ids for 1 merq_ids, effective date: 2024-08-13 00:00:00.
[2026-08-24 09:18:11,598] [merqutil.db] [DEBUG] [56923] : running sql

        SELECT
            MAX(ss.stock_id) AS stock_id,
            REPLACE(ss.symbol, '/', '.') AS symbol,
            e.mic
        FROM ivol.stock_symbol ss
        LEFT JOIN ivol.exchange e
            ON e.exchange_id = ss.exchange_id
        WHERE
            (REPLACE(ss.symbol, '/', '.'), COALESCE(e.mic, 'NA')) IN (('SPY', 'ARCX')) AND
            '2024-08-13 00:00:00' BETWEEN ss.t_date AND ss.term_date
        GROUP BY ss.symbol, e.mic
        HAVING COUNT(DISTINCT ss.stock_id) = 1
    
[2026-08-24 09:18:11,614] [merqutil.db] [INFO] [56923] 1 rows selected in 0.016689083073288202 s
[2026-08-24 09:18:11,614] [merq.merq_platform.impl.services.options.ivol_utils] [DEBUG] [56923] Found 1 symbol, mic pairs mapping to stock ids.
[2026-08-24 09:18:11,615] [merqutil.db] [DEBUG] [56923] : running sql

            SELECT ca.ex_date, ca.action_type, ca.stock_id
            FROM merq.corp_actions ca
            WHERE ca.ex_date = '2024-08-13 00:00:00' AND
                ca.action_type in ('dvd', 'spl', 'sdvd', 'sp', 'distr', 'rts') AND
                ca.stock_id in (627)
        
[2026-08-24 09:18:11,629] [merqutil.db] [INFO] [56923] 0 rows selected in 0.013705875026062131 s
[2026-08-24 09:18:11,629] [merqutil.db] [DEBUG] [56923] : running sql

        SELECT d.stock_id, d.last_dvd_date, d.last_dvd_amount, d.real_last_dvd_amount, d.dvd_ccy
        FROM ivol.dividend d
        WHERE d.last_dvd_date = '2024-08-13 00:00:00' AND
            d.stock_id in (627)
        
[2026-08-24 09:18:11,643] [merqutil.db] [INFO] [56923] 0 rows selected in 0.013792000012472272 s
[2026-08-24 09:18:11,643] [merqutil.db] [DEBUG] [56923] : running sql

            SELECT COUNT(*)
            FROM merq.corp_actions ca
            JOIN ivol.root_property rp
                ON (
                    rp.stock_id=ca.stock_id
                )
            WHERE (ca.ex_date='2024-08-12 00:00:00' OR ca.ex_date='2024-08-13 00:00:00')
                AND ca.action_type='rn'
                AND rp.action_type='RootRn'
                AND rp.t_date='2024-08-13 00:00:00'
                AND ca.stock_id IN (627);
        
[2026-08-24 09:18:11,668] [merqutil.db] [INFO] [56923] 1 rows selected in 0.024616832844913006 s
[2026-08-24 09:18:11,670] [merq.merq_platform.api.components.computation_pipeline.level_computers.standard_level_computer] [DEBUG] [56923] Equities contribution to index level: 979.3575875557841
[2026-08-24 09:18:11,670] [merq.merq_platform.api.components.computation_pipeline.level_computers.standard_level_computer] [DEBUG] [56923] Options contribution to index level: -3.39755009090743
[2026-08-24 09:18:11,670] [merq.merq_platform.api.components.computation_pipeline.level_computers.standard_level_computer] [DEBUG] [56923] Cash contribution to index level: 16.20723219040974
[2026-08-24 09:18:11,671] [merq.merq_platform.api.components.computation_pipeline.level_computers.standard_level_computer] [DEBUG] [56923] Equities contribution to index level: 995.463811500248
[2026-08-24 09:18:11,671] [merq.merq_platform.api.components.computation_pipeline.level_computers.standard_level_computer] [DEBUG] [56923] Options contribution to index level: -5.996216782060969
[2026-08-24 09:18:11,671] [merq.merq_platform.api.components.computation_pipeline.level_computers.standard_level_computer] [DEBUG] [56923] Cash contribution to index level: 16.20723219040974
[2026-08-24 09:18:11,671] [merq.merq_platform.api.indices.multi_asset.multi_asset_base_index] [INFO] [56923] Computed index level for 2024-08-13 00:00:00 as 1005.6748269085967
[2026-08-24 09:18:11,672] [merq.merq_platform.api.components.computation_pipeline.level_computers.standard_level_computer] [DEBUG] [56923] Equities contribution to index level: 995.463811500248
[2026-08-24 09:18:11,672] [merq.merq_platform.api.components.computation_pipeline.level_computers.standard_level_computer] [DEBUG] [56923] Options contribution to index level: -5.996216782060969
[2026-08-24 09:18:11,672] [merq.merq_platform.api.components.computation_pipeline.level_computers.standard_level_computer] [DEBUG] [56923] Cash contribution to index level: 16.20723219040974
[2026-08-24 09:18:11,684] [merq.merq_platform.api.indices.multi_asset.multi_asset_base_index] [DEBUG] [56923] Loaded in portfolio for date 2024-08-13 00:00:00
[2026-08-24 09:18:11,685] [merq.merq_platform.api.components.computation_pipeline.corax_loaders.index_corporate_actions_loader] [DEBUG] [56923] Loading corporate actions for el merq ids in unknown from 2024-08-14 00:00:00 to 2024-08-14 00:00:00...
[2026-08-24 09:18:11,685] [merq.merq_platform.api.components.computation_pipeline.corax_loaders.index_corporate_actions_loader] [DEBUG] [56923] Loading corporate actions for op merq ids in unknown from 2024-08-14 00:00:00 to 2024-08-14 00:00:00...
[2026-08-24 09:18:11,685] [merq.merq_platform.impl.services.options.ivol_reference_data_provider] [DEBUG] [56923] Getting underlying for 1 option contracts on eff_date: 2024-08-13 00:00:00
[2026-08-24 09:18:11,685] [merqutil.db] [DEBUG] [56923] : running sql

            SELECT
                rp.symbol, e.mic
            FROM ivol.root_property rp
            JOIN ivol.exchange e
                ON e.exchange_id = rp.exchange_id
            JOIN ivol.stock s
                ON s.stock_id = rp.stock_id
            WHERE rp.symbol in ('SPY')
                AND rp.t_date <= '2024-08-13 00:00:00' AND rp.term_date >= '2024-08-13 00:00:00'
                AND s.region_id = 1;
        
[2026-08-24 09:18:11,698] [merqutil.db] [INFO] [56923] 1 rows selected in 0.012990584131330252 s
[2026-08-24 09:18:11,769] [merq.merq_platform.impl.services.options.ivol_utils] [DEBUG] [56923] Created temp table temp_option_contract_keys with index
[2026-08-24 09:18:11,769] [merq.merq_platform.impl.services.options.ivol_utils] [DEBUG] [56923] Populating temp table with 1 option keys
[2026-08-24 09:18:11,811] [merq.merq_platform.impl.services.options.ivol_utils] [DEBUG] [56923] Inserted 1 keys into temp table in 1 batches
[2026-08-24 09:18:11,852] [merqutil.db] [DEBUG] [56923] materializing option contracts: : running sql
CREATE TEMP TABLE temp_option_contracts AS 
        SELECT
            ov.t_date,
            ov.expiration_date, ov.call_put, ov.strike, ov.root, e.mic,
            ov.stock_id, ov.root_id
        FROM ivol.option_value ov
        JOIN ivol.root_property rp
            ON rp.root_id = ov.root_id
            AND '2024-08-13 00:00:00' BETWEEN rp.t_date AND rp.term_date
        JOIN ivol.exchange e
            ON e.exchange_id = rp.exchange_id
        JOIN temp_option_contract_keys tok
            ON ov.expiration_date = tok.expiration_date
            AND ov.call_put = tok.call_put
            AND ov.strike = tok.strike
            AND ov.root = tok.root
            AND e.mic = tok.mic
        WHERE ov.t_date = '2024-08-13 00:00:00'
        UNION ALL
        SELECT
            ovn.t_date,
            ovn.expiration_date, ovn.call_put, ovn.strike, ovn.root, e.mic,
            ovn.stock_id, ovn.root_id
        FROM ivol.option_value_ns ovn
        JOIN ivol.root_property rp
            ON rp.root_id = ovn.root_id
            AND '2024-08-13 00:00:00' BETWEEN rp.t_date AND rp.term_date
        JOIN ivol.exchange e
            ON e.exchange_id = rp.exchange_id
        JOIN temp_option_contract_keys tok
            ON ovn.expiration_date = tok.expiration_date
            AND ovn.call_put = tok.call_put
            AND ovn.strike = tok.strike
            AND ovn.root = tok.root
            AND e.mic = tok.mic
        WHERE ovn.t_date = '2024-08-13 00:00:00'
    
[2026-08-24 09:18:11,895] [merqutil.db] [INFO] [56923] materializing option contracts: 1 rows created in 0.042400999926030636 s
[2026-08-24 09:18:11,978] [merqutil.db] [DEBUG] [56923] : running sql

            SELECT
                ov.root, ov.expiration_date, ov.call_put, ov.strike, ov.mic,
                replace(ss.symbol, '/', '.') as symbol
            FROM temp_option_contracts ov
            JOIN ivol.stock_symbol ss
                ON (ss.stock_id = ov.stock_id
                    AND '2024-08-13 00:00:00' BETWEEN ss.t_date AND ss.term_date
                    AND ss.symbol not like '%%%%7' -- Exclude mini options
                )
            JOIN ivol.stock s
                ON (ss.stock_id = s.stock_id)
            WHERE
                s.type IN ('S', 'F')
        
[2026-08-24 09:18:12,006] [merqutil.db] [INFO] [56923] 1 rows selected in 0.0278417079243809 s
[2026-08-24 09:18:12,007] [merqutil.db] [DEBUG] [56923] : running sql

            SELECT
                rp.symbol, e.mic
            FROM ivol.root_property rp
            JOIN ivol.exchange e
                ON e.exchange_id = rp.exchange_id
            JOIN ivol.stock s
                ON s.stock_id = rp.stock_id
            WHERE rp.symbol in ('SPY')
                AND rp.t_date <= '2024-08-13 00:00:00' AND rp.term_date >= '2024-08-13 00:00:00'
                AND s.region_id = 1;
        
[2026-08-24 09:18:12,020] [merqutil.db] [INFO] [56923] 1 rows selected in 0.012887833174318075 s
[2026-08-24 09:18:12,085] [merq.merq_platform.impl.services.options.ivol_utils] [DEBUG] [56923] Created temp table temp_option_contract_keys with index
[2026-08-24 09:18:12,085] [merq.merq_platform.impl.services.options.ivol_utils] [DEBUG] [56923] Populating temp table with 1 option keys
[2026-08-24 09:18:12,122] [merq.merq_platform.impl.services.options.ivol_utils] [DEBUG] [56923] Inserted 1 keys into temp table in 1 batches
[2026-08-24 09:18:12,163] [merqutil.db] [DEBUG] [56923] materializing option contracts: : running sql
CREATE TEMP TABLE temp_option_contracts AS 
        SELECT
            ov.t_date,
            ov.expiration_date, ov.call_put, ov.strike, ov.root, e.mic,
            ov.stock_id, ov.root_id
        FROM ivol.option_value ov
        JOIN ivol.root_property rp
            ON rp.root_id = ov.root_id
            AND '2024-08-13 00:00:00' BETWEEN rp.t_date AND rp.term_date
        JOIN ivol.exchange e
            ON e.exchange_id = rp.exchange_id
        JOIN temp_option_contract_keys tok
            ON ov.expiration_date = tok.expiration_date
            AND ov.call_put = tok.call_put
            AND ov.strike = tok.strike
            AND ov.root = tok.root
            AND e.mic = tok.mic
        WHERE ov.t_date = '2024-08-13 00:00:00'
        UNION ALL
        SELECT
            ovn.t_date,
            ovn.expiration_date, ovn.call_put, ovn.strike, ovn.root, e.mic,
            ovn.stock_id, ovn.root_id
        FROM ivol.option_value_ns ovn
        JOIN ivol.root_property rp
            ON rp.root_id = ovn.root_id
            AND '2024-08-13 00:00:00' BETWEEN rp.t_date AND rp.term_date
        JOIN ivol.exchange e
            ON e.exchange_id = rp.exchange_id
        JOIN temp_option_contract_keys tok
            ON ovn.expiration_date = tok.expiration_date
            AND ovn.call_put = tok.call_put
            AND ovn.strike = tok.strike
            AND ovn.root = tok.root
            AND e.mic = tok.mic
        WHERE ovn.t_date = '2024-08-13 00:00:00'
    
[2026-08-24 09:18:12,204] [merqutil.db] [INFO] [56923] materializing option contracts: 1 rows created in 0.041096333879977465 s
[2026-08-24 09:18:12,285] [merqutil.db] [DEBUG] [56923] : running sql

            SELECT
                ov.root, ov.expiration_date, ov.call_put, ov.strike, ov.mic,
                replace(ss.symbol, '/', '.') as symbol
            FROM temp_option_contracts ov
            JOIN ivol.stock_symbol ss
                ON (ss.stock_id = ov.stock_id
                    AND '2024-08-13 00:00:00' BETWEEN ss.t_date AND ss.term_date
                    AND ss.symbol not like '%%%%7' -- Exclude mini options
                )
            JOIN ivol.stock s
                ON (ss.stock_id = s.stock_id)
            WHERE
                s.type IN ('I')
        
[2026-08-24 09:18:12,310] [merqutil.db] [INFO] [56923] 0 rows selected in 0.024362541968002915 s
[2026-08-24 09:18:12,310] [merq.merq_platform.impl.services.options.ivol_utils] [DEBUG] [56923] Getting external id for <class 'merq.merq_platform.api.components.identifiers.merq_equity_id.MerqEquityListingId'> with 1 ids.
[2026-08-24 09:18:12,310] [merqutil.db] [DEBUG] [56923] : running sql

        SELECT
            REPLACE(ss.symbol, '/', '.') AS symbol,
            s.region_id,
            e.mic
        FROM ivol.stock_symbol ss
        JOIN ivol.stock s
            ON s.stock_id = ss.stock_id
        LEFT JOIN ivol.exchange e
            ON e.exchange_id = ss.exchange_id
        WHERE (replace(ss.symbol, '/', '.'), s.region_id) in (('SPY', 1)) AND
            '2024-08-14 00:00:00' between ss.t_date and ss.term_date
    
[2026-08-24 09:18:12,327] [merqutil.db] [INFO] [56923] 1 rows selected in 0.016372749814763665 s
[2026-08-24 09:18:12,327] [merq.merq_platform.impl.services.options.ivol_utils] [DEBUG] [56923] Getting stock ids for 1 merq_ids, effective date: 2024-08-14 00:00:00.
[2026-08-24 09:18:12,327] [merqutil.db] [DEBUG] [56923] : running sql

        SELECT
            MAX(ss.stock_id) AS stock_id,
            REPLACE(ss.symbol, '/', '.') AS symbol,
            e.mic
        FROM ivol.stock_symbol ss
        LEFT JOIN ivol.exchange e
            ON e.exchange_id = ss.exchange_id
        WHERE
            (REPLACE(ss.symbol, '/', '.'), COALESCE(e.mic, 'NA')) IN (('SPY', 'ARCX')) AND
            '2024-08-14 00:00:00' BETWEEN ss.t_date AND ss.term_date
        GROUP BY ss.symbol, e.mic
        HAVING COUNT(DISTINCT ss.stock_id) = 1
    
[2026-08-24 09:18:12,345] [merqutil.db] [INFO] [56923] 1 rows selected in 0.017740583047270775 s
[2026-08-24 09:18:12,345] [merq.merq_platform.impl.services.options.ivol_utils] [DEBUG] [56923] Found 1 symbol, mic pairs mapping to stock ids.
[2026-08-24 09:18:12,345] [merqutil.db] [DEBUG] [56923] : running sql

            SELECT ca.ex_date, ca.action_type, ca.stock_id
            FROM merq.corp_actions ca
            WHERE ca.ex_date = '2024-08-14 00:00:00' AND
                ca.action_type in ('dvd', 'spl', 'sdvd', 'sp', 'distr', 'rts') AND
                ca.stock_id in (627)
        
[2026-08-24 09:18:12,358] [merqutil.db] [INFO] [56923] 0 rows selected in 0.01228170795366168 s
[2026-08-24 09:18:12,358] [merqutil.db] [DEBUG] [56923] : running sql

        SELECT d.stock_id, d.last_dvd_date, d.last_dvd_amount, d.real_last_dvd_amount, d.dvd_ccy
        FROM ivol.dividend d
        WHERE d.last_dvd_date = '2024-08-14 00:00:00' AND
            d.stock_id in (627)
        
[2026-08-24 09:18:12,371] [merqutil.db] [INFO] [56923] 0 rows selected in 0.012452999828383327 s
[2026-08-24 09:18:12,371] [merqutil.db] [DEBUG] [56923] : running sql

            SELECT COUNT(*)
            FROM merq.corp_actions ca
            JOIN ivol.root_property rp
                ON (
                    rp.stock_id=ca.stock_id
                )
            WHERE (ca.ex_date='2024-08-13 00:00:00' OR ca.ex_date='2024-08-14 00:00:00')
                AND ca.action_type='rn'
                AND rp.action_type='RootRn'
                AND rp.t_date='2024-08-14 00:00:00'
                AND ca.stock_id IN (627);
        
[2026-08-24 09:18:12,384] [merqutil.db] [INFO] [56923] 1 rows selected in 0.013355332892388105 s
[2026-08-24 09:18:12,387] [merq.merq_platform.api.components.computation_pipeline.level_computers.standard_level_computer] [DEBUG] [56923] Equities contribution to index level: 995.463811500248
[2026-08-24 09:18:12,387] [merq.merq_platform.api.components.computation_pipeline.level_computers.standard_level_computer] [DEBUG] [56923] Options contribution to index level: -5.996216782060969
[2026-08-24 09:18:12,387] [merq.merq_platform.api.components.computation_pipeline.level_computers.standard_level_computer] [DEBUG] [56923] Cash contribution to index level: 16.20723219040974
[2026-08-24 09:18:12,387] [merq.merq_platform.api.components.computation_pipeline.level_computers.standard_level_computer] [DEBUG] [56923] Equities contribution to index level: 998.6042496923841
[2026-08-24 09:18:12,388] [merq.merq_platform.api.components.computation_pipeline.level_computers.standard_level_computer] [DEBUG] [56923] Options contribution to index level: -5.7115571798498195
[2026-08-24 09:18:12,388] [merq.merq_platform.api.components.computation_pipeline.level_computers.standard_level_computer] [DEBUG] [56923] Cash contribution to index level: 16.20723219040974
[2026-08-24 09:18:12,388] [merq.merq_platform.api.indices.multi_asset.multi_asset_base_index] [INFO] [56923] Computed index level for 2024-08-14 00:00:00 as 1009.099924702944
[2026-08-24 09:18:12,388] [merq.merq_platform.api.components.computation_pipeline.level_computers.standard_level_computer] [DEBUG] [56923] Equities contribution to index level: 998.6042496923841
[2026-08-24 09:18:12,388] [merq.merq_platform.api.components.computation_pipeline.level_computers.standard_level_computer] [DEBUG] [56923] Options contribution to index level: -5.7115571798498195
[2026-08-24 09:18:12,388] [merq.merq_platform.api.components.computation_pipeline.level_computers.standard_level_computer] [DEBUG] [56923] Cash contribution to index level: 16.20723219040974
[2026-08-24 09:18:12,402] [merq.merq_platform.api.indices.multi_asset.multi_asset_base_index] [DEBUG] [56923] Loaded in portfolio for date 2024-08-14 00:00:00
[2026-08-24 09:18:12,402] [merq.merq_platform.api.components.computation_pipeline.corax_loaders.index_corporate_actions_loader] [DEBUG] [56923] Loading corporate actions for el merq ids in unknown from 2024-08-15 00:00:00 to 2024-08-15 00:00:00...
[2026-08-24 09:18:12,402] [merq.merq_platform.api.components.computation_pipeline.corax_loaders.index_corporate_actions_loader] [DEBUG] [56923] Loading corporate actions for op merq ids in unknown from 2024-08-15 00:00:00 to 2024-08-15 00:00:00...
[2026-08-24 09:18:12,402] [merq.merq_platform.impl.services.options.ivol_reference_data_provider] [DEBUG] [56923] Getting underlying for 1 option contracts on eff_date: 2024-08-14 00:00:00
[2026-08-24 09:18:12,402] [merqutil.db] [DEBUG] [56923] : running sql

            SELECT
                rp.symbol, e.mic
            FROM ivol.root_property rp
            JOIN ivol.exchange e
                ON e.exchange_id = rp.exchange_id
            JOIN ivol.stock s
                ON s.stock_id = rp.stock_id
            WHERE rp.symbol in ('SPY')
                AND rp.t_date <= '2024-08-14 00:00:00' AND rp.term_date >= '2024-08-14 00:00:00'
                AND s.region_id = 1;
        
[2026-08-24 09:18:12,415] [merqutil.db] [INFO] [56923] 1 rows selected in 0.012230541789904237 s
[2026-08-24 09:18:12,479] [merq.merq_platform.impl.services.options.ivol_utils] [DEBUG] [56923] Created temp table temp_option_contract_keys with index
[2026-08-24 09:18:12,479] [merq.merq_platform.impl.services.options.ivol_utils] [DEBUG] [56923] Populating temp table with 1 option keys
[2026-08-24 09:18:12,516] [merq.merq_platform.impl.services.options.ivol_utils] [DEBUG] [56923] Inserted 1 keys into temp table in 1 batches
[2026-08-24 09:18:12,556] [merqutil.db] [DEBUG] [56923] materializing option contracts: : running sql
CREATE TEMP TABLE temp_option_contracts AS 
        SELECT
            ov.t_date,
            ov.expiration_date, ov.call_put, ov.strike, ov.root, e.mic,
            ov.stock_id, ov.root_id
        FROM ivol.option_value ov
        JOIN ivol.root_property rp
            ON rp.root_id = ov.root_id
            AND '2024-08-14 00:00:00' BETWEEN rp.t_date AND rp.term_date
        JOIN ivol.exchange e
            ON e.exchange_id = rp.exchange_id
        JOIN temp_option_contract_keys tok
            ON ov.expiration_date = tok.expiration_date
            AND ov.call_put = tok.call_put
            AND ov.strike = tok.strike
            AND ov.root = tok.root
            AND e.mic = tok.mic
        WHERE ov.t_date = '2024-08-14 00:00:00'
        UNION ALL
        SELECT
            ovn.t_date,
            ovn.expiration_date, ovn.call_put, ovn.strike, ovn.root, e.mic,
            ovn.stock_id, ovn.root_id
        FROM ivol.option_value_ns ovn
        JOIN ivol.root_property rp
            ON rp.root_id = ovn.root_id
            AND '2024-08-14 00:00:00' BETWEEN rp.t_date AND rp.term_date
        JOIN ivol.exchange e
            ON e.exchange_id = rp.exchange_id
        JOIN temp_option_contract_keys tok
            ON ovn.expiration_date = tok.expiration_date
            AND ovn.call_put = tok.call_put
            AND ovn.strike = tok.strike
            AND ovn.root = tok.root
            AND e.mic = tok.mic
        WHERE ovn.t_date = '2024-08-14 00:00:00'
    
[2026-08-24 09:18:12,596] [merqutil.db] [INFO] [56923] materializing option contracts: 1 rows created in 0.04040845902636647 s
[2026-08-24 09:18:12,675] [merqutil.db] [DEBUG] [56923] : running sql

            SELECT
                ov.root, ov.expiration_date, ov.call_put, ov.strike, ov.mic,
                replace(ss.symbol, '/', '.') as symbol
            FROM temp_option_contracts ov
            JOIN ivol.stock_symbol ss
                ON (ss.stock_id = ov.stock_id
                    AND '2024-08-14 00:00:00' BETWEEN ss.t_date AND ss.term_date
                    AND ss.symbol not like '%%%%7' -- Exclude mini options
                )
            JOIN ivol.stock s
                ON (ss.stock_id = s.stock_id)
            WHERE
                s.type IN ('S', 'F')
        
[2026-08-24 09:18:12,700] [merqutil.db] [INFO] [56923] 1 rows selected in 0.024744250113144517 s
[2026-08-24 09:18:12,701] [merqutil.db] [DEBUG] [56923] : running sql

            SELECT
                rp.symbol, e.mic
            FROM ivol.root_property rp
            JOIN ivol.exchange e
                ON e.exchange_id = rp.exchange_id
            JOIN ivol.stock s
                ON s.stock_id = rp.stock_id
            WHERE rp.symbol in ('SPY')
                AND rp.t_date <= '2024-08-14 00:00:00' AND rp.term_date >= '2024-08-14 00:00:00'
                AND s.region_id = 1;
        
[2026-08-24 09:18:12,713] [merqutil.db] [INFO] [56923] 1 rows selected in 0.01215945789590478 s
[2026-08-24 09:18:12,780] [merq.merq_platform.impl.services.options.ivol_utils] [DEBUG] [56923] Created temp table temp_option_contract_keys with index
[2026-08-24 09:18:12,780] [merq.merq_platform.impl.services.options.ivol_utils] [DEBUG] [56923] Populating temp table with 1 option keys
[2026-08-24 09:18:12,819] [merq.merq_platform.impl.services.options.ivol_utils] [DEBUG] [56923] Inserted 1 keys into temp table in 1 batches
[2026-08-24 09:18:12,861] [merqutil.db] [DEBUG] [56923] materializing option contracts: : running sql
CREATE TEMP TABLE temp_option_contracts AS 
        SELECT
            ov.t_date,
            ov.expiration_date, ov.call_put, ov.strike, ov.root, e.mic,
            ov.stock_id, ov.root_id
        FROM ivol.option_value ov
        JOIN ivol.root_property rp
            ON rp.root_id = ov.root_id
            AND '2024-08-14 00:00:00' BETWEEN rp.t_date AND rp.term_date
        JOIN ivol.exchange e
            ON e.exchange_id = rp.exchange_id
        JOIN temp_option_contract_keys tok
            ON ov.expiration_date = tok.expiration_date
            AND ov.call_put = tok.call_put
            AND ov.strike = tok.strike
            AND ov.root = tok.root
            AND e.mic = tok.mic
        WHERE ov.t_date = '2024-08-14 00:00:00'
        UNION ALL
        SELECT
            ovn.t_date,
            ovn.expiration_date, ovn.call_put, ovn.strike, ovn.root, e.mic,
            ovn.stock_id, ovn.root_id
        FROM ivol.option_value_ns ovn
        JOIN ivol.root_property rp
            ON rp.root_id = ovn.root_id
            AND '2024-08-14 00:00:00' BETWEEN rp.t_date AND rp.term_date
        JOIN ivol.exchange e
            ON e.exchange_id = rp.exchange_id
        JOIN temp_option_contract_keys tok
            ON ovn.expiration_date = tok.expiration_date
            AND ovn.call_put = tok.call_put
            AND ovn.strike = tok.strike
            AND ovn.root = tok.root
            AND e.mic = tok.mic
        WHERE ovn.t_date = '2024-08-14 00:00:00'
    
[2026-08-24 09:18:12,904] [merqutil.db] [INFO] [56923] materializing option contracts: 1 rows created in 0.04246729193255305 s
[2026-08-24 09:18:12,983] [merqutil.db] [DEBUG] [56923] : running sql

            SELECT
                ov.root, ov.expiration_date, ov.call_put, ov.strike, ov.mic,
                replace(ss.symbol, '/', '.') as symbol
            FROM temp_option_contracts ov
            JOIN ivol.stock_symbol ss
                ON (ss.stock_id = ov.stock_id
                    AND '2024-08-14 00:00:00' BETWEEN ss.t_date AND ss.term_date
                    AND ss.symbol not like '%%%%7' -- Exclude mini options
                )
            JOIN ivol.stock s
                ON (ss.stock_id = s.stock_id)
            WHERE
                s.type IN ('I')
        
[2026-08-24 09:18:13,007] [merqutil.db] [INFO] [56923] 0 rows selected in 0.023959999904036522 s
[2026-08-24 09:18:13,008] [merq.merq_platform.impl.services.options.ivol_utils] [DEBUG] [56923] Getting external id for <class 'merq.merq_platform.api.components.identifiers.merq_equity_id.MerqEquityListingId'> with 1 ids.
[2026-08-24 09:18:13,008] [merqutil.db] [DEBUG] [56923] : running sql

        SELECT
            REPLACE(ss.symbol, '/', '.') AS symbol,
            s.region_id,
            e.mic
        FROM ivol.stock_symbol ss
        JOIN ivol.stock s
            ON s.stock_id = ss.stock_id
        LEFT JOIN ivol.exchange e
            ON e.exchange_id = ss.exchange_id
        WHERE (replace(ss.symbol, '/', '.'), s.region_id) in (('SPY', 1)) AND
            '2024-08-15 00:00:00' between ss.t_date and ss.term_date
    
[2026-08-24 09:18:13,026] [merqutil.db] [INFO] [56923] 1 rows selected in 0.017914999974891543 s
[2026-08-24 09:18:13,026] [merq.merq_platform.impl.services.options.ivol_utils] [DEBUG] [56923] Getting stock ids for 1 merq_ids, effective date: 2024-08-15 00:00:00.
[2026-08-24 09:18:13,026] [merqutil.db] [DEBUG] [56923] : running sql

        SELECT
            MAX(ss.stock_id) AS stock_id,
            REPLACE(ss.symbol, '/', '.') AS symbol,
            e.mic
        FROM ivol.stock_symbol ss
        LEFT JOIN ivol.exchange e
            ON e.exchange_id = ss.exchange_id
        WHERE
            (REPLACE(ss.symbol, '/', '.'), COALESCE(e.mic, 'NA')) IN (('SPY', 'ARCX')) AND
            '2024-08-15 00:00:00' BETWEEN ss.t_date AND ss.term_date
        GROUP BY ss.symbol, e.mic
        HAVING COUNT(DISTINCT ss.stock_id) = 1
    
[2026-08-24 09:18:13,043] [merqutil.db] [INFO] [56923] 1 rows selected in 0.016851916909217834 s
[2026-08-24 09:18:13,043] [merq.merq_platform.impl.services.options.ivol_utils] [DEBUG] [56923] Found 1 symbol, mic pairs mapping to stock ids.
[2026-08-24 09:18:13,044] [merqutil.db] [DEBUG] [56923] : running sql

            SELECT ca.ex_date, ca.action_type, ca.stock_id
            FROM merq.corp_actions ca
            WHERE ca.ex_date = '2024-08-15 00:00:00' AND
                ca.action_type in ('dvd', 'spl', 'sdvd', 'sp', 'distr', 'rts') AND
                ca.stock_id in (627)
        
[2026-08-24 09:18:13,057] [merqutil.db] [INFO] [56923] 0 rows selected in 0.012953958008438349 s
[2026-08-24 09:18:13,057] [merqutil.db] [DEBUG] [56923] : running sql

        SELECT d.stock_id, d.last_dvd_date, d.last_dvd_amount, d.real_last_dvd_amount, d.dvd_ccy
        FROM ivol.dividend d
        WHERE d.last_dvd_date = '2024-08-15 00:00:00' AND
            d.stock_id in (627)
        
[2026-08-24 09:18:13,070] [merqutil.db] [INFO] [56923] 0 rows selected in 0.012989124981686473 s
[2026-08-24 09:18:13,070] [merqutil.db] [DEBUG] [56923] : running sql

            SELECT COUNT(*)
            FROM merq.corp_actions ca
            JOIN ivol.root_property rp
                ON (
                    rp.stock_id=ca.stock_id
                )
            WHERE (ca.ex_date='2024-08-14 00:00:00' OR ca.ex_date='2024-08-15 00:00:00')
                AND ca.action_type='rn'
                AND rp.action_type='RootRn'
                AND rp.t_date='2024-08-15 00:00:00'
                AND ca.stock_id IN (627);
        
[2026-08-24 09:18:13,084] [merqutil.db] [INFO] [56923] 1 rows selected in 0.01375874993391335 s
[2026-08-24 09:18:13,086] [merq.merq_platform.api.components.computation_pipeline.level_computers.standard_level_computer] [DEBUG] [56923] Equities contribution to index level: 998.6042496923841
[2026-08-24 09:18:13,086] [merq.merq_platform.api.components.computation_pipeline.level_computers.standard_level_computer] [DEBUG] [56923] Options contribution to index level: -5.7115571798498195
[2026-08-24 09:18:13,086] [merq.merq_platform.api.components.computation_pipeline.level_computers.standard_level_computer] [DEBUG] [56923] Cash contribution to index level: 16.20723219040974
[2026-08-24 09:18:13,086] [merq.merq_platform.api.components.computation_pipeline.level_computers.standard_level_computer] [DEBUG] [56923] Equities contribution to index level: 1015.720556096307
[2026-08-24 09:18:13,086] [merq.merq_platform.api.components.computation_pipeline.level_computers.standard_level_computer] [DEBUG] [56923] Options contribution to index level: -11.698591394097434
[2026-08-24 09:18:13,086] [merq.merq_platform.api.components.computation_pipeline.level_computers.standard_level_computer] [DEBUG] [56923] Cash contribution to index level: 16.20723219040974
[2026-08-24 09:18:13,086] [merq.merq_platform.api.indices.multi_asset.multi_asset_base_index] [INFO] [56923] Computed index level for 2024-08-15 00:00:00 as 1020.2291968926193
[2026-08-24 09:18:13,087] [merq.merq_platform.api.components.computation_pipeline.level_computers.standard_level_computer] [DEBUG] [56923] Equities contribution to index level: 1015.720556096307
[2026-08-24 09:18:13,087] [merq.merq_platform.api.components.computation_pipeline.level_computers.standard_level_computer] [DEBUG] [56923] Options contribution to index level: -11.698591394097434
[2026-08-24 09:18:13,087] [merq.merq_platform.api.components.computation_pipeline.level_computers.standard_level_computer] [DEBUG] [56923] Cash contribution to index level: 16.20723219040974
[2026-08-24 09:18:13,100] [merq.merq_platform.api.indices.multi_asset.multi_asset_base_index] [DEBUG] [56923] Loaded in portfolio for date 2024-08-15 00:00:00
[2026-08-24 09:18:13,100] [merq.merq_platform.api.components.computation_pipeline.corax_loaders.index_corporate_actions_loader] [DEBUG] [56923] Loading corporate actions for el merq ids in unknown from 2024-08-16 00:00:00 to 2024-08-16 00:00:00...
[2026-08-24 09:18:13,100] [merq.merq_platform.api.components.computation_pipeline.corax_loaders.index_corporate_actions_loader] [DEBUG] [56923] Loading corporate actions for op merq ids in unknown from 2024-08-16 00:00:00 to 2024-08-16 00:00:00...
[2026-08-24 09:18:13,100] [merq.merq_platform.impl.services.options.ivol_reference_data_provider] [DEBUG] [56923] Getting underlying for 1 option contracts on eff_date: 2024-08-15 00:00:00
[2026-08-24 09:18:13,101] [merqutil.db] [DEBUG] [56923] : running sql

            SELECT
                rp.symbol, e.mic
            FROM ivol.root_property rp
            JOIN ivol.exchange e
                ON e.exchange_id = rp.exchange_id
            JOIN ivol.stock s
                ON s.stock_id = rp.stock_id
            WHERE rp.symbol in ('SPY')
                AND rp.t_date <= '2024-08-15 00:00:00' AND rp.term_date >= '2024-08-15 00:00:00'
                AND s.region_id = 1;
        
[2026-08-24 09:18:13,117] [merqutil.db] [INFO] [56923] 1 rows selected in 0.016518875025212765 s
[2026-08-24 09:18:13,185] [merq.merq_platform.impl.services.options.ivol_utils] [DEBUG] [56923] Created temp table temp_option_contract_keys with index
[2026-08-24 09:18:13,186] [merq.merq_platform.impl.services.options.ivol_utils] [DEBUG] [56923] Populating temp table with 1 option keys
[2026-08-24 09:18:13,223] [merq.merq_platform.impl.services.options.ivol_utils] [DEBUG] [56923] Inserted 1 keys into temp table in 1 batches
[2026-08-24 09:18:13,267] [merqutil.db] [DEBUG] [56923] materializing option contracts: : running sql
CREATE TEMP TABLE temp_option_contracts AS 
        SELECT
            ov.t_date,
            ov.expiration_date, ov.call_put, ov.strike, ov.root, e.mic,
            ov.stock_id, ov.root_id
        FROM ivol.option_value ov
        JOIN ivol.root_property rp
            ON rp.root_id = ov.root_id
            AND '2024-08-15 00:00:00' BETWEEN rp.t_date AND rp.term_date
        JOIN ivol.exchange e
            ON e.exchange_id = rp.exchange_id
        JOIN temp_option_contract_keys tok
            ON ov.expiration_date = tok.expiration_date
            AND ov.call_put = tok.call_put
            AND ov.strike = tok.strike
            AND ov.root = tok.root
            AND e.mic = tok.mic
        WHERE ov.t_date = '2024-08-15 00:00:00'
        UNION ALL
        SELECT
            ovn.t_date,
            ovn.expiration_date, ovn.call_put, ovn.strike, ovn.root, e.mic,
            ovn.stock_id, ovn.root_id
        FROM ivol.option_value_ns ovn
        JOIN ivol.root_property rp
            ON rp.root_id = ovn.root_id
            AND '2024-08-15 00:00:00' BETWEEN rp.t_date AND rp.term_date
        JOIN ivol.exchange e
            ON e.exchange_id = rp.exchange_id
        JOIN temp_option_contract_keys tok
            ON ovn.expiration_date = tok.expiration_date
            AND ovn.call_put = tok.call_put
            AND ovn.strike = tok.strike
            AND ovn.root = tok.root
            AND e.mic = tok.mic
        WHERE ovn.t_date = '2024-08-15 00:00:00'
    
[2026-08-24 09:18:13,313] [merqutil.db] [INFO] [56923] materializing option contracts: 1 rows created in 0.04629108379594982 s
[2026-08-24 09:18:13,392] [merqutil.db] [DEBUG] [56923] : running sql

            SELECT
                ov.root, ov.expiration_date, ov.call_put, ov.strike, ov.mic,
                replace(ss.symbol, '/', '.') as symbol
            FROM temp_option_contracts ov
            JOIN ivol.stock_symbol ss
                ON (ss.stock_id = ov.stock_id
                    AND '2024-08-15 00:00:00' BETWEEN ss.t_date AND ss.term_date
                    AND ss.symbol not like '%%%%7' -- Exclude mini options
                )
            JOIN ivol.stock s
                ON (ss.stock_id = s.stock_id)
            WHERE
                s.type IN ('S', 'F')
        
[2026-08-24 09:18:13,416] [merqutil.db] [INFO] [56923] 1 rows selected in 0.023739208932965994 s
[2026-08-24 09:18:13,417] [merqutil.db] [DEBUG] [56923] : running sql

            SELECT
                rp.symbol, e.mic
            FROM ivol.root_property rp
            JOIN ivol.exchange e
                ON e.exchange_id = rp.exchange_id
            JOIN ivol.stock s
                ON s.stock_id = rp.stock_id
            WHERE rp.symbol in ('SPY')
                AND rp.t_date <= '2024-08-15 00:00:00' AND rp.term_date >= '2024-08-15 00:00:00'
                AND s.region_id = 1;
        
[2026-08-24 09:18:13,435] [merqutil.db] [INFO] [56923] 1 rows selected in 0.01758162514306605 s
[2026-08-24 09:18:13,506] [merq.merq_platform.impl.services.options.ivol_utils] [DEBUG] [56923] Created temp table temp_option_contract_keys with index
[2026-08-24 09:18:13,506] [merq.merq_platform.impl.services.options.ivol_utils] [DEBUG] [56923] Populating temp table with 1 option keys
[2026-08-24 09:18:13,546] [merq.merq_platform.impl.services.options.ivol_utils] [DEBUG] [56923] Inserted 1 keys into temp table in 1 batches
[2026-08-24 09:18:13,585] [merqutil.db] [DEBUG] [56923] materializing option contracts: : running sql
CREATE TEMP TABLE temp_option_contracts AS 
        SELECT
            ov.t_date,
            ov.expiration_date, ov.call_put, ov.strike, ov.root, e.mic,
            ov.stock_id, ov.root_id
        FROM ivol.option_value ov
        JOIN ivol.root_property rp
            ON rp.root_id = ov.root_id
            AND '2024-08-15 00:00:00' BETWEEN rp.t_date AND rp.term_date
        JOIN ivol.exchange e
            ON e.exchange_id = rp.exchange_id
        JOIN temp_option_contract_keys tok
            ON ov.expiration_date = tok.expiration_date
            AND ov.call_put = tok.call_put
            AND ov.strike = tok.strike
            AND ov.root = tok.root
            AND e.mic = tok.mic
        WHERE ov.t_date = '2024-08-15 00:00:00'
        UNION ALL
        SELECT
            ovn.t_date,
            ovn.expiration_date, ovn.call_put, ovn.strike, ovn.root, e.mic,
            ovn.stock_id, ovn.root_id
        FROM ivol.option_value_ns ovn
        JOIN ivol.root_property rp
            ON rp.root_id = ovn.root_id
            AND '2024-08-15 00:00:00' BETWEEN rp.t_date AND rp.term_date
        JOIN ivol.exchange e
            ON e.exchange_id = rp.exchange_id
        JOIN temp_option_contract_keys tok
            ON ovn.expiration_date = tok.expiration_date
            AND ovn.call_put = tok.call_put
            AND ovn.strike = tok.strike
            AND ovn.root = tok.root
            AND e.mic = tok.mic
        WHERE ovn.t_date = '2024-08-15 00:00:00'
    
[2026-08-24 09:18:13,630] [merqutil.db] [INFO] [56923] materializing option contracts: 1 rows created in 0.044927542097866535 s
[2026-08-24 09:18:13,710] [merqutil.db] [DEBUG] [56923] : running sql

            SELECT
                ov.root, ov.expiration_date, ov.call_put, ov.strike, ov.mic,
                replace(ss.symbol, '/', '.') as symbol
            FROM temp_option_contracts ov
            JOIN ivol.stock_symbol ss
                ON (ss.stock_id = ov.stock_id
                    AND '2024-08-15 00:00:00' BETWEEN ss.t_date AND ss.term_date
                    AND ss.symbol not like '%%%%7' -- Exclude mini options
                )
            JOIN ivol.stock s
                ON (ss.stock_id = s.stock_id)
            WHERE
                s.type IN ('I')
        
[2026-08-24 09:18:13,737] [merqutil.db] [INFO] [56923] 0 rows selected in 0.02781262481585145 s
[2026-08-24 09:18:13,738] [merq.merq_platform.impl.services.options.ivol_utils] [DEBUG] [56923] Getting external id for <class 'merq.merq_platform.api.components.identifiers.merq_equity_id.MerqEquityListingId'> with 1 ids.
[2026-08-24 09:18:13,738] [merqutil.db] [DEBUG] [56923] : running sql

        SELECT
            REPLACE(ss.symbol, '/', '.') AS symbol,
            s.region_id,
            e.mic
        FROM ivol.stock_symbol ss
        JOIN ivol.stock s
            ON s.stock_id = ss.stock_id
        LEFT JOIN ivol.exchange e
            ON e.exchange_id = ss.exchange_id
        WHERE (replace(ss.symbol, '/', '.'), s.region_id) in (('SPY', 1)) AND
            '2024-08-16 00:00:00' between ss.t_date and ss.term_date
    
[2026-08-24 09:18:13,755] [merqutil.db] [INFO] [56923] 1 rows selected in 0.01654616603627801 s
[2026-08-24 09:18:13,755] [merq.merq_platform.impl.services.options.ivol_utils] [DEBUG] [56923] Getting stock ids for 1 merq_ids, effective date: 2024-08-16 00:00:00.
[2026-08-24 09:18:13,755] [merqutil.db] [DEBUG] [56923] : running sql

        SELECT
            MAX(ss.stock_id) AS stock_id,
            REPLACE(ss.symbol, '/', '.') AS symbol,
            e.mic
        FROM ivol.stock_symbol ss
        LEFT JOIN ivol.exchange e
            ON e.exchange_id = ss.exchange_id
        WHERE
            (REPLACE(ss.symbol, '/', '.'), COALESCE(e.mic, 'NA')) IN (('SPY', 'ARCX')) AND
            '2024-08-16 00:00:00' BETWEEN ss.t_date AND ss.term_date
        GROUP BY ss.symbol, e.mic
        HAVING COUNT(DISTINCT ss.stock_id) = 1
    
[2026-08-24 09:18:13,772] [merqutil.db] [INFO] [56923] 1 rows selected in 0.01653220783919096 s
[2026-08-24 09:18:13,772] [merq.merq_platform.impl.services.options.ivol_utils] [DEBUG] [56923] Found 1 symbol, mic pairs mapping to stock ids.
[2026-08-24 09:18:13,772] [merqutil.db] [DEBUG] [56923] : running sql

            SELECT ca.ex_date, ca.action_type, ca.stock_id
            FROM merq.corp_actions ca
            WHERE ca.ex_date = '2024-08-16 00:00:00' AND
                ca.action_type in ('dvd', 'spl', 'sdvd', 'sp', 'distr', 'rts') AND
                ca.stock_id in (627)
        
[2026-08-24 09:18:13,787] [merqutil.db] [INFO] [56923] 0 rows selected in 0.015091999899595976 s
[2026-08-24 09:18:13,788] [merqutil.db] [DEBUG] [56923] : running sql

        SELECT d.stock_id, d.last_dvd_date, d.last_dvd_amount, d.real_last_dvd_amount, d.dvd_ccy
        FROM ivol.dividend d
        WHERE d.last_dvd_date = '2024-08-16 00:00:00' AND
            d.stock_id in (627)
        
[2026-08-24 09:18:13,800] [merqutil.db] [INFO] [56923] 0 rows selected in 0.012529417173936963 s
[2026-08-24 09:18:13,801] [merqutil.db] [DEBUG] [56923] : running sql

            SELECT COUNT(*)
            FROM merq.corp_actions ca
            JOIN ivol.root_property rp
                ON (
                    rp.stock_id=ca.stock_id
                )
            WHERE (ca.ex_date='2024-08-15 00:00:00' OR ca.ex_date='2024-08-16 00:00:00')
                AND ca.action_type='rn'
                AND rp.action_type='RootRn'
                AND rp.t_date='2024-08-16 00:00:00'
                AND ca.stock_id IN (627);
        
[2026-08-24 09:18:13,814] [merqutil.db] [INFO] [56923] 1 rows selected in 0.01284604100510478 s
[2026-08-24 09:18:13,815] [merq.merq_platform.api.components.computation_pipeline.level_computers.standard_level_computer] [DEBUG] [56923] Equities contribution to index level: 1015.720556096307
[2026-08-24 09:18:13,815] [merq.merq_platform.api.components.computation_pipeline.level_computers.standard_level_computer] [DEBUG] [56923] Options contribution to index level: -11.698591394097434
[2026-08-24 09:18:13,815] [merq.merq_platform.api.components.computation_pipeline.level_computers.standard_level_computer] [DEBUG] [56923] Cash contribution to index level: 16.20723219040974
[2026-08-24 09:18:13,816] [merq.merq_platform.api.components.computation_pipeline.level_computers.standard_level_computer] [DEBUG] [56923] Equities contribution to index level: 1017.997832913996
[2026-08-24 09:18:13,816] [merq.merq_platform.api.components.computation_pipeline.level_computers.standard_level_computer] [DEBUG] [56923] Options contribution to index level: -12.148537216947375
[2026-08-24 09:18:13,816] [merq.merq_platform.api.components.computation_pipeline.level_computers.standard_level_computer] [DEBUG] [56923] Cash contribution to index level: 16.20723219040974
[2026-08-24 09:18:13,816] [merq.merq_platform.api.indices.multi_asset.multi_asset_base_index] [INFO] [56923] Computed index level for 2024-08-16 00:00:00 as 1022.0565278874584
[2026-08-24 09:18:13,817] [merq.merq_platform.api.components.computation_pipeline.level_computers.standard_level_computer] [DEBUG] [56923] Equities contribution to index level: 1017.997832913996
[2026-08-24 09:18:13,817] [merq.merq_platform.api.components.computation_pipeline.level_computers.standard_level_computer] [DEBUG] [56923] Options contribution to index level: -12.148537216947375
[2026-08-24 09:18:13,817] [merq.merq_platform.api.components.computation_pipeline.level_computers.standard_level_computer] [DEBUG] [56923] Cash contribution to index level: 16.20723219040974
[2026-08-24 09:18:13,829] [merq.merq_platform.api.indices.multi_asset.multi_asset_base_index] [DEBUG] [56923] Loaded in portfolio for date 2024-08-16 00:00:00
[2026-08-24 09:18:13,829] [merq.merq_platform.api.components.computation_pipeline.corax_loaders.index_corporate_actions_loader] [DEBUG] [56923] Loading corporate actions for el merq ids in unknown from 2024-08-17 00:00:00 to 2024-08-19 00:00:00...
[2026-08-24 09:18:13,830] [merq.merq_platform.api.components.computation_pipeline.corax_loaders.index_corporate_actions_loader] [DEBUG] [56923] Loading corporate actions for op merq ids in unknown from 2024-08-17 00:00:00 to 2024-08-19 00:00:00...
[2026-08-24 09:18:13,830] [merq.merq_platform.impl.services.options.ivol_reference_data_provider] [DEBUG] [56923] Getting underlying for 1 option contracts on eff_date: 2024-08-16 00:00:00
[2026-08-24 09:18:13,830] [merqutil.db] [DEBUG] [56923] : running sql

            SELECT
                rp.symbol, e.mic
            FROM ivol.root_property rp
            JOIN ivol.exchange e
                ON e.exchange_id = rp.exchange_id
            JOIN ivol.stock s
                ON s.stock_id = rp.stock_id
            WHERE rp.symbol in ('SPY')
                AND rp.t_date <= '2024-08-16 00:00:00' AND rp.term_date >= '2024-08-16 00:00:00'
                AND s.region_id = 1;
        
[2026-08-24 09:18:13,843] [merqutil.db] [INFO] [56923] 1 rows selected in 0.013247624970972538 s
[2026-08-24 09:18:13,909] [merq.merq_platform.impl.services.options.ivol_utils] [DEBUG] [56923] Created temp table temp_option_contract_keys with index
[2026-08-24 09:18:13,910] [merq.merq_platform.impl.services.options.ivol_utils] [DEBUG] [56923] Populating temp table with 1 option keys
[2026-08-24 09:18:13,950] [merq.merq_platform.impl.services.options.ivol_utils] [DEBUG] [56923] Inserted 1 keys into temp table in 1 batches
[2026-08-24 09:18:13,996] [merqutil.db] [DEBUG] [56923] materializing option contracts: : running sql
CREATE TEMP TABLE temp_option_contracts AS 
        SELECT
            ov.t_date,
            ov.expiration_date, ov.call_put, ov.strike, ov.root, e.mic,
            ov.stock_id, ov.root_id
        FROM ivol.option_value ov
        JOIN ivol.root_property rp
            ON rp.root_id = ov.root_id
            AND '2024-08-16 00:00:00' BETWEEN rp.t_date AND rp.term_date
        JOIN ivol.exchange e
            ON e.exchange_id = rp.exchange_id
        JOIN temp_option_contract_keys tok
            ON ov.expiration_date = tok.expiration_date
            AND ov.call_put = tok.call_put
            AND ov.strike = tok.strike
            AND ov.root = tok.root
            AND e.mic = tok.mic
        WHERE ov.t_date = '2024-08-16 00:00:00'
        UNION ALL
        SELECT
            ovn.t_date,
            ovn.expiration_date, ovn.call_put, ovn.strike, ovn.root, e.mic,
            ovn.stock_id, ovn.root_id
        FROM ivol.option_value_ns ovn
        JOIN ivol.root_property rp
            ON rp.root_id = ovn.root_id
            AND '2024-08-16 00:00:00' BETWEEN rp.t_date AND rp.term_date
        JOIN ivol.exchange e
            ON e.exchange_id = rp.exchange_id
        JOIN temp_option_contract_keys tok
            ON ovn.expiration_date = tok.expiration_date
            AND ovn.call_put = tok.call_put
            AND ovn.strike = tok.strike
            AND ovn.root = tok.root
            AND e.mic = tok.mic
        WHERE ovn.t_date = '2024-08-16 00:00:00'
    
[2026-08-24 09:18:14,040] [merqutil.db] [INFO] [56923] materializing option contracts: 1 rows created in 0.044060542015358806 s
[2026-08-24 09:18:14,123] [merqutil.db] [DEBUG] [56923] : running sql

            SELECT
                ov.root, ov.expiration_date, ov.call_put, ov.strike, ov.mic,
                replace(ss.symbol, '/', '.') as symbol
            FROM temp_option_contracts ov
            JOIN ivol.stock_symbol ss
                ON (ss.stock_id = ov.stock_id
                    AND '2024-08-16 00:00:00' BETWEEN ss.t_date AND ss.term_date
                    AND ss.symbol not like '%%%%7' -- Exclude mini options
                )
            JOIN ivol.stock s
                ON (ss.stock_id = s.stock_id)
            WHERE
                s.type IN ('S', 'F')
        
[2026-08-24 09:18:14,149] [merqutil.db] [INFO] [56923] 1 rows selected in 0.026493707904592156 s
[2026-08-24 09:18:14,150] [merqutil.db] [DEBUG] [56923] : running sql

            SELECT
                rp.symbol, e.mic
            FROM ivol.root_property rp
            JOIN ivol.exchange e
                ON e.exchange_id = rp.exchange_id
            JOIN ivol.stock s
                ON s.stock_id = rp.stock_id
            WHERE rp.symbol in ('SPY')
                AND rp.t_date <= '2024-08-16 00:00:00' AND rp.term_date >= '2024-08-16 00:00:00'
                AND s.region_id = 1;
        
[2026-08-24 09:18:14,163] [merqutil.db] [INFO] [56923] 1 rows selected in 0.01283858297392726 s
[2026-08-24 09:18:14,230] [merq.merq_platform.impl.services.options.ivol_utils] [DEBUG] [56923] Created temp table temp_option_contract_keys with index
[2026-08-24 09:18:14,230] [merq.merq_platform.impl.services.options.ivol_utils] [DEBUG] [56923] Populating temp table with 1 option keys
[2026-08-24 09:18:14,269] [merq.merq_platform.impl.services.options.ivol_utils] [DEBUG] [56923] Inserted 1 keys into temp table in 1 batches
[2026-08-24 09:18:14,309] [merqutil.db] [DEBUG] [56923] materializing option contracts: : running sql
CREATE TEMP TABLE temp_option_contracts AS 
        SELECT
            ov.t_date,
            ov.expiration_date, ov.call_put, ov.strike, ov.root, e.mic,
            ov.stock_id, ov.root_id
        FROM ivol.option_value ov
        JOIN ivol.root_property rp
            ON rp.root_id = ov.root_id
            AND '2024-08-16 00:00:00' BETWEEN rp.t_date AND rp.term_date
        JOIN ivol.exchange e
            ON e.exchange_id = rp.exchange_id
        JOIN temp_option_contract_keys tok
            ON ov.expiration_date = tok.expiration_date
            AND ov.call_put = tok.call_put
            AND ov.strike = tok.strike
            AND ov.root = tok.root
            AND e.mic = tok.mic
        WHERE ov.t_date = '2024-08-16 00:00:00'
        UNION ALL
        SELECT
            ovn.t_date,
            ovn.expiration_date, ovn.call_put, ovn.strike, ovn.root, e.mic,
            ovn.stock_id, ovn.root_id
        FROM ivol.option_value_ns ovn
        JOIN ivol.root_property rp
            ON rp.root_id = ovn.root_id
            AND '2024-08-16 00:00:00' BETWEEN rp.t_date AND rp.term_date
        JOIN ivol.exchange e
            ON e.exchange_id = rp.exchange_id
        JOIN temp_option_contract_keys tok
            ON ovn.expiration_date = tok.expiration_date
            AND ovn.call_put = tok.call_put
            AND ovn.strike = tok.strike
            AND ovn.root = tok.root
            AND e.mic = tok.mic
        WHERE ovn.t_date = '2024-08-16 00:00:00'
    
[2026-08-24 09:18:14,350] [merqutil.db] [INFO] [56923] materializing option contracts: 1 rows created in 0.04065695800818503 s
[2026-08-24 09:18:14,431] [merqutil.db] [DEBUG] [56923] : running sql

            SELECT
                ov.root, ov.expiration_date, ov.call_put, ov.strike, ov.mic,
                replace(ss.symbol, '/', '.') as symbol
            FROM temp_option_contracts ov
            JOIN ivol.stock_symbol ss
                ON (ss.stock_id = ov.stock_id
                    AND '2024-08-16 00:00:00' BETWEEN ss.t_date AND ss.term_date
                    AND ss.symbol not like '%%%%7' -- Exclude mini options
                )
            JOIN ivol.stock s
                ON (ss.stock_id = s.stock_id)
            WHERE
                s.type IN ('I')
        
[2026-08-24 09:18:14,459] [merqutil.db] [INFO] [56923] 0 rows selected in 0.02744787512347102 s
[2026-08-24 09:18:14,459] [merq.merq_platform.impl.services.options.ivol_utils] [DEBUG] [56923] Getting external id for <class 'merq.merq_platform.api.components.identifiers.merq_equity_id.MerqEquityListingId'> with 1 ids.
[2026-08-24 09:18:14,459] [merqutil.db] [DEBUG] [56923] : running sql

        SELECT
            REPLACE(ss.symbol, '/', '.') AS symbol,
            s.region_id,
            e.mic
        FROM ivol.stock_symbol ss
        JOIN ivol.stock s
            ON s.stock_id = ss.stock_id
        LEFT JOIN ivol.exchange e
            ON e.exchange_id = ss.exchange_id
        WHERE (replace(ss.symbol, '/', '.'), s.region_id) in (('SPY', 1)) AND
            '2024-08-19 00:00:00' between ss.t_date and ss.term_date
    
[2026-08-24 09:18:14,476] [merqutil.db] [INFO] [56923] 1 rows selected in 0.016925917007029057 s
[2026-08-24 09:18:14,477] [merq.merq_platform.impl.services.options.ivol_utils] [DEBUG] [56923] Getting stock ids for 1 merq_ids, effective date: 2024-08-19 00:00:00.
[2026-08-24 09:18:14,477] [merqutil.db] [DEBUG] [56923] : running sql

        SELECT
            MAX(ss.stock_id) AS stock_id,
            REPLACE(ss.symbol, '/', '.') AS symbol,
            e.mic
        FROM ivol.stock_symbol ss
        LEFT JOIN ivol.exchange e
            ON e.exchange_id = ss.exchange_id
        WHERE
            (REPLACE(ss.symbol, '/', '.'), COALESCE(e.mic, 'NA')) IN (('SPY', 'ARCX')) AND
            '2024-08-19 00:00:00' BETWEEN ss.t_date AND ss.term_date
        GROUP BY ss.symbol, e.mic
        HAVING COUNT(DISTINCT ss.stock_id) = 1
    
[2026-08-24 09:18:14,494] [merqutil.db] [INFO] [56923] 1 rows selected in 0.016689333133399487 s
[2026-08-24 09:18:14,494] [merq.merq_platform.impl.services.options.ivol_utils] [DEBUG] [56923] Found 1 symbol, mic pairs mapping to stock ids.
[2026-08-24 09:18:14,494] [merqutil.db] [DEBUG] [56923] : running sql

            SELECT ca.ex_date, ca.action_type, ca.stock_id
            FROM merq.corp_actions ca
            WHERE ca.ex_date = '2024-08-19 00:00:00' AND
                ca.action_type in ('dvd', 'spl', 'sdvd', 'sp', 'distr', 'rts') AND
                ca.stock_id in (627)
        
[2026-08-24 09:18:14,506] [merqutil.db] [INFO] [56923] 0 rows selected in 0.01226141699589789 s
[2026-08-24 09:18:14,507] [merqutil.db] [DEBUG] [56923] : running sql

        SELECT d.stock_id, d.last_dvd_date, d.last_dvd_amount, d.real_last_dvd_amount, d.dvd_ccy
        FROM ivol.dividend d
        WHERE d.last_dvd_date = '2024-08-19 00:00:00' AND
            d.stock_id in (627)
        
[2026-08-24 09:18:14,519] [merqutil.db] [INFO] [56923] 0 rows selected in 0.012578915804624557 s
[2026-08-24 09:18:14,520] [merqutil.db] [DEBUG] [56923] : running sql

            SELECT COUNT(*)
            FROM merq.corp_actions ca
            JOIN ivol.root_property rp
                ON (
                    rp.stock_id=ca.stock_id
                )
            WHERE (ca.ex_date='2024-08-16 00:00:00' OR ca.ex_date='2024-08-19 00:00:00')
                AND ca.action_type='rn'
                AND rp.action_type='RootRn'
                AND rp.t_date='2024-08-19 00:00:00'
                AND ca.stock_id IN (627);
        
[2026-08-24 09:18:14,533] [merqutil.db] [INFO] [56923] 1 rows selected in 0.013563374988734722 s
[2026-08-24 09:18:14,535] [merq.merq_platform.api.components.computation_pipeline.level_computers.standard_level_computer] [DEBUG] [56923] Equities contribution to index level: 1017.997832913996
[2026-08-24 09:18:14,535] [merq.merq_platform.api.components.computation_pipeline.level_computers.standard_level_computer] [DEBUG] [56923] Options contribution to index level: -12.148537216947375
[2026-08-24 09:18:14,535] [merq.merq_platform.api.components.computation_pipeline.level_computers.standard_level_computer] [DEBUG] [56923] Cash contribution to index level: 16.20723219040974
[2026-08-24 09:18:14,536] [merq.merq_platform.api.components.computation_pipeline.level_computers.standard_level_computer] [DEBUG] [56923] Equities contribution to index level: 1027.7313547960553
[2026-08-24 09:18:14,536] [merq.merq_platform.api.components.computation_pipeline.level_computers.standard_level_computer] [DEBUG] [56923] Options contribution to index level: -16.675543148886163
[2026-08-24 09:18:14,536] [merq.merq_platform.api.components.computation_pipeline.level_computers.standard_level_computer] [DEBUG] [56923] Cash contribution to index level: 16.20723219040974
[2026-08-24 09:18:14,536] [merq.merq_platform.api.indices.multi_asset.multi_asset_base_index] [INFO] [56923] Computed index level for 2024-08-19 00:00:00 as 1027.2630438375788
[2026-08-24 09:18:14,537] [merq.merq_platform.api.components.computation_pipeline.level_computers.standard_level_computer] [DEBUG] [56923] Equities contribution to index level: 1027.7313547960553
[2026-08-24 09:18:14,537] [merq.merq_platform.api.components.computation_pipeline.level_computers.standard_level_computer] [DEBUG] [56923] Options contribution to index level: -16.675543148886163
[2026-08-24 09:18:14,537] [merq.merq_platform.api.components.computation_pipeline.level_computers.standard_level_computer] [DEBUG] [56923] Cash contribution to index level: 16.20723219040974
[2026-08-24 09:18:14,551] [merq.merq_platform.api.indices.multi_asset.multi_asset_base_index] [DEBUG] [56923] Loaded in portfolio for date 2024-08-19 00:00:00
[2026-08-24 09:18:14,551] [merq.merq_platform.api.components.computation_pipeline.corax_loaders.index_corporate_actions_loader] [DEBUG] [56923] Loading corporate actions for el merq ids in unknown from 2024-08-20 00:00:00 to 2024-08-20 00:00:00...
[2026-08-24 09:18:14,551] [merq.merq_platform.api.components.computation_pipeline.corax_loaders.index_corporate_actions_loader] [DEBUG] [56923] Loading corporate actions for op merq ids in unknown from 2024-08-20 00:00:00 to 2024-08-20 00:00:00...
[2026-08-24 09:18:14,551] [merq.merq_platform.impl.services.options.ivol_reference_data_provider] [DEBUG] [56923] Getting underlying for 1 option contracts on eff_date: 2024-08-19 00:00:00
[2026-08-24 09:18:14,552] [merqutil.db] [DEBUG] [56923] : running sql

            SELECT
                rp.symbol, e.mic
            FROM ivol.root_property rp
            JOIN ivol.exchange e
                ON e.exchange_id = rp.exchange_id
            JOIN ivol.stock s
                ON s.stock_id = rp.stock_id
            WHERE rp.symbol in ('SPY')
                AND rp.t_date <= '2024-08-19 00:00:00' AND rp.term_date >= '2024-08-19 00:00:00'
                AND s.region_id = 1;
        
[2026-08-24 09:18:14,565] [merqutil.db] [INFO] [56923] 1 rows selected in 0.013243332970887423 s
[2026-08-24 09:18:14,632] [merq.merq_platform.impl.services.options.ivol_utils] [DEBUG] [56923] Created temp table temp_option_contract_keys with index
[2026-08-24 09:18:14,633] [merq.merq_platform.impl.services.options.ivol_utils] [DEBUG] [56923] Populating temp table with 1 option keys
[2026-08-24 09:18:14,671] [merq.merq_platform.impl.services.options.ivol_utils] [DEBUG] [56923] Inserted 1 keys into temp table in 1 batches
[2026-08-24 09:18:14,711] [merqutil.db] [DEBUG] [56923] materializing option contracts: : running sql
CREATE TEMP TABLE temp_option_contracts AS 
        SELECT
            ov.t_date,
            ov.expiration_date, ov.call_put, ov.strike, ov.root, e.mic,
            ov.stock_id, ov.root_id
        FROM ivol.option_value ov
        JOIN ivol.root_property rp
            ON rp.root_id = ov.root_id
            AND '2024-08-19 00:00:00' BETWEEN rp.t_date AND rp.term_date
        JOIN ivol.exchange e
            ON e.exchange_id = rp.exchange_id
        JOIN temp_option_contract_keys tok
            ON ov.expiration_date = tok.expiration_date
            AND ov.call_put = tok.call_put
            AND ov.strike = tok.strike
            AND ov.root = tok.root
            AND e.mic = tok.mic
        WHERE ov.t_date = '2024-08-19 00:00:00'
        UNION ALL
        SELECT
            ovn.t_date,
            ovn.expiration_date, ovn.call_put, ovn.strike, ovn.root, e.mic,
            ovn.stock_id, ovn.root_id
        FROM ivol.option_value_ns ovn
        JOIN ivol.root_property rp
            ON rp.root_id = ovn.root_id
            AND '2024-08-19 00:00:00' BETWEEN rp.t_date AND rp.term_date
        JOIN ivol.exchange e
            ON e.exchange_id = rp.exchange_id
        JOIN temp_option_contract_keys tok
            ON ovn.expiration_date = tok.expiration_date
            AND ovn.call_put = tok.call_put
            AND ovn.strike = tok.strike
            AND ovn.root = tok.root
            AND e.mic = tok.mic
        WHERE ovn.t_date = '2024-08-19 00:00:00'
    
[2026-08-24 09:18:14,753] [merqutil.db] [INFO] [56923] materializing option contracts: 1 rows created in 0.04262683400884271 s
[2026-08-24 09:18:14,833] [merqutil.db] [DEBUG] [56923] : running sql

            SELECT
                ov.root, ov.expiration_date, ov.call_put, ov.strike, ov.mic,
                replace(ss.symbol, '/', '.') as symbol
            FROM temp_option_contracts ov
            JOIN ivol.stock_symbol ss
                ON (ss.stock_id = ov.stock_id
                    AND '2024-08-19 00:00:00' BETWEEN ss.t_date AND ss.term_date
                    AND ss.symbol not like '%%%%7' -- Exclude mini options
                )
            JOIN ivol.stock s
                ON (ss.stock_id = s.stock_id)
            WHERE
                s.type IN ('S', 'F')
        
[2026-08-24 09:18:14,858] [merqutil.db] [INFO] [56923] 1 rows selected in 0.024721791967749596 s
[2026-08-24 09:18:14,859] [merqutil.db] [DEBUG] [56923] : running sql

            SELECT
                rp.symbol, e.mic
            FROM ivol.root_property rp
            JOIN ivol.exchange e
                ON e.exchange_id = rp.exchange_id
            JOIN ivol.stock s
                ON s.stock_id = rp.stock_id
            WHERE rp.symbol in ('SPY')
                AND rp.t_date <= '2024-08-19 00:00:00' AND rp.term_date >= '2024-08-19 00:00:00'
                AND s.region_id = 1;
        
[2026-08-24 09:18:14,871] [merqutil.db] [INFO] [56923] 1 rows selected in 0.011761541943997145 s
[2026-08-24 09:18:14,941] [merq.merq_platform.impl.services.options.ivol_utils] [DEBUG] [56923] Created temp table temp_option_contract_keys with index
[2026-08-24 09:18:14,941] [merq.merq_platform.impl.services.options.ivol_utils] [DEBUG] [56923] Populating temp table with 1 option keys
[2026-08-24 09:18:14,982] [merq.merq_platform.impl.services.options.ivol_utils] [DEBUG] [56923] Inserted 1 keys into temp table in 1 batches
[2026-08-24 09:18:15,028] [merqutil.db] [DEBUG] [56923] materializing option contracts: : running sql
CREATE TEMP TABLE temp_option_contracts AS 
        SELECT
            ov.t_date,
            ov.expiration_date, ov.call_put, ov.strike, ov.root, e.mic,
            ov.stock_id, ov.root_id
        FROM ivol.option_value ov
        JOIN ivol.root_property rp
            ON rp.root_id = ov.root_id
            AND '2024-08-19 00:00:00' BETWEEN rp.t_date AND rp.term_date
        JOIN ivol.exchange e
            ON e.exchange_id = rp.exchange_id
        JOIN temp_option_contract_keys tok
            ON ov.expiration_date = tok.expiration_date
            AND ov.call_put = tok.call_put
            AND ov.strike = tok.strike
            AND ov.root = tok.root
            AND e.mic = tok.mic
        WHERE ov.t_date = '2024-08-19 00:00:00'
        UNION ALL
        SELECT
            ovn.t_date,
            ovn.expiration_date, ovn.call_put, ovn.strike, ovn.root, e.mic,
            ovn.stock_id, ovn.root_id
        FROM ivol.option_value_ns ovn
        JOIN ivol.root_property rp
            ON rp.root_id = ovn.root_id
            AND '2024-08-19 00:00:00' BETWEEN rp.t_date AND rp.term_date
        JOIN ivol.exchange e
            ON e.exchange_id = rp.exchange_id
        JOIN temp_option_contract_keys tok
            ON ovn.expiration_date = tok.expiration_date
            AND ovn.call_put = tok.call_put
            AND ovn.strike = tok.strike
            AND ovn.root = tok.root
            AND e.mic = tok.mic
        WHERE ovn.t_date = '2024-08-19 00:00:00'
    
[2026-08-24 09:18:15,071] [merqutil.db] [INFO] [56923] materializing option contracts: 1 rows created in 0.04314641607925296 s
[2026-08-24 09:18:15,158] [merqutil.db] [DEBUG] [56923] : running sql

            SELECT
                ov.root, ov.expiration_date, ov.call_put, ov.strike, ov.mic,
                replace(ss.symbol, '/', '.') as symbol
            FROM temp_option_contracts ov
            JOIN ivol.stock_symbol ss
                ON (ss.stock_id = ov.stock_id
                    AND '2024-08-19 00:00:00' BETWEEN ss.t_date AND ss.term_date
                    AND ss.symbol not like '%%%%7' -- Exclude mini options
                )
            JOIN ivol.stock s
                ON (ss.stock_id = s.stock_id)
            WHERE
                s.type IN ('I')
        
[2026-08-24 09:18:15,184] [merqutil.db] [INFO] [56923] 0 rows selected in 0.025620624888688326 s
[2026-08-24 09:18:15,184] [merq.merq_platform.impl.services.options.ivol_utils] [DEBUG] [56923] Getting external id for <class 'merq.merq_platform.api.components.identifiers.merq_equity_id.MerqEquityListingId'> with 1 ids.
[2026-08-24 09:18:15,185] [merqutil.db] [DEBUG] [56923] : running sql

        SELECT
            REPLACE(ss.symbol, '/', '.') AS symbol,
            s.region_id,
            e.mic
        FROM ivol.stock_symbol ss
        JOIN ivol.stock s
            ON s.stock_id = ss.stock_id
        LEFT JOIN ivol.exchange e
            ON e.exchange_id = ss.exchange_id
        WHERE (replace(ss.symbol, '/', '.'), s.region_id) in (('SPY', 1)) AND
            '2024-08-20 00:00:00' between ss.t_date and ss.term_date
    
[2026-08-24 09:18:15,203] [merqutil.db] [INFO] [56923] 1 rows selected in 0.018114333041012287 s
[2026-08-24 09:18:15,203] [merq.merq_platform.impl.services.options.ivol_utils] [DEBUG] [56923] Getting stock ids for 1 merq_ids, effective date: 2024-08-20 00:00:00.
[2026-08-24 09:18:15,203] [merqutil.db] [DEBUG] [56923] : running sql

        SELECT
            MAX(ss.stock_id) AS stock_id,
            REPLACE(ss.symbol, '/', '.') AS symbol,
            e.mic
        FROM ivol.stock_symbol ss
        LEFT JOIN ivol.exchange e
            ON e.exchange_id = ss.exchange_id
        WHERE
            (REPLACE(ss.symbol, '/', '.'), COALESCE(e.mic, 'NA')) IN (('SPY', 'ARCX')) AND
            '2024-08-20 00:00:00' BETWEEN ss.t_date AND ss.term_date
        GROUP BY ss.symbol, e.mic
        HAVING COUNT(DISTINCT ss.stock_id) = 1
    
[2026-08-24 09:18:15,222] [merqutil.db] [INFO] [56923] 1 rows selected in 0.018154375022277236 s
[2026-08-24 09:18:15,222] [merq.merq_platform.impl.services.options.ivol_utils] [DEBUG] [56923] Found 1 symbol, mic pairs mapping to stock ids.
[2026-08-24 09:18:15,222] [merqutil.db] [DEBUG] [56923] : running sql

            SELECT ca.ex_date, ca.action_type, ca.stock_id
            FROM merq.corp_actions ca
            WHERE ca.ex_date = '2024-08-20 00:00:00' AND
                ca.action_type in ('dvd', 'spl', 'sdvd', 'sp', 'distr', 'rts') AND
                ca.stock_id in (627)
        
[2026-08-24 09:18:15,244] [merqutil.db] [INFO] [56923] 0 rows selected in 0.022023166995495558 s
[2026-08-24 09:18:15,245] [merqutil.db] [DEBUG] [56923] : running sql

        SELECT d.stock_id, d.last_dvd_date, d.last_dvd_amount, d.real_last_dvd_amount, d.dvd_ccy
        FROM ivol.dividend d
        WHERE d.last_dvd_date = '2024-08-20 00:00:00' AND
            d.stock_id in (627)
        
[2026-08-24 09:18:15,258] [merqutil.db] [INFO] [56923] 0 rows selected in 0.013325333129614592 s
[2026-08-24 09:18:15,259] [merqutil.db] [DEBUG] [56923] : running sql

            SELECT COUNT(*)
            FROM merq.corp_actions ca
            JOIN ivol.root_property rp
                ON (
                    rp.stock_id=ca.stock_id
                )
            WHERE (ca.ex_date='2024-08-19 00:00:00' OR ca.ex_date='2024-08-20 00:00:00')
                AND ca.action_type='rn'
                AND rp.action_type='RootRn'
                AND rp.t_date='2024-08-20 00:00:00'
                AND ca.stock_id IN (627);
        
[2026-08-24 09:18:15,277] [merqutil.db] [INFO] [56923] 1 rows selected in 0.01737500005401671 s
[2026-08-24 09:18:15,278] [merq.merq_platform.api.components.computation_pipeline.level_computers.standard_level_computer] [DEBUG] [56923] Equities contribution to index level: 1027.7313547960553
[2026-08-24 09:18:15,278] [merq.merq_platform.api.components.computation_pipeline.level_computers.standard_level_computer] [DEBUG] [56923] Options contribution to index level: -16.675543148886163
[2026-08-24 09:18:15,278] [merq.merq_platform.api.components.computation_pipeline.level_computers.standard_level_computer] [DEBUG] [56923] Cash contribution to index level: 16.20723219040974
[2026-08-24 09:18:15,279] [merq.merq_platform.api.components.computation_pipeline.level_computers.standard_level_computer] [DEBUG] [56923] Equities contribution to index level: 1026.0601274540413
[2026-08-24 09:18:15,279] [merq.merq_platform.api.components.computation_pipeline.level_computers.standard_level_computer] [DEBUG] [56923] Options contribution to index level: -16.161319351343423
[2026-08-24 09:18:15,279] [merq.merq_platform.api.components.computation_pipeline.level_computers.standard_level_computer] [DEBUG] [56923] Cash contribution to index level: 16.207232190409627
[2026-08-24 09:18:15,279] [merq.merq_platform.api.indices.multi_asset.multi_asset_base_index] [INFO] [56923] Computed index level for 2024-08-20 00:00:00 as 1026.1060402931075
[2026-08-24 09:18:15,279] [merq.merq_platform.api.components.computation_pipeline.level_computers.standard_level_computer] [DEBUG] [56923] Equities contribution to index level: 1026.0601274540413
[2026-08-24 09:18:15,279] [merq.merq_platform.api.components.computation_pipeline.level_computers.standard_level_computer] [DEBUG] [56923] Options contribution to index level: -16.161319351343423
[2026-08-24 09:18:15,279] [merq.merq_platform.api.components.computation_pipeline.level_computers.standard_level_computer] [DEBUG] [56923] Cash contribution to index level: 16.207232190409627
[2026-08-24 09:18:15,290] [merq.merq_platform.api.indices.multi_asset.multi_asset_base_index] [DEBUG] [56923] Loaded in portfolio for date 2024-08-20 00:00:00
[2026-08-24 09:18:15,291] [merq.merq_platform.api.components.computation_pipeline.corax_loaders.index_corporate_actions_loader] [DEBUG] [56923] Loading corporate actions for el merq ids in unknown from 2024-08-21 00:00:00 to 2024-08-21 00:00:00...
[2026-08-24 09:18:15,291] [merq.merq_platform.api.components.computation_pipeline.corax_loaders.index_corporate_actions_loader] [DEBUG] [56923] Loading corporate actions for op merq ids in unknown from 2024-08-21 00:00:00 to 2024-08-21 00:00:00...
[2026-08-24 09:18:15,291] [merq.merq_platform.impl.services.options.ivol_reference_data_provider] [DEBUG] [56923] Getting underlying for 1 option contracts on eff_date: 2024-08-20 00:00:00
[2026-08-24 09:18:15,291] [merqutil.db] [DEBUG] [56923] : running sql

            SELECT
                rp.symbol, e.mic
            FROM ivol.root_property rp
            JOIN ivol.exchange e
                ON e.exchange_id = rp.exchange_id
            JOIN ivol.stock s
                ON s.stock_id = rp.stock_id
            WHERE rp.symbol in ('SPY')
                AND rp.t_date <= '2024-08-20 00:00:00' AND rp.term_date >= '2024-08-20 00:00:00'
                AND s.region_id = 1;
        
[2026-08-24 09:18:15,305] [merqutil.db] [INFO] [56923] 1 rows selected in 0.013744124909862876 s
[2026-08-24 09:18:15,374] [merq.merq_platform.impl.services.options.ivol_utils] [DEBUG] [56923] Created temp table temp_option_contract_keys with index
[2026-08-24 09:18:15,374] [merq.merq_platform.impl.services.options.ivol_utils] [DEBUG] [56923] Populating temp table with 1 option keys
[2026-08-24 09:18:15,420] [merq.merq_platform.impl.services.options.ivol_utils] [DEBUG] [56923] Inserted 1 keys into temp table in 1 batches
[2026-08-24 09:18:15,459] [merqutil.db] [DEBUG] [56923] materializing option contracts: : running sql
CREATE TEMP TABLE temp_option_contracts AS 
        SELECT
            ov.t_date,
            ov.expiration_date, ov.call_put, ov.strike, ov.root, e.mic,
            ov.stock_id, ov.root_id
        FROM ivol.option_value ov
        JOIN ivol.root_property rp
            ON rp.root_id = ov.root_id
            AND '2024-08-20 00:00:00' BETWEEN rp.t_date AND rp.term_date
        JOIN ivol.exchange e
            ON e.exchange_id = rp.exchange_id
        JOIN temp_option_contract_keys tok
            ON ov.expiration_date = tok.expiration_date
            AND ov.call_put = tok.call_put
            AND ov.strike = tok.strike
            AND ov.root = tok.root
            AND e.mic = tok.mic
        WHERE ov.t_date = '2024-08-20 00:00:00'
        UNION ALL
        SELECT
            ovn.t_date,
            ovn.expiration_date, ovn.call_put, ovn.strike, ovn.root, e.mic,
            ovn.stock_id, ovn.root_id
        FROM ivol.option_value_ns ovn
        JOIN ivol.root_property rp
            ON rp.root_id = ovn.root_id
            AND '2024-08-20 00:00:00' BETWEEN rp.t_date AND rp.term_date
        JOIN ivol.exchange e
            ON e.exchange_id = rp.exchange_id
        JOIN temp_option_contract_keys tok
            ON ovn.expiration_date = tok.expiration_date
            AND ovn.call_put = tok.call_put
            AND ovn.strike = tok.strike
            AND ovn.root = tok.root
            AND e.mic = tok.mic
        WHERE ovn.t_date = '2024-08-20 00:00:00'
    
[2026-08-24 09:18:15,500] [merqutil.db] [INFO] [56923] materializing option contracts: 1 rows created in 0.040994707960635424 s
[2026-08-24 09:18:15,578] [merqutil.db] [DEBUG] [56923] : running sql

            SELECT
                ov.root, ov.expiration_date, ov.call_put, ov.strike, ov.mic,
                replace(ss.symbol, '/', '.') as symbol
            FROM temp_option_contracts ov
            JOIN ivol.stock_symbol ss
                ON (ss.stock_id = ov.stock_id
                    AND '2024-08-20 00:00:00' BETWEEN ss.t_date AND ss.term_date
                    AND ss.symbol not like '%%%%7' -- Exclude mini options
                )
            JOIN ivol.stock s
                ON (ss.stock_id = s.stock_id)
            WHERE
                s.type IN ('S', 'F')
        
[2026-08-24 09:18:15,604] [merqutil.db] [INFO] [56923] 1 rows selected in 0.02558458293788135 s
[2026-08-24 09:18:15,605] [merqutil.db] [DEBUG] [56923] : running sql

            SELECT
                rp.symbol, e.mic
            FROM ivol.root_property rp
            JOIN ivol.exchange e
                ON e.exchange_id = rp.exchange_id
            JOIN ivol.stock s
                ON s.stock_id = rp.stock_id
            WHERE rp.symbol in ('SPY')
                AND rp.t_date <= '2024-08-20 00:00:00' AND rp.term_date >= '2024-08-20 00:00:00'
                AND s.region_id = 1;
        
[2026-08-24 09:18:15,617] [merqutil.db] [INFO] [56923] 1 rows selected in 0.012310874881222844 s
[2026-08-24 09:18:15,680] [merq.merq_platform.impl.services.options.ivol_utils] [DEBUG] [56923] Created temp table temp_option_contract_keys with index
[2026-08-24 09:18:15,680] [merq.merq_platform.impl.services.options.ivol_utils] [DEBUG] [56923] Populating temp table with 1 option keys
[2026-08-24 09:18:15,719] [merq.merq_platform.impl.services.options.ivol_utils] [DEBUG] [56923] Inserted 1 keys into temp table in 1 batches
[2026-08-24 09:18:15,760] [merqutil.db] [DEBUG] [56923] materializing option contracts: : running sql
CREATE TEMP TABLE temp_option_contracts AS 
        SELECT
            ov.t_date,
            ov.expiration_date, ov.call_put, ov.strike, ov.root, e.mic,
            ov.stock_id, ov.root_id
        FROM ivol.option_value ov
        JOIN ivol.root_property rp
            ON rp.root_id = ov.root_id
            AND '2024-08-20 00:00:00' BETWEEN rp.t_date AND rp.term_date
        JOIN ivol.exchange e
            ON e.exchange_id = rp.exchange_id
        JOIN temp_option_contract_keys tok
            ON ov.expiration_date = tok.expiration_date
            AND ov.call_put = tok.call_put
            AND ov.strike = tok.strike
            AND ov.root = tok.root
            AND e.mic = tok.mic
        WHERE ov.t_date = '2024-08-20 00:00:00'
        UNION ALL
        SELECT
            ovn.t_date,
            ovn.expiration_date, ovn.call_put, ovn.strike, ovn.root, e.mic,
            ovn.stock_id, ovn.root_id
        FROM ivol.option_value_ns ovn
        JOIN ivol.root_property rp
            ON rp.root_id = ovn.root_id
            AND '2024-08-20 00:00:00' BETWEEN rp.t_date AND rp.term_date
        JOIN ivol.exchange e
            ON e.exchange_id = rp.exchange_id
        JOIN temp_option_contract_keys tok
            ON ovn.expiration_date = tok.expiration_date
            AND ovn.call_put = tok.call_put
            AND ovn.strike = tok.strike
            AND ovn.root = tok.root
            AND e.mic = tok.mic
        WHERE ovn.t_date = '2024-08-20 00:00:00'
    
[2026-08-24 09:18:15,800] [merqutil.db] [INFO] [56923] materializing option contracts: 1 rows created in 0.04030174994841218 s
[2026-08-24 09:18:15,879] [merqutil.db] [DEBUG] [56923] : running sql

            SELECT
                ov.root, ov.expiration_date, ov.call_put, ov.strike, ov.mic,
                replace(ss.symbol, '/', '.') as symbol
            FROM temp_option_contracts ov
            JOIN ivol.stock_symbol ss
                ON (ss.stock_id = ov.stock_id
                    AND '2024-08-20 00:00:00' BETWEEN ss.t_date AND ss.term_date
                    AND ss.symbol not like '%%%%7' -- Exclude mini options
                )
            JOIN ivol.stock s
                ON (ss.stock_id = s.stock_id)
            WHERE
                s.type IN ('I')
        
[2026-08-24 09:18:15,906] [merqutil.db] [INFO] [56923] 0 rows selected in 0.02591062500141561 s
[2026-08-24 09:18:15,906] [merq.merq_platform.impl.services.options.ivol_utils] [DEBUG] [56923] Getting external id for <class 'merq.merq_platform.api.components.identifiers.merq_equity_id.MerqEquityListingId'> with 1 ids.
[2026-08-24 09:18:15,906] [merqutil.db] [DEBUG] [56923] : running sql

        SELECT
            REPLACE(ss.symbol, '/', '.') AS symbol,
            s.region_id,
            e.mic
        FROM ivol.stock_symbol ss
        JOIN ivol.stock s
            ON s.stock_id = ss.stock_id
        LEFT JOIN ivol.exchange e
            ON e.exchange_id = ss.exchange_id
        WHERE (replace(ss.symbol, '/', '.'), s.region_id) in (('SPY', 1)) AND
            '2024-08-21 00:00:00' between ss.t_date and ss.term_date
    
[2026-08-24 09:18:15,924] [merqutil.db] [INFO] [56923] 1 rows selected in 0.017402749974280596 s
[2026-08-24 09:18:15,924] [merq.merq_platform.impl.services.options.ivol_utils] [DEBUG] [56923] Getting stock ids for 1 merq_ids, effective date: 2024-08-21 00:00:00.
[2026-08-24 09:18:15,924] [merqutil.db] [DEBUG] [56923] : running sql

        SELECT
            MAX(ss.stock_id) AS stock_id,
            REPLACE(ss.symbol, '/', '.') AS symbol,
            e.mic
        FROM ivol.stock_symbol ss
        LEFT JOIN ivol.exchange e
            ON e.exchange_id = ss.exchange_id
        WHERE
            (REPLACE(ss.symbol, '/', '.'), COALESCE(e.mic, 'NA')) IN (('SPY', 'ARCX')) AND
            '2024-08-21 00:00:00' BETWEEN ss.t_date AND ss.term_date
        GROUP BY ss.symbol, e.mic
        HAVING COUNT(DISTINCT ss.stock_id) = 1
    
[2026-08-24 09:18:15,941] [merqutil.db] [INFO] [56923] 1 rows selected in 0.016988832969218493 s
[2026-08-24 09:18:15,941] [merq.merq_platform.impl.services.options.ivol_utils] [DEBUG] [56923] Found 1 symbol, mic pairs mapping to stock ids.
[2026-08-24 09:18:15,942] [merqutil.db] [DEBUG] [56923] : running sql

            SELECT ca.ex_date, ca.action_type, ca.stock_id
            FROM merq.corp_actions ca
            WHERE ca.ex_date = '2024-08-21 00:00:00' AND
                ca.action_type in ('dvd', 'spl', 'sdvd', 'sp', 'distr', 'rts') AND
                ca.stock_id in (627)
        
[2026-08-24 09:18:15,955] [merqutil.db] [INFO] [56923] 0 rows selected in 0.013401332776993513 s
[2026-08-24 09:18:15,955] [merqutil.db] [DEBUG] [56923] : running sql

        SELECT d.stock_id, d.last_dvd_date, d.last_dvd_amount, d.real_last_dvd_amount, d.dvd_ccy
        FROM ivol.dividend d
        WHERE d.last_dvd_date = '2024-08-21 00:00:00' AND
            d.stock_id in (627)
        
[2026-08-24 09:18:15,967] [merqutil.db] [INFO] [56923] 0 rows selected in 0.011853749863803387 s
[2026-08-24 09:18:15,968] [merqutil.db] [DEBUG] [56923] : running sql

            SELECT COUNT(*)
            FROM merq.corp_actions ca
            JOIN ivol.root_property rp
                ON (
                    rp.stock_id=ca.stock_id
                )
            WHERE (ca.ex_date='2024-08-20 00:00:00' OR ca.ex_date='2024-08-21 00:00:00')
                AND ca.action_type='rn'
                AND rp.action_type='RootRn'
                AND rp.t_date='2024-08-21 00:00:00'
                AND ca.stock_id IN (627);
        
[2026-08-24 09:18:15,981] [merqutil.db] [INFO] [56923] 1 rows selected in 0.013562458101660013 s
[2026-08-24 09:18:15,983] [merq.merq_platform.api.components.computation_pipeline.level_computers.standard_level_computer] [DEBUG] [56923] Equities contribution to index level: 1026.0601274540413
[2026-08-24 09:18:15,983] [merq.merq_platform.api.components.computation_pipeline.level_computers.standard_level_computer] [DEBUG] [56923] Options contribution to index level: -16.161319351343423
[2026-08-24 09:18:15,983] [merq.merq_platform.api.components.computation_pipeline.level_computers.standard_level_computer] [DEBUG] [56923] Cash contribution to index level: 16.207232190409627
[2026-08-24 09:18:15,984] [merq.merq_platform.api.components.computation_pipeline.level_computers.standard_level_computer] [DEBUG] [56923] Equities contribution to index level: 1029.5862334943345
[2026-08-24 09:18:15,984] [merq.merq_platform.api.components.computation_pipeline.level_computers.standard_level_computer] [DEBUG] [56923] Options contribution to index level: -18.35595305871334
[2026-08-24 09:18:15,984] [merq.merq_platform.api.components.computation_pipeline.level_computers.standard_level_computer] [DEBUG] [56923] Cash contribution to index level: 16.20723219040974
[2026-08-24 09:18:15,984] [merq.merq_platform.api.indices.multi_asset.multi_asset_base_index] [INFO] [56923] Computed index level for 2024-08-21 00:00:00 as 1027.4375126260309
[2026-08-24 09:18:15,985] [merq.merq_platform.api.components.computation_pipeline.level_computers.standard_level_computer] [DEBUG] [56923] Equities contribution to index level: 1029.5862334943345
[2026-08-24 09:18:15,985] [merq.merq_platform.api.components.computation_pipeline.level_computers.standard_level_computer] [DEBUG] [56923] Options contribution to index level: -18.35595305871334
[2026-08-24 09:18:15,985] [merq.merq_platform.api.components.computation_pipeline.level_computers.standard_level_computer] [DEBUG] [56923] Cash contribution to index level: 16.20723219040974
[2026-08-24 09:18:16,000] [merq.merq_platform.api.indices.multi_asset.multi_asset_base_index] [DEBUG] [56923] Loaded in portfolio for date 2024-08-21 00:00:00
[2026-08-24 09:18:16,000] [merq.merq_platform.api.components.computation_pipeline.corax_loaders.index_corporate_actions_loader] [DEBUG] [56923] Loading corporate actions for el merq ids in unknown from 2024-08-22 00:00:00 to 2024-08-22 00:00:00...
[2026-08-24 09:18:16,000] [merq.merq_platform.api.components.computation_pipeline.corax_loaders.index_corporate_actions_loader] [DEBUG] [56923] Loading corporate actions for op merq ids in unknown from 2024-08-22 00:00:00 to 2024-08-22 00:00:00...
[2026-08-24 09:18:16,000] [merq.merq_platform.impl.services.options.ivol_reference_data_provider] [DEBUG] [56923] Getting underlying for 1 option contracts on eff_date: 2024-08-21 00:00:00
[2026-08-24 09:18:16,001] [merqutil.db] [DEBUG] [56923] : running sql

            SELECT
                rp.symbol, e.mic
            FROM ivol.root_property rp
            JOIN ivol.exchange e
                ON e.exchange_id = rp.exchange_id
            JOIN ivol.stock s
                ON s.stock_id = rp.stock_id
            WHERE rp.symbol in ('SPY')
                AND rp.t_date <= '2024-08-21 00:00:00' AND rp.term_date >= '2024-08-21 00:00:00'
                AND s.region_id = 1;
        
[2026-08-24 09:18:16,014] [merqutil.db] [INFO] [56923] 1 rows selected in 0.013309375150129199 s
[2026-08-24 09:18:16,080] [merq.merq_platform.impl.services.options.ivol_utils] [DEBUG] [56923] Created temp table temp_option_contract_keys with index
[2026-08-24 09:18:16,081] [merq.merq_platform.impl.services.options.ivol_utils] [DEBUG] [56923] Populating temp table with 1 option keys
[2026-08-24 09:18:16,117] [merq.merq_platform.impl.services.options.ivol_utils] [DEBUG] [56923] Inserted 1 keys into temp table in 1 batches
[2026-08-24 09:18:16,156] [merqutil.db] [DEBUG] [56923] materializing option contracts: : running sql
CREATE TEMP TABLE temp_option_contracts AS 
        SELECT
            ov.t_date,
            ov.expiration_date, ov.call_put, ov.strike, ov.root, e.mic,
            ov.stock_id, ov.root_id
        FROM ivol.option_value ov
        JOIN ivol.root_property rp
            ON rp.root_id = ov.root_id
            AND '2024-08-21 00:00:00' BETWEEN rp.t_date AND rp.term_date
        JOIN ivol.exchange e
            ON e.exchange_id = rp.exchange_id
        JOIN temp_option_contract_keys tok
            ON ov.expiration_date = tok.expiration_date
            AND ov.call_put = tok.call_put
            AND ov.strike = tok.strike
            AND ov.root = tok.root
            AND e.mic = tok.mic
        WHERE ov.t_date = '2024-08-21 00:00:00'
        UNION ALL
        SELECT
            ovn.t_date,
            ovn.expiration_date, ovn.call_put, ovn.strike, ovn.root, e.mic,
            ovn.stock_id, ovn.root_id
        FROM ivol.option_value_ns ovn
        JOIN ivol.root_property rp
            ON rp.root_id = ovn.root_id
            AND '2024-08-21 00:00:00' BETWEEN rp.t_date AND rp.term_date
        JOIN ivol.exchange e
            ON e.exchange_id = rp.exchange_id
        JOIN temp_option_contract_keys tok
            ON ovn.expiration_date = tok.expiration_date
            AND ovn.call_put = tok.call_put
            AND ovn.strike = tok.strike
            AND ovn.root = tok.root
            AND e.mic = tok.mic
        WHERE ovn.t_date = '2024-08-21 00:00:00'
    
[2026-08-24 09:18:16,196] [merqutil.db] [INFO] [56923] materializing option contracts: 1 rows created in 0.040522833121940494 s
[2026-08-24 09:18:16,278] [merqutil.db] [DEBUG] [56923] : running sql

            SELECT
                ov.root, ov.expiration_date, ov.call_put, ov.strike, ov.mic,
                replace(ss.symbol, '/', '.') as symbol
            FROM temp_option_contracts ov
            JOIN ivol.stock_symbol ss
                ON (ss.stock_id = ov.stock_id
                    AND '2024-08-21 00:00:00' BETWEEN ss.t_date AND ss.term_date
                    AND ss.symbol not like '%%%%7' -- Exclude mini options
                )
            JOIN ivol.stock s
                ON (ss.stock_id = s.stock_id)
            WHERE
                s.type IN ('S', 'F')
        
[2026-08-24 09:18:16,304] [merqutil.db] [INFO] [56923] 1 rows selected in 0.025663333013653755 s
[2026-08-24 09:18:16,305] [merqutil.db] [DEBUG] [56923] : running sql

            SELECT
                rp.symbol, e.mic
            FROM ivol.root_property rp
            JOIN ivol.exchange e
                ON e.exchange_id = rp.exchange_id
            JOIN ivol.stock s
                ON s.stock_id = rp.stock_id
            WHERE rp.symbol in ('SPY')
                AND rp.t_date <= '2024-08-21 00:00:00' AND rp.term_date >= '2024-08-21 00:00:00'
                AND s.region_id = 1;
        
[2026-08-24 09:18:16,317] [merqutil.db] [INFO] [56923] 1 rows selected in 0.012589040910825133 s
[2026-08-24 09:18:16,410] [merq.merq_platform.impl.services.options.ivol_utils] [DEBUG] [56923] Created temp table temp_option_contract_keys with index
[2026-08-24 09:18:16,410] [merq.merq_platform.impl.services.options.ivol_utils] [DEBUG] [56923] Populating temp table with 1 option keys
[2026-08-24 09:18:16,457] [merq.merq_platform.impl.services.options.ivol_utils] [DEBUG] [56923] Inserted 1 keys into temp table in 1 batches
[2026-08-24 09:18:16,500] [merqutil.db] [DEBUG] [56923] materializing option contracts: : running sql
CREATE TEMP TABLE temp_option_contracts AS 
        SELECT
            ov.t_date,
            ov.expiration_date, ov.call_put, ov.strike, ov.root, e.mic,
            ov.stock_id, ov.root_id
        FROM ivol.option_value ov
        JOIN ivol.root_property rp
            ON rp.root_id = ov.root_id
            AND '2024-08-21 00:00:00' BETWEEN rp.t_date AND rp.term_date
        JOIN ivol.exchange e
            ON e.exchange_id = rp.exchange_id
        JOIN temp_option_contract_keys tok
            ON ov.expiration_date = tok.expiration_date
            AND ov.call_put = tok.call_put
            AND ov.strike = tok.strike
            AND ov.root = tok.root
            AND e.mic = tok.mic
        WHERE ov.t_date = '2024-08-21 00:00:00'
        UNION ALL
        SELECT
            ovn.t_date,
            ovn.expiration_date, ovn.call_put, ovn.strike, ovn.root, e.mic,
            ovn.stock_id, ovn.root_id
        FROM ivol.option_value_ns ovn
        JOIN ivol.root_property rp
            ON rp.root_id = ovn.root_id
            AND '2024-08-21 00:00:00' BETWEEN rp.t_date AND rp.term_date
        JOIN ivol.exchange e
            ON e.exchange_id = rp.exchange_id
        JOIN temp_option_contract_keys tok
            ON ovn.expiration_date = tok.expiration_date
            AND ovn.call_put = tok.call_put
            AND ovn.strike = tok.strike
            AND ovn.root = tok.root
            AND e.mic = tok.mic
        WHERE ovn.t_date = '2024-08-21 00:00:00'
    
[2026-08-24 09:18:16,541] [merqutil.db] [INFO] [56923] materializing option contracts: 1 rows created in 0.04093820904381573 s
[2026-08-24 09:18:16,637] [merqutil.db] [DEBUG] [56923] : running sql

            SELECT
                ov.root, ov.expiration_date, ov.call_put, ov.strike, ov.mic,
                replace(ss.symbol, '/', '.') as symbol
            FROM temp_option_contracts ov
            JOIN ivol.stock_symbol ss
                ON (ss.stock_id = ov.stock_id
                    AND '2024-08-21 00:00:00' BETWEEN ss.t_date AND ss.term_date
                    AND ss.symbol not like '%%%%7' -- Exclude mini options
                )
            JOIN ivol.stock s
                ON (ss.stock_id = s.stock_id)
            WHERE
                s.type IN ('I')
        
[2026-08-24 09:18:16,675] [merqutil.db] [INFO] [56923] 0 rows selected in 0.03776783403009176 s
[2026-08-24 09:18:16,675] [merq.merq_platform.impl.services.options.ivol_utils] [DEBUG] [56923] Getting external id for <class 'merq.merq_platform.api.components.identifiers.merq_equity_id.MerqEquityListingId'> with 1 ids.
[2026-08-24 09:18:16,676] [merqutil.db] [DEBUG] [56923] : running sql

        SELECT
            REPLACE(ss.symbol, '/', '.') AS symbol,
            s.region_id,
            e.mic
        FROM ivol.stock_symbol ss
        JOIN ivol.stock s
            ON s.stock_id = ss.stock_id
        LEFT JOIN ivol.exchange e
            ON e.exchange_id = ss.exchange_id
        WHERE (replace(ss.symbol, '/', '.'), s.region_id) in (('SPY', 1)) AND
            '2024-08-22 00:00:00' between ss.t_date and ss.term_date
    
[2026-08-24 09:18:16,702] [merqutil.db] [INFO] [56923] 1 rows selected in 0.026238915976136923 s
[2026-08-24 09:18:16,702] [merq.merq_platform.impl.services.options.ivol_utils] [DEBUG] [56923] Getting stock ids for 1 merq_ids, effective date: 2024-08-22 00:00:00.
[2026-08-24 09:18:16,703] [merqutil.db] [DEBUG] [56923] : running sql

        SELECT
            MAX(ss.stock_id) AS stock_id,
            REPLACE(ss.symbol, '/', '.') AS symbol,
            e.mic
        FROM ivol.stock_symbol ss
        LEFT JOIN ivol.exchange e
            ON e.exchange_id = ss.exchange_id
        WHERE
            (REPLACE(ss.symbol, '/', '.'), COALESCE(e.mic, 'NA')) IN (('SPY', 'ARCX')) AND
            '2024-08-22 00:00:00' BETWEEN ss.t_date AND ss.term_date
        GROUP BY ss.symbol, e.mic
        HAVING COUNT(DISTINCT ss.stock_id) = 1
    
[2026-08-24 09:18:16,724] [merqutil.db] [INFO] [56923] 1 rows selected in 0.021027125185355544 s
[2026-08-24 09:18:16,724] [merq.merq_platform.impl.services.options.ivol_utils] [DEBUG] [56923] Found 1 symbol, mic pairs mapping to stock ids.
[2026-08-24 09:18:16,724] [merqutil.db] [DEBUG] [56923] : running sql

            SELECT ca.ex_date, ca.action_type, ca.stock_id
            FROM merq.corp_actions ca
            WHERE ca.ex_date = '2024-08-22 00:00:00' AND
                ca.action_type in ('dvd', 'spl', 'sdvd', 'sp', 'distr', 'rts') AND
                ca.stock_id in (627)
        
[2026-08-24 09:18:16,739] [merqutil.db] [INFO] [56923] 0 rows selected in 0.01442204206250608 s
[2026-08-24 09:18:16,739] [merqutil.db] [DEBUG] [56923] : running sql

        SELECT d.stock_id, d.last_dvd_date, d.last_dvd_amount, d.real_last_dvd_amount, d.dvd_ccy
        FROM ivol.dividend d
        WHERE d.last_dvd_date = '2024-08-22 00:00:00' AND
            d.stock_id in (627)
        
[2026-08-24 09:18:16,751] [merqutil.db] [INFO] [56923] 0 rows selected in 0.012459541903808713 s
[2026-08-24 09:18:16,752] [merqutil.db] [DEBUG] [56923] : running sql

            SELECT COUNT(*)
            FROM merq.corp_actions ca
            JOIN ivol.root_property rp
                ON (
                    rp.stock_id=ca.stock_id
                )
            WHERE (ca.ex_date='2024-08-21 00:00:00' OR ca.ex_date='2024-08-22 00:00:00')
                AND ca.action_type='rn'
                AND rp.action_type='RootRn'
                AND rp.t_date='2024-08-22 00:00:00'
                AND ca.stock_id IN (627);
        
[2026-08-24 09:18:16,766] [merqutil.db] [INFO] [56923] 1 rows selected in 0.014494583941996098 s
[2026-08-24 09:18:16,768] [merq.merq_platform.api.components.computation_pipeline.level_computers.standard_level_computer] [DEBUG] [56923] Equities contribution to index level: 1029.5862334943345
[2026-08-24 09:18:16,768] [merq.merq_platform.api.components.computation_pipeline.level_computers.standard_level_computer] [DEBUG] [56923] Options contribution to index level: -18.35595305871334
[2026-08-24 09:18:16,768] [merq.merq_platform.api.components.computation_pipeline.level_computers.standard_level_computer] [DEBUG] [56923] Cash contribution to index level: 16.20723219040974
[2026-08-24 09:18:16,769] [merq.merq_platform.api.components.computation_pipeline.level_computers.standard_level_computer] [DEBUG] [56923] Equities contribution to index level: 1021.5055738186628
[2026-08-24 09:18:16,769] [merq.merq_platform.api.components.computation_pipeline.level_computers.standard_level_computer] [DEBUG] [56923] Options contribution to index level: -14.058511322106142
[2026-08-24 09:18:16,769] [merq.merq_platform.api.components.computation_pipeline.level_computers.standard_level_computer] [DEBUG] [56923] Cash contribution to index level: 16.20723219040974
[2026-08-24 09:18:16,769] [merq.merq_platform.api.indices.multi_asset.multi_asset_base_index] [INFO] [56923] Computed index level for 2024-08-22 00:00:00 as 1023.6542946869664
[2026-08-24 09:18:16,770] [merq.merq_platform.api.components.computation_pipeline.level_computers.standard_level_computer] [DEBUG] [56923] Equities contribution to index level: 1021.5055738186628
[2026-08-24 09:18:16,770] [merq.merq_platform.api.components.computation_pipeline.level_computers.standard_level_computer] [DEBUG] [56923] Options contribution to index level: -14.058511322106142
[2026-08-24 09:18:16,770] [merq.merq_platform.api.components.computation_pipeline.level_computers.standard_level_computer] [DEBUG] [56923] Cash contribution to index level: 16.20723219040974
[2026-08-24 09:18:16,783] [merq.merq_platform.api.indices.multi_asset.multi_asset_base_index] [DEBUG] [56923] Loaded in portfolio for date 2024-08-22 00:00:00
[2026-08-24 09:18:16,783] [merq.merq_platform.api.components.computation_pipeline.corax_loaders.index_corporate_actions_loader] [DEBUG] [56923] Loading corporate actions for el merq ids in unknown from 2024-08-23 00:00:00 to 2024-08-23 00:00:00...
[2026-08-24 09:18:16,783] [merq.merq_platform.api.components.computation_pipeline.corax_loaders.index_corporate_actions_loader] [DEBUG] [56923] Loading corporate actions for op merq ids in unknown from 2024-08-23 00:00:00 to 2024-08-23 00:00:00...
[2026-08-24 09:18:16,783] [merq.merq_platform.impl.services.options.ivol_reference_data_provider] [DEBUG] [56923] Getting underlying for 1 option contracts on eff_date: 2024-08-22 00:00:00
[2026-08-24 09:18:16,784] [merqutil.db] [DEBUG] [56923] : running sql

            SELECT
                rp.symbol, e.mic
            FROM ivol.root_property rp
            JOIN ivol.exchange e
                ON e.exchange_id = rp.exchange_id
            JOIN ivol.stock s
                ON s.stock_id = rp.stock_id
            WHERE rp.symbol in ('SPY')
                AND rp.t_date <= '2024-08-22 00:00:00' AND rp.term_date >= '2024-08-22 00:00:00'
                AND s.region_id = 1;
        
[2026-08-24 09:18:16,801] [merqutil.db] [INFO] [56923] 1 rows selected in 0.016795750008895993 s
[2026-08-24 09:18:16,886] [merq.merq_platform.impl.services.options.ivol_utils] [DEBUG] [56923] Created temp table temp_option_contract_keys with index
[2026-08-24 09:18:16,887] [merq.merq_platform.impl.services.options.ivol_utils] [DEBUG] [56923] Populating temp table with 1 option keys
[2026-08-24 09:18:16,926] [merq.merq_platform.impl.services.options.ivol_utils] [DEBUG] [56923] Inserted 1 keys into temp table in 1 batches
[2026-08-24 09:18:16,968] [merqutil.db] [DEBUG] [56923] materializing option contracts: : running sql
CREATE TEMP TABLE temp_option_contracts AS 
        SELECT
            ov.t_date,
            ov.expiration_date, ov.call_put, ov.strike, ov.root, e.mic,
            ov.stock_id, ov.root_id
        FROM ivol.option_value ov
        JOIN ivol.root_property rp
            ON rp.root_id = ov.root_id
            AND '2024-08-22 00:00:00' BETWEEN rp.t_date AND rp.term_date
        JOIN ivol.exchange e
            ON e.exchange_id = rp.exchange_id
        JOIN temp_option_contract_keys tok
            ON ov.expiration_date = tok.expiration_date
            AND ov.call_put = tok.call_put
            AND ov.strike = tok.strike
            AND ov.root = tok.root
            AND e.mic = tok.mic
        WHERE ov.t_date = '2024-08-22 00:00:00'
        UNION ALL
        SELECT
            ovn.t_date,
            ovn.expiration_date, ovn.call_put, ovn.strike, ovn.root, e.mic,
            ovn.stock_id, ovn.root_id
        FROM ivol.option_value_ns ovn
        JOIN ivol.root_property rp
            ON rp.root_id = ovn.root_id
            AND '2024-08-22 00:00:00' BETWEEN rp.t_date AND rp.term_date
        JOIN ivol.exchange e
            ON e.exchange_id = rp.exchange_id
        JOIN temp_option_contract_keys tok
            ON ovn.expiration_date = tok.expiration_date
            AND ovn.call_put = tok.call_put
            AND ovn.strike = tok.strike
            AND ovn.root = tok.root
            AND e.mic = tok.mic
        WHERE ovn.t_date = '2024-08-22 00:00:00'
    
[2026-08-24 09:18:17,008] [merqutil.db] [INFO] [56923] materializing option contracts: 1 rows created in 0.03998250002041459 s
[2026-08-24 09:18:17,088] [merqutil.db] [DEBUG] [56923] : running sql

            SELECT
                ov.root, ov.expiration_date, ov.call_put, ov.strike, ov.mic,
                replace(ss.symbol, '/', '.') as symbol
            FROM temp_option_contracts ov
            JOIN ivol.stock_symbol ss
                ON (ss.stock_id = ov.stock_id
                    AND '2024-08-22 00:00:00' BETWEEN ss.t_date AND ss.term_date
                    AND ss.symbol not like '%%%%7' -- Exclude mini options
                )
            JOIN ivol.stock s
                ON (ss.stock_id = s.stock_id)
            WHERE
                s.type IN ('S', 'F')
        
[2026-08-24 09:18:17,114] [merqutil.db] [INFO] [56923] 1 rows selected in 0.025416041957214475 s
[2026-08-24 09:18:17,114] [merqutil.db] [DEBUG] [56923] : running sql

            SELECT
                rp.symbol, e.mic
            FROM ivol.root_property rp
            JOIN ivol.exchange e
                ON e.exchange_id = rp.exchange_id
            JOIN ivol.stock s
                ON s.stock_id = rp.stock_id
            WHERE rp.symbol in ('SPY')
                AND rp.t_date <= '2024-08-22 00:00:00' AND rp.term_date >= '2024-08-22 00:00:00'
                AND s.region_id = 1;
        
[2026-08-24 09:18:17,126] [merqutil.db] [INFO] [56923] 1 rows selected in 0.01180879189632833 s
[2026-08-24 09:18:17,191] [merq.merq_platform.impl.services.options.ivol_utils] [DEBUG] [56923] Created temp table temp_option_contract_keys with index
[2026-08-24 09:18:17,191] [merq.merq_platform.impl.services.options.ivol_utils] [DEBUG] [56923] Populating temp table with 1 option keys
[2026-08-24 09:18:17,227] [merq.merq_platform.impl.services.options.ivol_utils] [DEBUG] [56923] Inserted 1 keys into temp table in 1 batches
[2026-08-24 09:18:17,266] [merqutil.db] [DEBUG] [56923] materializing option contracts: : running sql
CREATE TEMP TABLE temp_option_contracts AS 
        SELECT
            ov.t_date,
            ov.expiration_date, ov.call_put, ov.strike, ov.root, e.mic,
            ov.stock_id, ov.root_id
        FROM ivol.option_value ov
        JOIN ivol.root_property rp
            ON rp.root_id = ov.root_id
            AND '2024-08-22 00:00:00' BETWEEN rp.t_date AND rp.term_date
        JOIN ivol.exchange e
            ON e.exchange_id = rp.exchange_id
        JOIN temp_option_contract_keys tok
            ON ov.expiration_date = tok.expiration_date
            AND ov.call_put = tok.call_put
            AND ov.strike = tok.strike
            AND ov.root = tok.root
            AND e.mic = tok.mic
        WHERE ov.t_date = '2024-08-22 00:00:00'
        UNION ALL
        SELECT
            ovn.t_date,
            ovn.expiration_date, ovn.call_put, ovn.strike, ovn.root, e.mic,
            ovn.stock_id, ovn.root_id
        FROM ivol.option_value_ns ovn
        JOIN ivol.root_property rp
            ON rp.root_id = ovn.root_id
            AND '2024-08-22 00:00:00' BETWEEN rp.t_date AND rp.term_date
        JOIN ivol.exchange e
            ON e.exchange_id = rp.exchange_id
        JOIN temp_option_contract_keys tok
            ON ovn.expiration_date = tok.expiration_date
            AND ovn.call_put = tok.call_put
            AND ovn.strike = tok.strike
            AND ovn.root = tok.root
            AND e.mic = tok.mic
        WHERE ovn.t_date = '2024-08-22 00:00:00'
    
[2026-08-24 09:18:17,306] [merqutil.db] [INFO] [56923] materializing option contracts: 1 rows created in 0.04034733399748802 s
[2026-08-24 09:18:17,385] [merqutil.db] [DEBUG] [56923] : running sql

            SELECT
                ov.root, ov.expiration_date, ov.call_put, ov.strike, ov.mic,
                replace(ss.symbol, '/', '.') as symbol
            FROM temp_option_contracts ov
            JOIN ivol.stock_symbol ss
                ON (ss.stock_id = ov.stock_id
                    AND '2024-08-22 00:00:00' BETWEEN ss.t_date AND ss.term_date
                    AND ss.symbol not like '%%%%7' -- Exclude mini options
                )
            JOIN ivol.stock s
                ON (ss.stock_id = s.stock_id)
            WHERE
                s.type IN ('I')
        
[2026-08-24 09:18:17,411] [merqutil.db] [INFO] [56923] 0 rows selected in 0.025476082926616073 s
[2026-08-24 09:18:17,411] [merq.merq_platform.impl.services.options.ivol_utils] [DEBUG] [56923] Getting external id for <class 'merq.merq_platform.api.components.identifiers.merq_equity_id.MerqEquityListingId'> with 1 ids.
[2026-08-24 09:18:17,411] [merqutil.db] [DEBUG] [56923] : running sql

        SELECT
            REPLACE(ss.symbol, '/', '.') AS symbol,
            s.region_id,
            e.mic
        FROM ivol.stock_symbol ss
        JOIN ivol.stock s
            ON s.stock_id = ss.stock_id
        LEFT JOIN ivol.exchange e
            ON e.exchange_id = ss.exchange_id
        WHERE (replace(ss.symbol, '/', '.'), s.region_id) in (('SPY', 1)) AND
            '2024-08-23 00:00:00' between ss.t_date and ss.term_date
    
[2026-08-24 09:18:17,427] [merqutil.db] [INFO] [56923] 1 rows selected in 0.016076209023594856 s
[2026-08-24 09:18:17,428] [merq.merq_platform.impl.services.options.ivol_utils] [DEBUG] [56923] Getting stock ids for 1 merq_ids, effective date: 2024-08-23 00:00:00.
[2026-08-24 09:18:17,428] [merqutil.db] [DEBUG] [56923] : running sql

        SELECT
            MAX(ss.stock_id) AS stock_id,
            REPLACE(ss.symbol, '/', '.') AS symbol,
            e.mic
        FROM ivol.stock_symbol ss
        LEFT JOIN ivol.exchange e
            ON e.exchange_id = ss.exchange_id
        WHERE
            (REPLACE(ss.symbol, '/', '.'), COALESCE(e.mic, 'NA')) IN (('SPY', 'ARCX')) AND
            '2024-08-23 00:00:00' BETWEEN ss.t_date AND ss.term_date
        GROUP BY ss.symbol, e.mic
        HAVING COUNT(DISTINCT ss.stock_id) = 1
    
[2026-08-24 09:18:17,445] [merqutil.db] [INFO] [56923] 1 rows selected in 0.01704624993726611 s
[2026-08-24 09:18:17,445] [merq.merq_platform.impl.services.options.ivol_utils] [DEBUG] [56923] Found 1 symbol, mic pairs mapping to stock ids.
[2026-08-24 09:18:17,445] [merqutil.db] [DEBUG] [56923] : running sql

            SELECT ca.ex_date, ca.action_type, ca.stock_id
            FROM merq.corp_actions ca
            WHERE ca.ex_date = '2024-08-23 00:00:00' AND
                ca.action_type in ('dvd', 'spl', 'sdvd', 'sp', 'distr', 'rts') AND
                ca.stock_id in (627)
        
[2026-08-24 09:18:17,458] [merqutil.db] [INFO] [56923] 0 rows selected in 0.01249879109673202 s
[2026-08-24 09:18:17,458] [merqutil.db] [DEBUG] [56923] : running sql

        SELECT d.stock_id, d.last_dvd_date, d.last_dvd_amount, d.real_last_dvd_amount, d.dvd_ccy
        FROM ivol.dividend d
        WHERE d.last_dvd_date = '2024-08-23 00:00:00' AND
            d.stock_id in (627)
        
[2026-08-24 09:18:17,471] [merqutil.db] [INFO] [56923] 0 rows selected in 0.01261366717517376 s
[2026-08-24 09:18:17,471] [merqutil.db] [DEBUG] [56923] : running sql

            SELECT COUNT(*)
            FROM merq.corp_actions ca
            JOIN ivol.root_property rp
                ON (
                    rp.stock_id=ca.stock_id
                )
            WHERE (ca.ex_date='2024-08-22 00:00:00' OR ca.ex_date='2024-08-23 00:00:00')
                AND ca.action_type='rn'
                AND rp.action_type='RootRn'
                AND rp.t_date='2024-08-23 00:00:00'
                AND ca.stock_id IN (627);
        
[2026-08-24 09:18:17,485] [merqutil.db] [INFO] [56923] 1 rows selected in 0.013538833009079099 s
[2026-08-24 09:18:17,487] [merq.merq_platform.api.components.computation_pipeline.level_computers.standard_level_computer] [DEBUG] [56923] Equities contribution to index level: 1021.5055738186628
[2026-08-24 09:18:17,487] [merq.merq_platform.api.components.computation_pipeline.level_computers.standard_level_computer] [DEBUG] [56923] Options contribution to index level: -14.058511322106142
[2026-08-24 09:18:17,487] [merq.merq_platform.api.components.computation_pipeline.level_computers.standard_level_computer] [DEBUG] [56923] Cash contribution to index level: 16.20723219040974
[2026-08-24 09:18:17,488] [merq.merq_platform.api.components.computation_pipeline.level_computers.standard_level_computer] [DEBUG] [56923] Equities contribution to index level: 1032.35936897394
[2026-08-24 09:18:17,488] [merq.merq_platform.api.components.computation_pipeline.level_computers.standard_level_computer] [DEBUG] [56923] Options contribution to index level: -18.69570806780405
[2026-08-24 09:18:17,488] [merq.merq_platform.api.components.computation_pipeline.level_computers.standard_level_computer] [DEBUG] [56923] Cash contribution to index level: 16.207232190409627
[2026-08-24 09:18:17,488] [merq.merq_platform.api.indices.multi_asset.multi_asset_base_index] [INFO] [56923] Computed index level for 2024-08-23 00:00:00 as 1029.8708930965456
[2026-08-24 09:18:17,489] [merq.merq_platform.api.components.computation_pipeline.level_computers.standard_level_computer] [DEBUG] [56923] Equities contribution to index level: 1032.35936897394
[2026-08-24 09:18:17,489] [merq.merq_platform.api.components.computation_pipeline.level_computers.standard_level_computer] [DEBUG] [56923] Options contribution to index level: -18.69570806780405
[2026-08-24 09:18:17,489] [merq.merq_platform.api.components.computation_pipeline.level_computers.standard_level_computer] [DEBUG] [56923] Cash contribution to index level: 16.207232190409627
[2026-08-24 09:18:17,503] [merq.merq_platform.api.indices.multi_asset.multi_asset_base_index] [DEBUG] [56923] Loaded in portfolio for date 2024-08-23 00:00:00
[2026-08-24 09:18:17,503] [merq.merq_platform.api.components.computation_pipeline.corax_loaders.index_corporate_actions_loader] [DEBUG] [56923] Loading corporate actions for el merq ids in unknown from 2024-08-24 00:00:00 to 2024-08-26 00:00:00...
[2026-08-24 09:18:17,503] [merq.merq_platform.api.components.computation_pipeline.corax_loaders.index_corporate_actions_loader] [DEBUG] [56923] Loading corporate actions for op merq ids in unknown from 2024-08-24 00:00:00 to 2024-08-26 00:00:00...
[2026-08-24 09:18:17,503] [merq.merq_platform.impl.services.options.ivol_reference_data_provider] [DEBUG] [56923] Getting underlying for 1 option contracts on eff_date: 2024-08-23 00:00:00
[2026-08-24 09:18:17,504] [merqutil.db] [DEBUG] [56923] : running sql

            SELECT
                rp.symbol, e.mic
            FROM ivol.root_property rp
            JOIN ivol.exchange e
                ON e.exchange_id = rp.exchange_id
            JOIN ivol.stock s
                ON s.stock_id = rp.stock_id
            WHERE rp.symbol in ('SPY')
                AND rp.t_date <= '2024-08-23 00:00:00' AND rp.term_date >= '2024-08-23 00:00:00'
                AND s.region_id = 1;
        
[2026-08-24 09:18:17,516] [merqutil.db] [INFO] [56923] 1 rows selected in 0.011808875016868114 s
[2026-08-24 09:18:17,582] [merq.merq_platform.impl.services.options.ivol_utils] [DEBUG] [56923] Created temp table temp_option_contract_keys with index
[2026-08-24 09:18:17,582] [merq.merq_platform.impl.services.options.ivol_utils] [DEBUG] [56923] Populating temp table with 1 option keys
[2026-08-24 09:18:17,619] [merq.merq_platform.impl.services.options.ivol_utils] [DEBUG] [56923] Inserted 1 keys into temp table in 1 batches
[2026-08-24 09:18:17,660] [merqutil.db] [DEBUG] [56923] materializing option contracts: : running sql
CREATE TEMP TABLE temp_option_contracts AS 
        SELECT
            ov.t_date,
            ov.expiration_date, ov.call_put, ov.strike, ov.root, e.mic,
            ov.stock_id, ov.root_id
        FROM ivol.option_value ov
        JOIN ivol.root_property rp
            ON rp.root_id = ov.root_id
            AND '2024-08-23 00:00:00' BETWEEN rp.t_date AND rp.term_date
        JOIN ivol.exchange e
            ON e.exchange_id = rp.exchange_id
        JOIN temp_option_contract_keys tok
            ON ov.expiration_date = tok.expiration_date
            AND ov.call_put = tok.call_put
            AND ov.strike = tok.strike
            AND ov.root = tok.root
            AND e.mic = tok.mic
        WHERE ov.t_date = '2024-08-23 00:00:00'
        UNION ALL
        SELECT
            ovn.t_date,
            ovn.expiration_date, ovn.call_put, ovn.strike, ovn.root, e.mic,
            ovn.stock_id, ovn.root_id
        FROM ivol.option_value_ns ovn
        JOIN ivol.root_property rp
            ON rp.root_id = ovn.root_id
            AND '2024-08-23 00:00:00' BETWEEN rp.t_date AND rp.term_date
        JOIN ivol.exchange e
            ON e.exchange_id = rp.exchange_id
        JOIN temp_option_contract_keys tok
            ON ovn.expiration_date = tok.expiration_date
            AND ovn.call_put = tok.call_put
            AND ovn.strike = tok.strike
            AND ovn.root = tok.root
            AND e.mic = tok.mic
        WHERE ovn.t_date = '2024-08-23 00:00:00'
    
[2026-08-24 09:18:17,701] [merqutil.db] [INFO] [56923] materializing option contracts: 1 rows created in 0.04101491696201265 s
[2026-08-24 09:18:17,780] [merqutil.db] [DEBUG] [56923] : running sql

            SELECT
                ov.root, ov.expiration_date, ov.call_put, ov.strike, ov.mic,
                replace(ss.symbol, '/', '.') as symbol
            FROM temp_option_contracts ov
            JOIN ivol.stock_symbol ss
                ON (ss.stock_id = ov.stock_id
                    AND '2024-08-23 00:00:00' BETWEEN ss.t_date AND ss.term_date
                    AND ss.symbol not like '%%%%7' -- Exclude mini options
                )
            JOIN ivol.stock s
                ON (ss.stock_id = s.stock_id)
            WHERE
                s.type IN ('S', 'F')
        
[2026-08-24 09:18:17,806] [merqutil.db] [INFO] [56923] 1 rows selected in 0.025247874902561307 s
[2026-08-24 09:18:17,807] [merqutil.db] [DEBUG] [56923] : running sql

            SELECT
                rp.symbol, e.mic
            FROM ivol.root_property rp
            JOIN ivol.exchange e
                ON e.exchange_id = rp.exchange_id
            JOIN ivol.stock s
                ON s.stock_id = rp.stock_id
            WHERE rp.symbol in ('SPY')
                AND rp.t_date <= '2024-08-23 00:00:00' AND rp.term_date >= '2024-08-23 00:00:00'
                AND s.region_id = 1;
        
[2026-08-24 09:18:17,819] [merqutil.db] [INFO] [56923] 1 rows selected in 0.01223470806144178 s
[2026-08-24 09:18:17,885] [merq.merq_platform.impl.services.options.ivol_utils] [DEBUG] [56923] Created temp table temp_option_contract_keys with index
[2026-08-24 09:18:17,885] [merq.merq_platform.impl.services.options.ivol_utils] [DEBUG] [56923] Populating temp table with 1 option keys
[2026-08-24 09:18:17,923] [merq.merq_platform.impl.services.options.ivol_utils] [DEBUG] [56923] Inserted 1 keys into temp table in 1 batches
[2026-08-24 09:18:17,971] [merqutil.db] [DEBUG] [56923] materializing option contracts: : running sql
CREATE TEMP TABLE temp_option_contracts AS 
        SELECT
            ov.t_date,
            ov.expiration_date, ov.call_put, ov.strike, ov.root, e.mic,
            ov.stock_id, ov.root_id
        FROM ivol.option_value ov
        JOIN ivol.root_property rp
            ON rp.root_id = ov.root_id
            AND '2024-08-23 00:00:00' BETWEEN rp.t_date AND rp.term_date
        JOIN ivol.exchange e
            ON e.exchange_id = rp.exchange_id
        JOIN temp_option_contract_keys tok
            ON ov.expiration_date = tok.expiration_date
            AND ov.call_put = tok.call_put
            AND ov.strike = tok.strike
            AND ov.root = tok.root
            AND e.mic = tok.mic
        WHERE ov.t_date = '2024-08-23 00:00:00'
        UNION ALL
        SELECT
            ovn.t_date,
            ovn.expiration_date, ovn.call_put, ovn.strike, ovn.root, e.mic,
            ovn.stock_id, ovn.root_id
        FROM ivol.option_value_ns ovn
        JOIN ivol.root_property rp
            ON rp.root_id = ovn.root_id
            AND '2024-08-23 00:00:00' BETWEEN rp.t_date AND rp.term_date
        JOIN ivol.exchange e
            ON e.exchange_id = rp.exchange_id
        JOIN temp_option_contract_keys tok
            ON ovn.expiration_date = tok.expiration_date
            AND ovn.call_put = tok.call_put
            AND ovn.strike = tok.strike
            AND ovn.root = tok.root
            AND e.mic = tok.mic
        WHERE ovn.t_date = '2024-08-23 00:00:00'
    
[2026-08-24 09:18:18,014] [merqutil.db] [INFO] [56923] materializing option contracts: 1 rows created in 0.042758041992783546 s
[2026-08-24 09:18:18,096] [merqutil.db] [DEBUG] [56923] : running sql

            SELECT
                ov.root, ov.expiration_date, ov.call_put, ov.strike, ov.mic,
                replace(ss.symbol, '/', '.') as symbol
            FROM temp_option_contracts ov
            JOIN ivol.stock_symbol ss
                ON (ss.stock_id = ov.stock_id
                    AND '2024-08-23 00:00:00' BETWEEN ss.t_date AND ss.term_date
                    AND ss.symbol not like '%%%%7' -- Exclude mini options
                )
            JOIN ivol.stock s
                ON (ss.stock_id = s.stock_id)
            WHERE
                s.type IN ('I')
        
[2026-08-24 09:18:18,122] [merqutil.db] [INFO] [56923] 0 rows selected in 0.02574900002218783 s
[2026-08-24 09:18:18,123] [merq.merq_platform.impl.services.options.ivol_utils] [DEBUG] [56923] Getting external id for <class 'merq.merq_platform.api.components.identifiers.merq_equity_id.MerqEquityListingId'> with 1 ids.
[2026-08-24 09:18:18,123] [merqutil.db] [DEBUG] [56923] : running sql

        SELECT
            REPLACE(ss.symbol, '/', '.') AS symbol,
            s.region_id,
            e.mic
        FROM ivol.stock_symbol ss
        JOIN ivol.stock s
            ON s.stock_id = ss.stock_id
        LEFT JOIN ivol.exchange e
            ON e.exchange_id = ss.exchange_id
        WHERE (replace(ss.symbol, '/', '.'), s.region_id) in (('SPY', 1)) AND
            '2024-08-26 00:00:00' between ss.t_date and ss.term_date
    
[2026-08-24 09:18:18,141] [merqutil.db] [INFO] [56923] 1 rows selected in 0.017723375000059605 s
[2026-08-24 09:18:18,141] [merq.merq_platform.impl.services.options.ivol_utils] [DEBUG] [56923] Getting stock ids for 1 merq_ids, effective date: 2024-08-26 00:00:00.
[2026-08-24 09:18:18,141] [merqutil.db] [DEBUG] [56923] : running sql

        SELECT
            MAX(ss.stock_id) AS stock_id,
            REPLACE(ss.symbol, '/', '.') AS symbol,
            e.mic
        FROM ivol.stock_symbol ss
        LEFT JOIN ivol.exchange e
            ON e.exchange_id = ss.exchange_id
        WHERE
            (REPLACE(ss.symbol, '/', '.'), COALESCE(e.mic, 'NA')) IN (('SPY', 'ARCX')) AND
            '2024-08-26 00:00:00' BETWEEN ss.t_date AND ss.term_date
        GROUP BY ss.symbol, e.mic
        HAVING COUNT(DISTINCT ss.stock_id) = 1
    
[2026-08-24 09:18:18,158] [merqutil.db] [INFO] [56923] 1 rows selected in 0.017264667199924588 s
[2026-08-24 09:18:18,159] [merq.merq_platform.impl.services.options.ivol_utils] [DEBUG] [56923] Found 1 symbol, mic pairs mapping to stock ids.
[2026-08-24 09:18:18,159] [merqutil.db] [DEBUG] [56923] : running sql

            SELECT ca.ex_date, ca.action_type, ca.stock_id
            FROM merq.corp_actions ca
            WHERE ca.ex_date = '2024-08-26 00:00:00' AND
                ca.action_type in ('dvd', 'spl', 'sdvd', 'sp', 'distr', 'rts') AND
                ca.stock_id in (627)
        
[2026-08-24 09:18:18,173] [merqutil.db] [INFO] [56923] 0 rows selected in 0.013563334010541439 s
[2026-08-24 09:18:18,173] [merqutil.db] [DEBUG] [56923] : running sql

        SELECT d.stock_id, d.last_dvd_date, d.last_dvd_amount, d.real_last_dvd_amount, d.dvd_ccy
        FROM ivol.dividend d
        WHERE d.last_dvd_date = '2024-08-26 00:00:00' AND
            d.stock_id in (627)
        
[2026-08-24 09:18:18,185] [merqutil.db] [INFO] [56923] 0 rows selected in 0.012311874888837337 s
[2026-08-24 09:18:18,186] [merqutil.db] [DEBUG] [56923] : running sql

            SELECT COUNT(*)
            FROM merq.corp_actions ca
            JOIN ivol.root_property rp
                ON (
                    rp.stock_id=ca.stock_id
                )
            WHERE (ca.ex_date='2024-08-23 00:00:00' OR ca.ex_date='2024-08-26 00:00:00')
                AND ca.action_type='rn'
                AND rp.action_type='RootRn'
                AND rp.t_date='2024-08-26 00:00:00'
                AND ca.stock_id IN (627);
        
[2026-08-24 09:18:18,200] [merqutil.db] [INFO] [56923] 1 rows selected in 0.013782999943941832 s
[2026-08-24 09:18:18,202] [merq.merq_platform.api.components.computation_pipeline.level_computers.standard_level_computer] [DEBUG] [56923] Equities contribution to index level: 1032.35936897394
[2026-08-24 09:18:18,202] [merq.merq_platform.api.components.computation_pipeline.level_computers.standard_level_computer] [DEBUG] [56923] Options contribution to index level: -18.69570806780405
[2026-08-24 09:18:18,202] [merq.merq_platform.api.components.computation_pipeline.level_computers.standard_level_computer] [DEBUG] [56923] Cash contribution to index level: 16.207232190409627
[2026-08-24 09:18:18,203] [merq.merq_platform.api.components.computation_pipeline.level_computers.standard_level_computer] [DEBUG] [56923] Equities contribution to index level: 1029.8984407999853
[2026-08-24 09:18:18,203] [merq.merq_platform.api.components.computation_pipeline.level_computers.standard_level_computer] [DEBUG] [56923] Options contribution to index level: -16.55616976731369
[2026-08-24 09:18:18,203] [merq.merq_platform.api.components.computation_pipeline.level_computers.standard_level_computer] [DEBUG] [56923] Cash contribution to index level: 16.207232190409627
[2026-08-24 09:18:18,203] [merq.merq_platform.api.indices.multi_asset.multi_asset_base_index] [INFO] [56923] Computed index level for 2024-08-26 00:00:00 as 1029.5495032230813
[2026-08-24 09:18:18,204] [merq.merq_platform.api.components.computation_pipeline.level_computers.standard_level_computer] [DEBUG] [56923] Equities contribution to index level: 1029.8984407999853
[2026-08-24 09:18:18,204] [merq.merq_platform.api.components.computation_pipeline.level_computers.standard_level_computer] [DEBUG] [56923] Options contribution to index level: -16.55616976731369
[2026-08-24 09:18:18,204] [merq.merq_platform.api.components.computation_pipeline.level_computers.standard_level_computer] [DEBUG] [56923] Cash contribution to index level: 16.207232190409627
[2026-08-24 09:18:18,216] [merq.merq_platform.api.indices.multi_asset.multi_asset_base_index] [DEBUG] [56923] Loaded in portfolio for date 2024-08-26 00:00:00
[2026-08-24 09:18:18,217] [merq.merq_platform.api.components.computation_pipeline.corax_loaders.index_corporate_actions_loader] [DEBUG] [56923] Loading corporate actions for el merq ids in unknown from 2024-08-27 00:00:00 to 2024-08-27 00:00:00...
[2026-08-24 09:18:18,217] [merq.merq_platform.api.components.computation_pipeline.corax_loaders.index_corporate_actions_loader] [DEBUG] [56923] Loading corporate actions for op merq ids in unknown from 2024-08-27 00:00:00 to 2024-08-27 00:00:00...
[2026-08-24 09:18:18,217] [merq.merq_platform.impl.services.options.ivol_reference_data_provider] [DEBUG] [56923] Getting underlying for 1 option contracts on eff_date: 2024-08-26 00:00:00
[2026-08-24 09:18:18,217] [merqutil.db] [DEBUG] [56923] : running sql

            SELECT
                rp.symbol, e.mic
            FROM ivol.root_property rp
            JOIN ivol.exchange e
                ON e.exchange_id = rp.exchange_id
            JOIN ivol.stock s
                ON s.stock_id = rp.stock_id
            WHERE rp.symbol in ('SPY')
                AND rp.t_date <= '2024-08-26 00:00:00' AND rp.term_date >= '2024-08-26 00:00:00'
                AND s.region_id = 1;
        
[2026-08-24 09:18:18,230] [merqutil.db] [INFO] [56923] 1 rows selected in 0.013139375019818544 s
[2026-08-24 09:18:18,296] [merq.merq_platform.impl.services.options.ivol_utils] [DEBUG] [56923] Created temp table temp_option_contract_keys with index
[2026-08-24 09:18:18,296] [merq.merq_platform.impl.services.options.ivol_utils] [DEBUG] [56923] Populating temp table with 1 option keys
[2026-08-24 09:18:18,335] [merq.merq_platform.impl.services.options.ivol_utils] [DEBUG] [56923] Inserted 1 keys into temp table in 1 batches
[2026-08-24 09:18:18,377] [merqutil.db] [DEBUG] [56923] materializing option contracts: : running sql
CREATE TEMP TABLE temp_option_contracts AS 
        SELECT
            ov.t_date,
            ov.expiration_date, ov.call_put, ov.strike, ov.root, e.mic,
            ov.stock_id, ov.root_id
        FROM ivol.option_value ov
        JOIN ivol.root_property rp
            ON rp.root_id = ov.root_id
            AND '2024-08-26 00:00:00' BETWEEN rp.t_date AND rp.term_date
        JOIN ivol.exchange e
            ON e.exchange_id = rp.exchange_id
        JOIN temp_option_contract_keys tok
            ON ov.expiration_date = tok.expiration_date
            AND ov.call_put = tok.call_put
            AND ov.strike = tok.strike
            AND ov.root = tok.root
            AND e.mic = tok.mic
        WHERE ov.t_date = '2024-08-26 00:00:00'
        UNION ALL
        SELECT
            ovn.t_date,
            ovn.expiration_date, ovn.call_put, ovn.strike, ovn.root, e.mic,
            ovn.stock_id, ovn.root_id
        FROM ivol.option_value_ns ovn
        JOIN ivol.root_property rp
            ON rp.root_id = ovn.root_id
            AND '2024-08-26 00:00:00' BETWEEN rp.t_date AND rp.term_date
        JOIN ivol.exchange e
            ON e.exchange_id = rp.exchange_id
        JOIN temp_option_contract_keys tok
            ON ovn.expiration_date = tok.expiration_date
            AND ovn.call_put = tok.call_put
            AND ovn.strike = tok.strike
            AND ovn.root = tok.root
            AND e.mic = tok.mic
        WHERE ovn.t_date = '2024-08-26 00:00:00'
    
[2026-08-24 09:18:18,418] [merqutil.db] [INFO] [56923] materializing option contracts: 1 rows created in 0.04070608410984278 s
[2026-08-24 09:18:18,501] [merqutil.db] [DEBUG] [56923] : running sql

            SELECT
                ov.root, ov.expiration_date, ov.call_put, ov.strike, ov.mic,
                replace(ss.symbol, '/', '.') as symbol
            FROM temp_option_contracts ov
            JOIN ivol.stock_symbol ss
                ON (ss.stock_id = ov.stock_id
                    AND '2024-08-26 00:00:00' BETWEEN ss.t_date AND ss.term_date
                    AND ss.symbol not like '%%%%7' -- Exclude mini options
                )
            JOIN ivol.stock s
                ON (ss.stock_id = s.stock_id)
            WHERE
                s.type IN ('S', 'F')
        
[2026-08-24 09:18:18,529] [merqutil.db] [INFO] [56923] 1 rows selected in 0.027591624995693564 s
[2026-08-24 09:18:18,530] [merqutil.db] [DEBUG] [56923] : running sql

            SELECT
                rp.symbol, e.mic
            FROM ivol.root_property rp
            JOIN ivol.exchange e
                ON e.exchange_id = rp.exchange_id
            JOIN ivol.stock s
                ON s.stock_id = rp.stock_id
            WHERE rp.symbol in ('SPY')
                AND rp.t_date <= '2024-08-26 00:00:00' AND rp.term_date >= '2024-08-26 00:00:00'
                AND s.region_id = 1;
        
[2026-08-24 09:18:18,542] [merqutil.db] [INFO] [56923] 1 rows selected in 0.0126184590626508 s
[2026-08-24 09:18:18,607] [merq.merq_platform.impl.services.options.ivol_utils] [DEBUG] [56923] Created temp table temp_option_contract_keys with index
[2026-08-24 09:18:18,607] [merq.merq_platform.impl.services.options.ivol_utils] [DEBUG] [56923] Populating temp table with 1 option keys
[2026-08-24 09:18:18,646] [merq.merq_platform.impl.services.options.ivol_utils] [DEBUG] [56923] Inserted 1 keys into temp table in 1 batches
[2026-08-24 09:18:18,686] [merqutil.db] [DEBUG] [56923] materializing option contracts: : running sql
CREATE TEMP TABLE temp_option_contracts AS 
        SELECT
            ov.t_date,
            ov.expiration_date, ov.call_put, ov.strike, ov.root, e.mic,
            ov.stock_id, ov.root_id
        FROM ivol.option_value ov
        JOIN ivol.root_property rp
            ON rp.root_id = ov.root_id
            AND '2024-08-26 00:00:00' BETWEEN rp.t_date AND rp.term_date
        JOIN ivol.exchange e
            ON e.exchange_id = rp.exchange_id
        JOIN temp_option_contract_keys tok
            ON ov.expiration_date = tok.expiration_date
            AND ov.call_put = tok.call_put
            AND ov.strike = tok.strike
            AND ov.root = tok.root
            AND e.mic = tok.mic
        WHERE ov.t_date = '2024-08-26 00:00:00'
        UNION ALL
        SELECT
            ovn.t_date,
            ovn.expiration_date, ovn.call_put, ovn.strike, ovn.root, e.mic,
            ovn.stock_id, ovn.root_id
        FROM ivol.option_value_ns ovn
        JOIN ivol.root_property rp
            ON rp.root_id = ovn.root_id
            AND '2024-08-26 00:00:00' BETWEEN rp.t_date AND rp.term_date
        JOIN ivol.exchange e
            ON e.exchange_id = rp.exchange_id
        JOIN temp_option_contract_keys tok
            ON ovn.expiration_date = tok.expiration_date
            AND ovn.call_put = tok.call_put
            AND ovn.strike = tok.strike
            AND ovn.root = tok.root
            AND e.mic = tok.mic
        WHERE ovn.t_date = '2024-08-26 00:00:00'
    
[2026-08-24 09:18:18,727] [merqutil.db] [INFO] [56923] materializing option contracts: 1 rows created in 0.040610834024846554 s
[2026-08-24 09:18:18,811] [merqutil.db] [DEBUG] [56923] : running sql

            SELECT
                ov.root, ov.expiration_date, ov.call_put, ov.strike, ov.mic,
                replace(ss.symbol, '/', '.') as symbol
            FROM temp_option_contracts ov
            JOIN ivol.stock_symbol ss
                ON (ss.stock_id = ov.stock_id
                    AND '2024-08-26 00:00:00' BETWEEN ss.t_date AND ss.term_date
                    AND ss.symbol not like '%%%%7' -- Exclude mini options
                )
            JOIN ivol.stock s
                ON (ss.stock_id = s.stock_id)
            WHERE
                s.type IN ('I')
        
[2026-08-24 09:18:18,837] [merqutil.db] [INFO] [56923] 0 rows selected in 0.0265514999628067 s
[2026-08-24 09:18:18,838] [merq.merq_platform.impl.services.options.ivol_utils] [DEBUG] [56923] Getting external id for <class 'merq.merq_platform.api.components.identifiers.merq_equity_id.MerqEquityListingId'> with 1 ids.
[2026-08-24 09:18:18,838] [merqutil.db] [DEBUG] [56923] : running sql

        SELECT
            REPLACE(ss.symbol, '/', '.') AS symbol,
            s.region_id,
            e.mic
        FROM ivol.stock_symbol ss
        JOIN ivol.stock s
            ON s.stock_id = ss.stock_id
        LEFT JOIN ivol.exchange e
            ON e.exchange_id = ss.exchange_id
        WHERE (replace(ss.symbol, '/', '.'), s.region_id) in (('SPY', 1)) AND
            '2024-08-27 00:00:00' between ss.t_date and ss.term_date
    
[2026-08-24 09:18:18,855] [merqutil.db] [INFO] [56923] 1 rows selected in 0.01666279206983745 s
[2026-08-24 09:18:18,855] [merq.merq_platform.impl.services.options.ivol_utils] [DEBUG] [56923] Getting stock ids for 1 merq_ids, effective date: 2024-08-27 00:00:00.
[2026-08-24 09:18:18,855] [merqutil.db] [DEBUG] [56923] : running sql

        SELECT
            MAX(ss.stock_id) AS stock_id,
            REPLACE(ss.symbol, '/', '.') AS symbol,
            e.mic
        FROM ivol.stock_symbol ss
        LEFT JOIN ivol.exchange e
            ON e.exchange_id = ss.exchange_id
        WHERE
            (REPLACE(ss.symbol, '/', '.'), COALESCE(e.mic, 'NA')) IN (('SPY', 'ARCX')) AND
            '2024-08-27 00:00:00' BETWEEN ss.t_date AND ss.term_date
        GROUP BY ss.symbol, e.mic
        HAVING COUNT(DISTINCT ss.stock_id) = 1
    
[2026-08-24 09:18:18,873] [merqutil.db] [INFO] [56923] 1 rows selected in 0.017372332978993654 s
[2026-08-24 09:18:18,873] [merq.merq_platform.impl.services.options.ivol_utils] [DEBUG] [56923] Found 1 symbol, mic pairs mapping to stock ids.
[2026-08-24 09:18:18,873] [merqutil.db] [DEBUG] [56923] : running sql

            SELECT ca.ex_date, ca.action_type, ca.stock_id
            FROM merq.corp_actions ca
            WHERE ca.ex_date = '2024-08-27 00:00:00' AND
                ca.action_type in ('dvd', 'spl', 'sdvd', 'sp', 'distr', 'rts') AND
                ca.stock_id in (627)
        
[2026-08-24 09:18:18,886] [merqutil.db] [INFO] [56923] 0 rows selected in 0.013109458843246102 s
[2026-08-24 09:18:18,887] [merqutil.db] [DEBUG] [56923] : running sql

        SELECT d.stock_id, d.last_dvd_date, d.last_dvd_amount, d.real_last_dvd_amount, d.dvd_ccy
        FROM ivol.dividend d
        WHERE d.last_dvd_date = '2024-08-27 00:00:00' AND
            d.stock_id in (627)
        
[2026-08-24 09:18:18,898] [merqutil.db] [INFO] [56923] 0 rows selected in 0.011601290898397565 s
[2026-08-24 09:18:18,899] [merqutil.db] [DEBUG] [56923] : running sql

            SELECT COUNT(*)
            FROM merq.corp_actions ca
            JOIN ivol.root_property rp
                ON (
                    rp.stock_id=ca.stock_id
                )
            WHERE (ca.ex_date='2024-08-26 00:00:00' OR ca.ex_date='2024-08-27 00:00:00')
                AND ca.action_type='rn'
                AND rp.action_type='RootRn'
                AND rp.t_date='2024-08-27 00:00:00'
                AND ca.stock_id IN (627);
        
[2026-08-24 09:18:18,913] [merqutil.db] [INFO] [56923] 1 rows selected in 0.014848333084955812 s
[2026-08-24 09:18:18,915] [merq.merq_platform.api.components.computation_pipeline.level_computers.standard_level_computer] [DEBUG] [56923] Equities contribution to index level: 1029.8984407999853
[2026-08-24 09:18:18,915] [merq.merq_platform.api.components.computation_pipeline.level_computers.standard_level_computer] [DEBUG] [56923] Options contribution to index level: -16.55616976731369
[2026-08-24 09:18:18,915] [merq.merq_platform.api.components.computation_pipeline.level_computers.standard_level_computer] [DEBUG] [56923] Cash contribution to index level: 16.207232190409627
[2026-08-24 09:18:18,916] [merq.merq_platform.api.components.computation_pipeline.level_computers.standard_level_computer] [DEBUG] [56923] Equities contribution to index level: 1031.3125562432278
[2026-08-24 09:18:18,916] [merq.merq_platform.api.components.computation_pipeline.level_computers.standard_level_computer] [DEBUG] [56923] Options contribution to index level: -16.75818625920556
[2026-08-24 09:18:18,916] [merq.merq_platform.api.components.computation_pipeline.level_computers.standard_level_computer] [DEBUG] [56923] Cash contribution to index level: 16.20723219040974
[2026-08-24 09:18:18,916] [merq.merq_platform.api.indices.multi_asset.multi_asset_base_index] [INFO] [56923] Computed index level for 2024-08-27 00:00:00 as 1030.761602174432
[2026-08-24 09:18:18,917] [merq.merq_platform.api.components.computation_pipeline.level_computers.standard_level_computer] [DEBUG] [56923] Equities contribution to index level: 1031.3125562432278
[2026-08-24 09:18:18,917] [merq.merq_platform.api.components.computation_pipeline.level_computers.standard_level_computer] [DEBUG] [56923] Options contribution to index level: -16.75818625920556
[2026-08-24 09:18:18,917] [merq.merq_platform.api.components.computation_pipeline.level_computers.standard_level_computer] [DEBUG] [56923] Cash contribution to index level: 16.20723219040974
[2026-08-24 09:18:18,928] [merq.merq_platform.api.indices.multi_asset.multi_asset_base_index] [DEBUG] [56923] Loaded in portfolio for date 2024-08-27 00:00:00
[2026-08-24 09:18:18,928] [merq.merq_platform.api.components.computation_pipeline.corax_loaders.index_corporate_actions_loader] [DEBUG] [56923] Loading corporate actions for el merq ids in unknown from 2024-08-28 00:00:00 to 2024-08-28 00:00:00...
[2026-08-24 09:18:18,928] [merq.merq_platform.api.components.computation_pipeline.corax_loaders.index_corporate_actions_loader] [DEBUG] [56923] Loading corporate actions for op merq ids in unknown from 2024-08-28 00:00:00 to 2024-08-28 00:00:00...
[2026-08-24 09:18:18,928] [merq.merq_platform.impl.services.options.ivol_reference_data_provider] [DEBUG] [56923] Getting underlying for 1 option contracts on eff_date: 2024-08-27 00:00:00
[2026-08-24 09:18:18,928] [merqutil.db] [DEBUG] [56923] : running sql

            SELECT
                rp.symbol, e.mic
            FROM ivol.root_property rp
            JOIN ivol.exchange e
                ON e.exchange_id = rp.exchange_id
            JOIN ivol.stock s
                ON s.stock_id = rp.stock_id
            WHERE rp.symbol in ('SPY')
                AND rp.t_date <= '2024-08-27 00:00:00' AND rp.term_date >= '2024-08-27 00:00:00'
                AND s.region_id = 1;
        
[2026-08-24 09:18:18,941] [merqutil.db] [INFO] [56923] 1 rows selected in 0.01294883294031024 s
[2026-08-24 09:18:19,006] [merq.merq_platform.impl.services.options.ivol_utils] [DEBUG] [56923] Created temp table temp_option_contract_keys with index
[2026-08-24 09:18:19,006] [merq.merq_platform.impl.services.options.ivol_utils] [DEBUG] [56923] Populating temp table with 1 option keys
[2026-08-24 09:18:19,045] [merq.merq_platform.impl.services.options.ivol_utils] [DEBUG] [56923] Inserted 1 keys into temp table in 1 batches
[2026-08-24 09:18:19,089] [merqutil.db] [DEBUG] [56923] materializing option contracts: : running sql
CREATE TEMP TABLE temp_option_contracts AS 
        SELECT
            ov.t_date,
            ov.expiration_date, ov.call_put, ov.strike, ov.root, e.mic,
            ov.stock_id, ov.root_id
        FROM ivol.option_value ov
        JOIN ivol.root_property rp
            ON rp.root_id = ov.root_id
            AND '2024-08-27 00:00:00' BETWEEN rp.t_date AND rp.term_date
        JOIN ivol.exchange e
            ON e.exchange_id = rp.exchange_id
        JOIN temp_option_contract_keys tok
            ON ov.expiration_date = tok.expiration_date
            AND ov.call_put = tok.call_put
            AND ov.strike = tok.strike
            AND ov.root = tok.root
            AND e.mic = tok.mic
        WHERE ov.t_date = '2024-08-27 00:00:00'
        UNION ALL
        SELECT
            ovn.t_date,
            ovn.expiration_date, ovn.call_put, ovn.strike, ovn.root, e.mic,
            ovn.stock_id, ovn.root_id
        FROM ivol.option_value_ns ovn
        JOIN ivol.root_property rp
            ON rp.root_id = ovn.root_id
            AND '2024-08-27 00:00:00' BETWEEN rp.t_date AND rp.term_date
        JOIN ivol.exchange e
            ON e.exchange_id = rp.exchange_id
        JOIN temp_option_contract_keys tok
            ON ovn.expiration_date = tok.expiration_date
            AND ovn.call_put = tok.call_put
            AND ovn.strike = tok.strike
            AND ovn.root = tok.root
            AND e.mic = tok.mic
        WHERE ovn.t_date = '2024-08-27 00:00:00'
    
[2026-08-24 09:18:19,128] [merqutil.db] [INFO] [56923] materializing option contracts: 1 rows created in 0.03916370798833668 s
[2026-08-24 09:18:19,205] [merqutil.db] [DEBUG] [56923] : running sql

            SELECT
                ov.root, ov.expiration_date, ov.call_put, ov.strike, ov.mic,
                replace(ss.symbol, '/', '.') as symbol
            FROM temp_option_contracts ov
            JOIN ivol.stock_symbol ss
                ON (ss.stock_id = ov.stock_id
                    AND '2024-08-27 00:00:00' BETWEEN ss.t_date AND ss.term_date
                    AND ss.symbol not like '%%%%7' -- Exclude mini options
                )
            JOIN ivol.stock s
                ON (ss.stock_id = s.stock_id)
            WHERE
                s.type IN ('S', 'F')
        
[2026-08-24 09:18:19,231] [merqutil.db] [INFO] [56923] 1 rows selected in 0.025994084076955914 s
[2026-08-24 09:18:19,231] [merqutil.db] [DEBUG] [56923] : running sql

            SELECT
                rp.symbol, e.mic
            FROM ivol.root_property rp
            JOIN ivol.exchange e
                ON e.exchange_id = rp.exchange_id
            JOIN ivol.stock s
                ON s.stock_id = rp.stock_id
            WHERE rp.symbol in ('SPY')
                AND rp.t_date <= '2024-08-27 00:00:00' AND rp.term_date >= '2024-08-27 00:00:00'
                AND s.region_id = 1;
        
[2026-08-24 09:18:19,244] [merqutil.db] [INFO] [56923] 1 rows selected in 0.012374834157526493 s
[2026-08-24 09:18:19,313] [merq.merq_platform.impl.services.options.ivol_utils] [DEBUG] [56923] Created temp table temp_option_contract_keys with index
[2026-08-24 09:18:19,313] [merq.merq_platform.impl.services.options.ivol_utils] [DEBUG] [56923] Populating temp table with 1 option keys
[2026-08-24 09:18:19,375] [merq.merq_platform.impl.services.options.ivol_utils] [DEBUG] [56923] Inserted 1 keys into temp table in 1 batches
[2026-08-24 09:18:19,474] [merqutil.db] [DEBUG] [56923] materializing option contracts: : running sql
CREATE TEMP TABLE temp_option_contracts AS 
        SELECT
            ov.t_date,
            ov.expiration_date, ov.call_put, ov.strike, ov.root, e.mic,
            ov.stock_id, ov.root_id
        FROM ivol.option_value ov
        JOIN ivol.root_property rp
            ON rp.root_id = ov.root_id
            AND '2024-08-27 00:00:00' BETWEEN rp.t_date AND rp.term_date
        JOIN ivol.exchange e
            ON e.exchange_id = rp.exchange_id
        JOIN temp_option_contract_keys tok
            ON ov.expiration_date = tok.expiration_date
            AND ov.call_put = tok.call_put
            AND ov.strike = tok.strike
            AND ov.root = tok.root
            AND e.mic = tok.mic
        WHERE ov.t_date = '2024-08-27 00:00:00'
        UNION ALL
        SELECT
            ovn.t_date,
            ovn.expiration_date, ovn.call_put, ovn.strike, ovn.root, e.mic,
            ovn.stock_id, ovn.root_id
        FROM ivol.option_value_ns ovn
        JOIN ivol.root_property rp
            ON rp.root_id = ovn.root_id
            AND '2024-08-27 00:00:00' BETWEEN rp.t_date AND rp.term_date
        JOIN ivol.exchange e
            ON e.exchange_id = rp.exchange_id
        JOIN temp_option_contract_keys tok
            ON ovn.expiration_date = tok.expiration_date
            AND ovn.call_put = tok.call_put
            AND ovn.strike = tok.strike
            AND ovn.root = tok.root
            AND e.mic = tok.mic
        WHERE ovn.t_date = '2024-08-27 00:00:00'
    
[2026-08-24 09:18:19,517] [merqutil.db] [INFO] [56923] materializing option contracts: 1 rows created in 0.04214341705664992 s
[2026-08-24 09:18:19,597] [merqutil.db] [DEBUG] [56923] : running sql

            SELECT
                ov.root, ov.expiration_date, ov.call_put, ov.strike, ov.mic,
                replace(ss.symbol, '/', '.') as symbol
            FROM temp_option_contracts ov
            JOIN ivol.stock_symbol ss
                ON (ss.stock_id = ov.stock_id
                    AND '2024-08-27 00:00:00' BETWEEN ss.t_date AND ss.term_date
                    AND ss.symbol not like '%%%%7' -- Exclude mini options
                )
            JOIN ivol.stock s
                ON (ss.stock_id = s.stock_id)
            WHERE
                s.type IN ('I')
        
[2026-08-24 09:18:19,622] [merqutil.db] [INFO] [56923] 0 rows selected in 0.024748874828219414 s
[2026-08-24 09:18:19,622] [merq.merq_platform.impl.services.options.ivol_utils] [DEBUG] [56923] Getting external id for <class 'merq.merq_platform.api.components.identifiers.merq_equity_id.MerqEquityListingId'> with 1 ids.
[2026-08-24 09:18:19,622] [merqutil.db] [DEBUG] [56923] : running sql

        SELECT
            REPLACE(ss.symbol, '/', '.') AS symbol,
            s.region_id,
            e.mic
        FROM ivol.stock_symbol ss
        JOIN ivol.stock s
            ON s.stock_id = ss.stock_id
        LEFT JOIN ivol.exchange e
            ON e.exchange_id = ss.exchange_id
        WHERE (replace(ss.symbol, '/', '.'), s.region_id) in (('SPY', 1)) AND
            '2024-08-28 00:00:00' between ss.t_date and ss.term_date
    
[2026-08-24 09:18:19,639] [merqutil.db] [INFO] [56923] 1 rows selected in 0.016657999949529767 s
[2026-08-24 09:18:19,639] [merq.merq_platform.impl.services.options.ivol_utils] [DEBUG] [56923] Getting stock ids for 1 merq_ids, effective date: 2024-08-28 00:00:00.
[2026-08-24 09:18:19,639] [merqutil.db] [DEBUG] [56923] : running sql

        SELECT
            MAX(ss.stock_id) AS stock_id,
            REPLACE(ss.symbol, '/', '.') AS symbol,
            e.mic
        FROM ivol.stock_symbol ss
        LEFT JOIN ivol.exchange e
            ON e.exchange_id = ss.exchange_id
        WHERE
            (REPLACE(ss.symbol, '/', '.'), COALESCE(e.mic, 'NA')) IN (('SPY', 'ARCX')) AND
            '2024-08-28 00:00:00' BETWEEN ss.t_date AND ss.term_date
        GROUP BY ss.symbol, e.mic
        HAVING COUNT(DISTINCT ss.stock_id) = 1
    
[2026-08-24 09:18:19,657] [merqutil.db] [INFO] [56923] 1 rows selected in 0.017023334046825767 s
[2026-08-24 09:18:19,657] [merq.merq_platform.impl.services.options.ivol_utils] [DEBUG] [56923] Found 1 symbol, mic pairs mapping to stock ids.
[2026-08-24 09:18:19,657] [merqutil.db] [DEBUG] [56923] : running sql

            SELECT ca.ex_date, ca.action_type, ca.stock_id
            FROM merq.corp_actions ca
            WHERE ca.ex_date = '2024-08-28 00:00:00' AND
                ca.action_type in ('dvd', 'spl', 'sdvd', 'sp', 'distr', 'rts') AND
                ca.stock_id in (627)
        
[2026-08-24 09:18:19,669] [merqutil.db] [INFO] [56923] 0 rows selected in 0.012547083897516131 s
[2026-08-24 09:18:19,670] [merqutil.db] [DEBUG] [56923] : running sql

        SELECT d.stock_id, d.last_dvd_date, d.last_dvd_amount, d.real_last_dvd_amount, d.dvd_ccy
        FROM ivol.dividend d
        WHERE d.last_dvd_date = '2024-08-28 00:00:00' AND
            d.stock_id in (627)
        
[2026-08-24 09:18:19,683] [merqutil.db] [INFO] [56923] 0 rows selected in 0.012721417006105185 s
[2026-08-24 09:18:19,683] [merqutil.db] [DEBUG] [56923] : running sql

            SELECT COUNT(*)
            FROM merq.corp_actions ca
            JOIN ivol.root_property rp
                ON (
                    rp.stock_id=ca.stock_id
                )
            WHERE (ca.ex_date='2024-08-27 00:00:00' OR ca.ex_date='2024-08-28 00:00:00')
                AND ca.action_type='rn'
                AND rp.action_type='RootRn'
                AND rp.t_date='2024-08-28 00:00:00'
                AND ca.stock_id IN (627);
        
[2026-08-24 09:18:19,696] [merqutil.db] [INFO] [56923] 1 rows selected in 0.013233416015282273 s
[2026-08-24 09:18:19,698] [merq.merq_platform.api.components.computation_pipeline.level_computers.standard_level_computer] [DEBUG] [56923] Equities contribution to index level: 1031.3125562432278
[2026-08-24 09:18:19,698] [merq.merq_platform.api.components.computation_pipeline.level_computers.standard_level_computer] [DEBUG] [56923] Options contribution to index level: -16.75818625920556
[2026-08-24 09:18:19,698] [merq.merq_platform.api.components.computation_pipeline.level_computers.standard_level_computer] [DEBUG] [56923] Cash contribution to index level: 16.20723219040974
[2026-08-24 09:18:19,699] [merq.merq_platform.api.components.computation_pipeline.level_computers.standard_level_computer] [DEBUG] [56923] Equities contribution to index level: 1025.3255220289802
[2026-08-24 09:18:19,699] [merq.merq_platform.api.components.computation_pipeline.level_computers.standard_level_computer] [DEBUG] [56923] Options contribution to index level: -13.87485996584087
[2026-08-24 09:18:19,699] [merq.merq_platform.api.components.computation_pipeline.level_computers.standard_level_computer] [DEBUG] [56923] Cash contribution to index level: 16.20723219040974
[2026-08-24 09:18:19,699] [merq.merq_platform.api.indices.multi_asset.multi_asset_base_index] [INFO] [56923] Computed index level for 2024-08-28 00:00:00 as 1027.657894253549
[2026-08-24 09:18:19,700] [merq.merq_platform.api.components.computation_pipeline.level_computers.standard_level_computer] [DEBUG] [56923] Equities contribution to index level: 1025.3255220289802
[2026-08-24 09:18:19,700] [merq.merq_platform.api.components.computation_pipeline.level_computers.standard_level_computer] [DEBUG] [56923] Options contribution to index level: -13.87485996584087
[2026-08-24 09:18:19,700] [merq.merq_platform.api.components.computation_pipeline.level_computers.standard_level_computer] [DEBUG] [56923] Cash contribution to index level: 16.20723219040974
[2026-08-24 09:18:19,714] [merq.merq_platform.api.indices.multi_asset.multi_asset_base_index] [DEBUG] [56923] Loaded in portfolio for date 2024-08-28 00:00:00
[2026-08-24 09:18:19,715] [merq.merq_platform.api.components.computation_pipeline.corax_loaders.index_corporate_actions_loader] [DEBUG] [56923] Loading corporate actions for el merq ids in unknown from 2024-08-29 00:00:00 to 2024-08-29 00:00:00...
[2026-08-24 09:18:19,715] [merq.merq_platform.api.components.computation_pipeline.corax_loaders.index_corporate_actions_loader] [DEBUG] [56923] Loading corporate actions for op merq ids in unknown from 2024-08-29 00:00:00 to 2024-08-29 00:00:00...
[2026-08-24 09:18:19,715] [merq.merq_platform.impl.services.options.ivol_reference_data_provider] [DEBUG] [56923] Getting underlying for 1 option contracts on eff_date: 2024-08-28 00:00:00
[2026-08-24 09:18:19,715] [merqutil.db] [DEBUG] [56923] : running sql

            SELECT
                rp.symbol, e.mic
            FROM ivol.root_property rp
            JOIN ivol.exchange e
                ON e.exchange_id = rp.exchange_id
            JOIN ivol.stock s
                ON s.stock_id = rp.stock_id
            WHERE rp.symbol in ('SPY')
                AND rp.t_date <= '2024-08-28 00:00:00' AND rp.term_date >= '2024-08-28 00:00:00'
                AND s.region_id = 1;
        
[2026-08-24 09:18:19,728] [merqutil.db] [INFO] [56923] 1 rows selected in 0.01303929090499878 s
[2026-08-24 09:18:19,793] [merq.merq_platform.impl.services.options.ivol_utils] [DEBUG] [56923] Created temp table temp_option_contract_keys with index
[2026-08-24 09:18:19,793] [merq.merq_platform.impl.services.options.ivol_utils] [DEBUG] [56923] Populating temp table with 1 option keys
[2026-08-24 09:18:19,833] [merq.merq_platform.impl.services.options.ivol_utils] [DEBUG] [56923] Inserted 1 keys into temp table in 1 batches
[2026-08-24 09:18:19,874] [merqutil.db] [DEBUG] [56923] materializing option contracts: : running sql
CREATE TEMP TABLE temp_option_contracts AS 
        SELECT
            ov.t_date,
            ov.expiration_date, ov.call_put, ov.strike, ov.root, e.mic,
            ov.stock_id, ov.root_id
        FROM ivol.option_value ov
        JOIN ivol.root_property rp
            ON rp.root_id = ov.root_id
            AND '2024-08-28 00:00:00' BETWEEN rp.t_date AND rp.term_date
        JOIN ivol.exchange e
            ON e.exchange_id = rp.exchange_id
        JOIN temp_option_contract_keys tok
            ON ov.expiration_date = tok.expiration_date
            AND ov.call_put = tok.call_put
            AND ov.strike = tok.strike
            AND ov.root = tok.root
            AND e.mic = tok.mic
        WHERE ov.t_date = '2024-08-28 00:00:00'
        UNION ALL
        SELECT
            ovn.t_date,
            ovn.expiration_date, ovn.call_put, ovn.strike, ovn.root, e.mic,
            ovn.stock_id, ovn.root_id
        FROM ivol.option_value_ns ovn
        JOIN ivol.root_property rp
            ON rp.root_id = ovn.root_id
            AND '2024-08-28 00:00:00' BETWEEN rp.t_date AND rp.term_date
        JOIN ivol.exchange e
            ON e.exchange_id = rp.exchange_id
        JOIN temp_option_contract_keys tok
            ON ovn.expiration_date = tok.expiration_date
            AND ovn.call_put = tok.call_put
            AND ovn.strike = tok.strike
            AND ovn.root = tok.root
            AND e.mic = tok.mic
        WHERE ovn.t_date = '2024-08-28 00:00:00'
    
[2026-08-24 09:18:19,916] [merqutil.db] [INFO] [56923] materializing option contracts: 1 rows created in 0.04193424992263317 s
[2026-08-24 09:18:19,995] [merqutil.db] [DEBUG] [56923] : running sql

            SELECT
                ov.root, ov.expiration_date, ov.call_put, ov.strike, ov.mic,
                replace(ss.symbol, '/', '.') as symbol
            FROM temp_option_contracts ov
            JOIN ivol.stock_symbol ss
                ON (ss.stock_id = ov.stock_id
                    AND '2024-08-28 00:00:00' BETWEEN ss.t_date AND ss.term_date
                    AND ss.symbol not like '%%%%7' -- Exclude mini options
                )
            JOIN ivol.stock s
                ON (ss.stock_id = s.stock_id)
            WHERE
                s.type IN ('S', 'F')
        
[2026-08-24 09:18:20,022] [merqutil.db] [INFO] [56923] 1 rows selected in 0.026778334053233266 s
[2026-08-24 09:18:20,023] [merqutil.db] [DEBUG] [56923] : running sql

            SELECT
                rp.symbol, e.mic
            FROM ivol.root_property rp
            JOIN ivol.exchange e
                ON e.exchange_id = rp.exchange_id
            JOIN ivol.stock s
                ON s.stock_id = rp.stock_id
            WHERE rp.symbol in ('SPY')
                AND rp.t_date <= '2024-08-28 00:00:00' AND rp.term_date >= '2024-08-28 00:00:00'
                AND s.region_id = 1;
        
[2026-08-24 09:18:20,035] [merqutil.db] [INFO] [56923] 1 rows selected in 0.011670916806906462 s
[2026-08-24 09:18:20,102] [merq.merq_platform.impl.services.options.ivol_utils] [DEBUG] [56923] Created temp table temp_option_contract_keys with index
[2026-08-24 09:18:20,102] [merq.merq_platform.impl.services.options.ivol_utils] [DEBUG] [56923] Populating temp table with 1 option keys
[2026-08-24 09:18:20,145] [merq.merq_platform.impl.services.options.ivol_utils] [DEBUG] [56923] Inserted 1 keys into temp table in 1 batches
[2026-08-24 09:18:20,186] [merqutil.db] [DEBUG] [56923] materializing option contracts: : running sql
CREATE TEMP TABLE temp_option_contracts AS 
        SELECT
            ov.t_date,
            ov.expiration_date, ov.call_put, ov.strike, ov.root, e.mic,
            ov.stock_id, ov.root_id
        FROM ivol.option_value ov
        JOIN ivol.root_property rp
            ON rp.root_id = ov.root_id
            AND '2024-08-28 00:00:00' BETWEEN rp.t_date AND rp.term_date
        JOIN ivol.exchange e
            ON e.exchange_id = rp.exchange_id
        JOIN temp_option_contract_keys tok
            ON ov.expiration_date = tok.expiration_date
            AND ov.call_put = tok.call_put
            AND ov.strike = tok.strike
            AND ov.root = tok.root
            AND e.mic = tok.mic
        WHERE ov.t_date = '2024-08-28 00:00:00'
        UNION ALL
        SELECT
            ovn.t_date,
            ovn.expiration_date, ovn.call_put, ovn.strike, ovn.root, e.mic,
            ovn.stock_id, ovn.root_id
        FROM ivol.option_value_ns ovn
        JOIN ivol.root_property rp
            ON rp.root_id = ovn.root_id
            AND '2024-08-28 00:00:00' BETWEEN rp.t_date AND rp.term_date
        JOIN ivol.exchange e
            ON e.exchange_id = rp.exchange_id
        JOIN temp_option_contract_keys tok
            ON ovn.expiration_date = tok.expiration_date
            AND ovn.call_put = tok.call_put
            AND ovn.strike = tok.strike
            AND ovn.root = tok.root
            AND e.mic = tok.mic
        WHERE ovn.t_date = '2024-08-28 00:00:00'
    
[2026-08-24 09:18:20,227] [merqutil.db] [INFO] [56923] materializing option contracts: 1 rows created in 0.04113033297471702 s
[2026-08-24 09:18:20,307] [merqutil.db] [DEBUG] [56923] : running sql

            SELECT
                ov.root, ov.expiration_date, ov.call_put, ov.strike, ov.mic,
                replace(ss.symbol, '/', '.') as symbol
            FROM temp_option_contracts ov
            JOIN ivol.stock_symbol ss
                ON (ss.stock_id = ov.stock_id
                    AND '2024-08-28 00:00:00' BETWEEN ss.t_date AND ss.term_date
                    AND ss.symbol not like '%%%%7' -- Exclude mini options
                )
            JOIN ivol.stock s
                ON (ss.stock_id = s.stock_id)
            WHERE
                s.type IN ('I')
        
[2026-08-24 09:18:20,333] [merqutil.db] [INFO] [56923] 0 rows selected in 0.026344124926254153 s
[2026-08-24 09:18:20,334] [merq.merq_platform.impl.services.options.ivol_utils] [DEBUG] [56923] Getting external id for <class 'merq.merq_platform.api.components.identifiers.merq_equity_id.MerqEquityListingId'> with 1 ids.
[2026-08-24 09:18:20,334] [merqutil.db] [DEBUG] [56923] : running sql

        SELECT
            REPLACE(ss.symbol, '/', '.') AS symbol,
            s.region_id,
            e.mic
        FROM ivol.stock_symbol ss
        JOIN ivol.stock s
            ON s.stock_id = ss.stock_id
        LEFT JOIN ivol.exchange e
            ON e.exchange_id = ss.exchange_id
        WHERE (replace(ss.symbol, '/', '.'), s.region_id) in (('SPY', 1)) AND
            '2024-08-29 00:00:00' between ss.t_date and ss.term_date
    
[2026-08-24 09:18:20,351] [merqutil.db] [INFO] [56923] 1 rows selected in 0.016800875077024102 s
[2026-08-24 09:18:20,351] [merq.merq_platform.impl.services.options.ivol_utils] [DEBUG] [56923] Getting stock ids for 1 merq_ids, effective date: 2024-08-29 00:00:00.
[2026-08-24 09:18:20,352] [merqutil.db] [DEBUG] [56923] : running sql

        SELECT
            MAX(ss.stock_id) AS stock_id,
            REPLACE(ss.symbol, '/', '.') AS symbol,
            e.mic
        FROM ivol.stock_symbol ss
        LEFT JOIN ivol.exchange e
            ON e.exchange_id = ss.exchange_id
        WHERE
            (REPLACE(ss.symbol, '/', '.'), COALESCE(e.mic, 'NA')) IN (('SPY', 'ARCX')) AND
            '2024-08-29 00:00:00' BETWEEN ss.t_date AND ss.term_date
        GROUP BY ss.symbol, e.mic
        HAVING COUNT(DISTINCT ss.stock_id) = 1
    
[2026-08-24 09:18:20,377] [merqutil.db] [INFO] [56923] 1 rows selected in 0.025050000054761767 s
[2026-08-24 09:18:20,377] [merq.merq_platform.impl.services.options.ivol_utils] [DEBUG] [56923] Found 1 symbol, mic pairs mapping to stock ids.
[2026-08-24 09:18:20,377] [merqutil.db] [DEBUG] [56923] : running sql

            SELECT ca.ex_date, ca.action_type, ca.stock_id
            FROM merq.corp_actions ca
            WHERE ca.ex_date = '2024-08-29 00:00:00' AND
                ca.action_type in ('dvd', 'spl', 'sdvd', 'sp', 'distr', 'rts') AND
                ca.stock_id in (627)
        
[2026-08-24 09:18:20,393] [merqutil.db] [INFO] [56923] 0 rows selected in 0.01578224985860288 s
[2026-08-24 09:18:20,393] [merqutil.db] [DEBUG] [56923] : running sql

        SELECT d.stock_id, d.last_dvd_date, d.last_dvd_amount, d.real_last_dvd_amount, d.dvd_ccy
        FROM ivol.dividend d
        WHERE d.last_dvd_date = '2024-08-29 00:00:00' AND
            d.stock_id in (627)
        
[2026-08-24 09:18:20,406] [merqutil.db] [INFO] [56923] 0 rows selected in 0.012405083980411291 s
[2026-08-24 09:18:20,407] [merqutil.db] [DEBUG] [56923] : running sql

            SELECT COUNT(*)
            FROM merq.corp_actions ca
            JOIN ivol.root_property rp
                ON (
                    rp.stock_id=ca.stock_id
                )
            WHERE (ca.ex_date='2024-08-28 00:00:00' OR ca.ex_date='2024-08-29 00:00:00')
                AND ca.action_type='rn'
                AND rp.action_type='RootRn'
                AND rp.t_date='2024-08-29 00:00:00'
                AND ca.stock_id IN (627);
        
[2026-08-24 09:18:20,420] [merqutil.db] [INFO] [56923] 1 rows selected in 0.013096542097628117 s
[2026-08-24 09:18:20,422] [merq.merq_platform.api.components.computation_pipeline.level_computers.standard_level_computer] [DEBUG] [56923] Equities contribution to index level: 1025.3255220289802
[2026-08-24 09:18:20,422] [merq.merq_platform.api.components.computation_pipeline.level_computers.standard_level_computer] [DEBUG] [56923] Options contribution to index level: -13.87485996584087
[2026-08-24 09:18:20,422] [merq.merq_platform.api.components.computation_pipeline.level_computers.standard_level_computer] [DEBUG] [56923] Cash contribution to index level: 16.20723219040974
[2026-08-24 09:18:20,424] [merq.merq_platform.api.components.computation_pipeline.level_computers.standard_level_computer] [DEBUG] [56923] Equities contribution to index level: 1025.4173477071129
[2026-08-24 09:18:20,424] [merq.merq_platform.api.components.computation_pipeline.level_computers.standard_level_computer] [DEBUG] [56923] Options contribution to index level: -12.488292226038084
[2026-08-24 09:18:20,424] [merq.merq_platform.api.components.computation_pipeline.level_computers.standard_level_computer] [DEBUG] [56923] Cash contribution to index level: 16.20723219040974
[2026-08-24 09:18:20,424] [merq.merq_platform.api.indices.multi_asset.multi_asset_base_index] [INFO] [56923] Computed index level for 2024-08-29 00:00:00 as 1029.1362876714845
[2026-08-24 09:18:20,425] [merq.merq_platform.api.components.computation_pipeline.level_computers.standard_level_computer] [DEBUG] [56923] Equities contribution to index level: 1025.4173477071129
[2026-08-24 09:18:20,425] [merq.merq_platform.api.components.computation_pipeline.level_computers.standard_level_computer] [DEBUG] [56923] Options contribution to index level: -12.488292226038084
[2026-08-24 09:18:20,425] [merq.merq_platform.api.components.computation_pipeline.level_computers.standard_level_computer] [DEBUG] [56923] Cash contribution to index level: 16.20723219040974
[2026-08-24 09:18:20,441] [merq.merq_platform.api.indices.multi_asset.multi_asset_base_index] [DEBUG] [56923] Loaded in portfolio for date 2024-08-29 00:00:00
[2026-08-24 09:18:20,441] [merq.merq_platform.api.components.computation_pipeline.corax_loaders.index_corporate_actions_loader] [DEBUG] [56923] Loading corporate actions for el merq ids in unknown from 2024-08-30 00:00:00 to 2024-08-30 00:00:00...
[2026-08-24 09:18:20,441] [merq.merq_platform.api.components.computation_pipeline.corax_loaders.index_corporate_actions_loader] [DEBUG] [56923] Loading corporate actions for op merq ids in unknown from 2024-08-30 00:00:00 to 2024-08-30 00:00:00...
[2026-08-24 09:18:20,441] [merq.merq_platform.impl.services.options.ivol_reference_data_provider] [DEBUG] [56923] Getting underlying for 1 option contracts on eff_date: 2024-08-29 00:00:00
[2026-08-24 09:18:20,442] [merqutil.db] [DEBUG] [56923] : running sql

            SELECT
                rp.symbol, e.mic
            FROM ivol.root_property rp
            JOIN ivol.exchange e
                ON e.exchange_id = rp.exchange_id
            JOIN ivol.stock s
                ON s.stock_id = rp.stock_id
            WHERE rp.symbol in ('SPY')
                AND rp.t_date <= '2024-08-29 00:00:00' AND rp.term_date >= '2024-08-29 00:00:00'
                AND s.region_id = 1;
        
[2026-08-24 09:18:20,455] [merqutil.db] [INFO] [56923] 1 rows selected in 0.012892958940938115 s
[2026-08-24 09:18:20,522] [merq.merq_platform.impl.services.options.ivol_utils] [DEBUG] [56923] Created temp table temp_option_contract_keys with index
[2026-08-24 09:18:20,522] [merq.merq_platform.impl.services.options.ivol_utils] [DEBUG] [56923] Populating temp table with 1 option keys
[2026-08-24 09:18:20,559] [merq.merq_platform.impl.services.options.ivol_utils] [DEBUG] [56923] Inserted 1 keys into temp table in 1 batches
[2026-08-24 09:18:20,600] [merqutil.db] [DEBUG] [56923] materializing option contracts: : running sql
CREATE TEMP TABLE temp_option_contracts AS 
        SELECT
            ov.t_date,
            ov.expiration_date, ov.call_put, ov.strike, ov.root, e.mic,
            ov.stock_id, ov.root_id
        FROM ivol.option_value ov
        JOIN ivol.root_property rp
            ON rp.root_id = ov.root_id
            AND '2024-08-29 00:00:00' BETWEEN rp.t_date AND rp.term_date
        JOIN ivol.exchange e
            ON e.exchange_id = rp.exchange_id
        JOIN temp_option_contract_keys tok
            ON ov.expiration_date = tok.expiration_date
            AND ov.call_put = tok.call_put
            AND ov.strike = tok.strike
            AND ov.root = tok.root
            AND e.mic = tok.mic
        WHERE ov.t_date = '2024-08-29 00:00:00'
        UNION ALL
        SELECT
            ovn.t_date,
            ovn.expiration_date, ovn.call_put, ovn.strike, ovn.root, e.mic,
            ovn.stock_id, ovn.root_id
        FROM ivol.option_value_ns ovn
        JOIN ivol.root_property rp
            ON rp.root_id = ovn.root_id
            AND '2024-08-29 00:00:00' BETWEEN rp.t_date AND rp.term_date
        JOIN ivol.exchange e
            ON e.exchange_id = rp.exchange_id
        JOIN temp_option_contract_keys tok
            ON ovn.expiration_date = tok.expiration_date
            AND ovn.call_put = tok.call_put
            AND ovn.strike = tok.strike
            AND ovn.root = tok.root
            AND e.mic = tok.mic
        WHERE ovn.t_date = '2024-08-29 00:00:00'
    
[2026-08-24 09:18:20,642] [merqutil.db] [INFO] [56923] materializing option contracts: 1 rows created in 0.042015209095552564 s
[2026-08-24 09:18:20,719] [merqutil.db] [DEBUG] [56923] : running sql

            SELECT
                ov.root, ov.expiration_date, ov.call_put, ov.strike, ov.mic,
                replace(ss.symbol, '/', '.') as symbol
            FROM temp_option_contracts ov
            JOIN ivol.stock_symbol ss
                ON (ss.stock_id = ov.stock_id
                    AND '2024-08-29 00:00:00' BETWEEN ss.t_date AND ss.term_date
                    AND ss.symbol not like '%%%%7' -- Exclude mini options
                )
            JOIN ivol.stock s
                ON (ss.stock_id = s.stock_id)
            WHERE
                s.type IN ('S', 'F')
        
[2026-08-24 09:18:20,745] [merqutil.db] [INFO] [56923] 1 rows selected in 0.026097208028659225 s
[2026-08-24 09:18:20,746] [merqutil.db] [DEBUG] [56923] : running sql

            SELECT
                rp.symbol, e.mic
            FROM ivol.root_property rp
            JOIN ivol.exchange e
                ON e.exchange_id = rp.exchange_id
            JOIN ivol.stock s
                ON s.stock_id = rp.stock_id
            WHERE rp.symbol in ('SPY')
                AND rp.t_date <= '2024-08-29 00:00:00' AND rp.term_date >= '2024-08-29 00:00:00'
                AND s.region_id = 1;
        
[2026-08-24 09:18:20,758] [merqutil.db] [INFO] [56923] 1 rows selected in 0.011471749981865287 s
[2026-08-24 09:18:20,823] [merq.merq_platform.impl.services.options.ivol_utils] [DEBUG] [56923] Created temp table temp_option_contract_keys with index
[2026-08-24 09:18:20,824] [merq.merq_platform.impl.services.options.ivol_utils] [DEBUG] [56923] Populating temp table with 1 option keys
[2026-08-24 09:18:20,860] [merq.merq_platform.impl.services.options.ivol_utils] [DEBUG] [56923] Inserted 1 keys into temp table in 1 batches
[2026-08-24 09:18:20,899] [merqutil.db] [DEBUG] [56923] materializing option contracts: : running sql
CREATE TEMP TABLE temp_option_contracts AS 
        SELECT
            ov.t_date,
            ov.expiration_date, ov.call_put, ov.strike, ov.root, e.mic,
            ov.stock_id, ov.root_id
        FROM ivol.option_value ov
        JOIN ivol.root_property rp
            ON rp.root_id = ov.root_id
            AND '2024-08-29 00:00:00' BETWEEN rp.t_date AND rp.term_date
        JOIN ivol.exchange e
            ON e.exchange_id = rp.exchange_id
        JOIN temp_option_contract_keys tok
            ON ov.expiration_date = tok.expiration_date
            AND ov.call_put = tok.call_put
            AND ov.strike = tok.strike
            AND ov.root = tok.root
            AND e.mic = tok.mic
        WHERE ov.t_date = '2024-08-29 00:00:00'
        UNION ALL
        SELECT
            ovn.t_date,
            ovn.expiration_date, ovn.call_put, ovn.strike, ovn.root, e.mic,
            ovn.stock_id, ovn.root_id
        FROM ivol.option_value_ns ovn
        JOIN ivol.root_property rp
            ON rp.root_id = ovn.root_id
            AND '2024-08-29 00:00:00' BETWEEN rp.t_date AND rp.term_date
        JOIN ivol.exchange e
            ON e.exchange_id = rp.exchange_id
        JOIN temp_option_contract_keys tok
            ON ovn.expiration_date = tok.expiration_date
            AND ovn.call_put = tok.call_put
            AND ovn.strike = tok.strike
            AND ovn.root = tok.root
            AND e.mic = tok.mic
        WHERE ovn.t_date = '2024-08-29 00:00:00'
    
[2026-08-24 09:18:20,941] [merqutil.db] [INFO] [56923] materializing option contracts: 1 rows created in 0.04178395797498524 s
[2026-08-24 09:18:21,022] [merqutil.db] [DEBUG] [56923] : running sql

            SELECT
                ov.root, ov.expiration_date, ov.call_put, ov.strike, ov.mic,
                replace(ss.symbol, '/', '.') as symbol
            FROM temp_option_contracts ov
            JOIN ivol.stock_symbol ss
                ON (ss.stock_id = ov.stock_id
                    AND '2024-08-29 00:00:00' BETWEEN ss.t_date AND ss.term_date
                    AND ss.symbol not like '%%%%7' -- Exclude mini options
                )
            JOIN ivol.stock s
                ON (ss.stock_id = s.stock_id)
            WHERE
                s.type IN ('I')
        
[2026-08-24 09:18:21,047] [merqutil.db] [INFO] [56923] 0 rows selected in 0.024748625000938773 s
[2026-08-24 09:18:21,048] [merq.merq_platform.impl.services.options.ivol_utils] [DEBUG] [56923] Getting external id for <class 'merq.merq_platform.api.components.identifiers.merq_equity_id.MerqEquityListingId'> with 1 ids.
[2026-08-24 09:18:21,048] [merqutil.db] [DEBUG] [56923] : running sql

        SELECT
            REPLACE(ss.symbol, '/', '.') AS symbol,
            s.region_id,
            e.mic
        FROM ivol.stock_symbol ss
        JOIN ivol.stock s
            ON s.stock_id = ss.stock_id
        LEFT JOIN ivol.exchange e
            ON e.exchange_id = ss.exchange_id
        WHERE (replace(ss.symbol, '/', '.'), s.region_id) in (('SPY', 1)) AND
            '2024-08-30 00:00:00' between ss.t_date and ss.term_date
    
[2026-08-24 09:18:21,064] [merqutil.db] [INFO] [56923] 1 rows selected in 0.016087833093479276 s
[2026-08-24 09:18:21,065] [merq.merq_platform.impl.services.options.ivol_utils] [DEBUG] [56923] Getting stock ids for 1 merq_ids, effective date: 2024-08-30 00:00:00.
[2026-08-24 09:18:21,065] [merqutil.db] [DEBUG] [56923] : running sql

        SELECT
            MAX(ss.stock_id) AS stock_id,
            REPLACE(ss.symbol, '/', '.') AS symbol,
            e.mic
        FROM ivol.stock_symbol ss
        LEFT JOIN ivol.exchange e
            ON e.exchange_id = ss.exchange_id
        WHERE
            (REPLACE(ss.symbol, '/', '.'), COALESCE(e.mic, 'NA')) IN (('SPY', 'ARCX')) AND
            '2024-08-30 00:00:00' BETWEEN ss.t_date AND ss.term_date
        GROUP BY ss.symbol, e.mic
        HAVING COUNT(DISTINCT ss.stock_id) = 1
    
[2026-08-24 09:18:21,082] [merqutil.db] [INFO] [56923] 1 rows selected in 0.016434208024293184 s
[2026-08-24 09:18:21,082] [merq.merq_platform.impl.services.options.ivol_utils] [DEBUG] [56923] Found 1 symbol, mic pairs mapping to stock ids.
[2026-08-24 09:18:21,082] [merqutil.db] [DEBUG] [56923] : running sql

            SELECT ca.ex_date, ca.action_type, ca.stock_id
            FROM merq.corp_actions ca
            WHERE ca.ex_date = '2024-08-30 00:00:00' AND
                ca.action_type in ('dvd', 'spl', 'sdvd', 'sp', 'distr', 'rts') AND
                ca.stock_id in (627)
        
[2026-08-24 09:18:21,094] [merqutil.db] [INFO] [56923] 0 rows selected in 0.012260125018656254 s
[2026-08-24 09:18:21,095] [merqutil.db] [DEBUG] [56923] : running sql

        SELECT d.stock_id, d.last_dvd_date, d.last_dvd_amount, d.real_last_dvd_amount, d.dvd_ccy
        FROM ivol.dividend d
        WHERE d.last_dvd_date = '2024-08-30 00:00:00' AND
            d.stock_id in (627)
        
[2026-08-24 09:18:21,112] [merqutil.db] [INFO] [56923] 0 rows selected in 0.016910958103835583 s
[2026-08-24 09:18:21,113] [merqutil.db] [DEBUG] [56923] : running sql

            SELECT COUNT(*)
            FROM merq.corp_actions ca
            JOIN ivol.root_property rp
                ON (
                    rp.stock_id=ca.stock_id
                )
            WHERE (ca.ex_date='2024-08-29 00:00:00' OR ca.ex_date='2024-08-30 00:00:00')
                AND ca.action_type='rn'
                AND rp.action_type='RootRn'
                AND rp.t_date='2024-08-30 00:00:00'
                AND ca.stock_id IN (627);
        
[2026-08-24 09:18:21,126] [merqutil.db] [INFO] [56923] 1 rows selected in 0.013505041133612394 s
[2026-08-24 09:18:21,128] [merq.merq_platform.api.components.computation_pipeline.level_computers.standard_level_computer] [DEBUG] [56923] Equities contribution to index level: 1025.4173477071129
[2026-08-24 09:18:21,128] [merq.merq_platform.api.components.computation_pipeline.level_computers.standard_level_computer] [DEBUG] [56923] Options contribution to index level: -12.488292226038084
[2026-08-24 09:18:21,128] [merq.merq_platform.api.components.computation_pipeline.level_computers.standard_level_computer] [DEBUG] [56923] Cash contribution to index level: 16.20723219040974
[2026-08-24 09:18:21,129] [merq.merq_platform.api.components.computation_pipeline.level_computers.standard_level_computer] [DEBUG] [56923] Equities contribution to index level: 1035.2059649960515
[2026-08-24 09:18:21,129] [merq.merq_platform.api.components.computation_pipeline.level_computers.standard_level_computer] [DEBUG] [56923] Options contribution to index level: -17.07039356485643
[2026-08-24 09:18:21,130] [merq.merq_platform.api.components.computation_pipeline.level_computers.standard_level_computer] [DEBUG] [56923] Cash contribution to index level: 16.20723219040974
[2026-08-24 09:18:21,130] [merq.merq_platform.api.indices.multi_asset.multi_asset_base_index] [INFO] [56923] Computed index level for 2024-08-30 00:00:00 as 1034.3428036216048
[2026-08-24 09:18:21,131] [merq.merq_platform.api.components.computation_pipeline.level_computers.standard_level_computer] [DEBUG] [56923] Equities contribution to index level: 1035.2059649960515
[2026-08-24 09:18:21,131] [merq.merq_platform.api.components.computation_pipeline.level_computers.standard_level_computer] [DEBUG] [56923] Options contribution to index level: -17.07039356485643
[2026-08-24 09:18:21,131] [merq.merq_platform.api.components.computation_pipeline.level_computers.standard_level_computer] [DEBUG] [56923] Cash contribution to index level: 16.20723219040974
[2026-08-24 09:18:21,146] [merq.merq_platform.api.indices.multi_asset.multi_asset_base_index] [DEBUG] [56923] Loaded in portfolio for date 2024-08-30 00:00:00
[2026-08-24 09:18:21,147] [merq.merq_platform.api.components.computation_pipeline.corax_loaders.index_corporate_actions_loader] [DEBUG] [56923] Loading corporate actions for el merq ids in unknown from 2024-08-31 00:00:00 to 2024-09-03 00:00:00...
[2026-08-24 09:18:21,147] [merq.merq_platform.api.components.computation_pipeline.corax_loaders.index_corporate_actions_loader] [DEBUG] [56923] Loading corporate actions for op merq ids in unknown from 2024-08-31 00:00:00 to 2024-09-03 00:00:00...
[2026-08-24 09:18:21,147] [merq.merq_platform.impl.services.options.ivol_reference_data_provider] [DEBUG] [56923] Getting underlying for 1 option contracts on eff_date: 2024-08-30 00:00:00
[2026-08-24 09:18:21,148] [merqutil.db] [DEBUG] [56923] : running sql

            SELECT
                rp.symbol, e.mic
            FROM ivol.root_property rp
            JOIN ivol.exchange e
                ON e.exchange_id = rp.exchange_id
            JOIN ivol.stock s
                ON s.stock_id = rp.stock_id
            WHERE rp.symbol in ('SPY')
                AND rp.t_date <= '2024-08-30 00:00:00' AND rp.term_date >= '2024-08-30 00:00:00'
                AND s.region_id = 1;
        
[2026-08-24 09:18:21,161] [merqutil.db] [INFO] [56923] 1 rows selected in 0.012723500141873956 s
[2026-08-24 09:18:21,225] [merq.merq_platform.impl.services.options.ivol_utils] [DEBUG] [56923] Created temp table temp_option_contract_keys with index
[2026-08-24 09:18:21,225] [merq.merq_platform.impl.services.options.ivol_utils] [DEBUG] [56923] Populating temp table with 1 option keys
[2026-08-24 09:18:21,261] [merq.merq_platform.impl.services.options.ivol_utils] [DEBUG] [56923] Inserted 1 keys into temp table in 1 batches
[2026-08-24 09:18:21,301] [merqutil.db] [DEBUG] [56923] materializing option contracts: : running sql
CREATE TEMP TABLE temp_option_contracts AS 
        SELECT
            ov.t_date,
            ov.expiration_date, ov.call_put, ov.strike, ov.root, e.mic,
            ov.stock_id, ov.root_id
        FROM ivol.option_value ov
        JOIN ivol.root_property rp
            ON rp.root_id = ov.root_id
            AND '2024-08-30 00:00:00' BETWEEN rp.t_date AND rp.term_date
        JOIN ivol.exchange e
            ON e.exchange_id = rp.exchange_id
        JOIN temp_option_contract_keys tok
            ON ov.expiration_date = tok.expiration_date
            AND ov.call_put = tok.call_put
            AND ov.strike = tok.strike
            AND ov.root = tok.root
            AND e.mic = tok.mic
        WHERE ov.t_date = '2024-08-30 00:00:00'
        UNION ALL
        SELECT
            ovn.t_date,
            ovn.expiration_date, ovn.call_put, ovn.strike, ovn.root, e.mic,
            ovn.stock_id, ovn.root_id
        FROM ivol.option_value_ns ovn
        JOIN ivol.root_property rp
            ON rp.root_id = ovn.root_id
            AND '2024-08-30 00:00:00' BETWEEN rp.t_date AND rp.term_date
        JOIN ivol.exchange e
            ON e.exchange_id = rp.exchange_id
        JOIN temp_option_contract_keys tok
            ON ovn.expiration_date = tok.expiration_date
            AND ovn.call_put = tok.call_put
            AND ovn.strike = tok.strike
            AND ovn.root = tok.root
            AND e.mic = tok.mic
        WHERE ovn.t_date = '2024-08-30 00:00:00'
    
[2026-08-24 09:18:21,341] [merqutil.db] [INFO] [56923] materializing option contracts: 1 rows created in 0.03931533289141953 s
[2026-08-24 09:18:21,419] [merqutil.db] [DEBUG] [56923] : running sql

            SELECT
                ov.root, ov.expiration_date, ov.call_put, ov.strike, ov.mic,
                replace(ss.symbol, '/', '.') as symbol
            FROM temp_option_contracts ov
            JOIN ivol.stock_symbol ss
                ON (ss.stock_id = ov.stock_id
                    AND '2024-08-30 00:00:00' BETWEEN ss.t_date AND ss.term_date
                    AND ss.symbol not like '%%%%7' -- Exclude mini options
                )
            JOIN ivol.stock s
                ON (ss.stock_id = s.stock_id)
            WHERE
                s.type IN ('S', 'F')
        
[2026-08-24 09:18:21,444] [merqutil.db] [INFO] [56923] 1 rows selected in 0.02488350006751716 s
[2026-08-24 09:18:21,445] [merqutil.db] [DEBUG] [56923] : running sql

            SELECT
                rp.symbol, e.mic
            FROM ivol.root_property rp
            JOIN ivol.exchange e
                ON e.exchange_id = rp.exchange_id
            JOIN ivol.stock s
                ON s.stock_id = rp.stock_id
            WHERE rp.symbol in ('SPY')
                AND rp.t_date <= '2024-08-30 00:00:00' AND rp.term_date >= '2024-08-30 00:00:00'
                AND s.region_id = 1;
        
[2026-08-24 09:18:21,458] [merqutil.db] [INFO] [56923] 1 rows selected in 0.012837875168770552 s
[2026-08-24 09:18:21,522] [merq.merq_platform.impl.services.options.ivol_utils] [DEBUG] [56923] Created temp table temp_option_contract_keys with index
[2026-08-24 09:18:21,523] [merq.merq_platform.impl.services.options.ivol_utils] [DEBUG] [56923] Populating temp table with 1 option keys
[2026-08-24 09:18:21,560] [merq.merq_platform.impl.services.options.ivol_utils] [DEBUG] [56923] Inserted 1 keys into temp table in 1 batches
[2026-08-24 09:18:21,601] [merqutil.db] [DEBUG] [56923] materializing option contracts: : running sql
CREATE TEMP TABLE temp_option_contracts AS 
        SELECT
            ov.t_date,
            ov.expiration_date, ov.call_put, ov.strike, ov.root, e.mic,
            ov.stock_id, ov.root_id
        FROM ivol.option_value ov
        JOIN ivol.root_property rp
            ON rp.root_id = ov.root_id
            AND '2024-08-30 00:00:00' BETWEEN rp.t_date AND rp.term_date
        JOIN ivol.exchange e
            ON e.exchange_id = rp.exchange_id
        JOIN temp_option_contract_keys tok
            ON ov.expiration_date = tok.expiration_date
            AND ov.call_put = tok.call_put
            AND ov.strike = tok.strike
            AND ov.root = tok.root
            AND e.mic = tok.mic
        WHERE ov.t_date = '2024-08-30 00:00:00'
        UNION ALL
        SELECT
            ovn.t_date,
            ovn.expiration_date, ovn.call_put, ovn.strike, ovn.root, e.mic,
            ovn.stock_id, ovn.root_id
        FROM ivol.option_value_ns ovn
        JOIN ivol.root_property rp
            ON rp.root_id = ovn.root_id
            AND '2024-08-30 00:00:00' BETWEEN rp.t_date AND rp.term_date
        JOIN ivol.exchange e
            ON e.exchange_id = rp.exchange_id
        JOIN temp_option_contract_keys tok
            ON ovn.expiration_date = tok.expiration_date
            AND ovn.call_put = tok.call_put
            AND ovn.strike = tok.strike
            AND ovn.root = tok.root
            AND e.mic = tok.mic
        WHERE ovn.t_date = '2024-08-30 00:00:00'
    
[2026-08-24 09:18:21,643] [merqutil.db] [INFO] [56923] materializing option contracts: 1 rows created in 0.04123983299359679 s
[2026-08-24 09:18:21,723] [merqutil.db] [DEBUG] [56923] : running sql

            SELECT
                ov.root, ov.expiration_date, ov.call_put, ov.strike, ov.mic,
                replace(ss.symbol, '/', '.') as symbol
            FROM temp_option_contracts ov
            JOIN ivol.stock_symbol ss
                ON (ss.stock_id = ov.stock_id
                    AND '2024-08-30 00:00:00' BETWEEN ss.t_date AND ss.term_date
                    AND ss.symbol not like '%%%%7' -- Exclude mini options
                )
            JOIN ivol.stock s
                ON (ss.stock_id = s.stock_id)
            WHERE
                s.type IN ('I')
        
[2026-08-24 09:18:21,748] [merqutil.db] [INFO] [56923] 0 rows selected in 0.02434254204854369 s
[2026-08-24 09:18:21,748] [merq.merq_platform.impl.services.options.ivol_utils] [DEBUG] [56923] Getting external id for <class 'merq.merq_platform.api.components.identifiers.merq_equity_id.MerqEquityListingId'> with 1 ids.
[2026-08-24 09:18:21,749] [merqutil.db] [DEBUG] [56923] : running sql

        SELECT
            REPLACE(ss.symbol, '/', '.') AS symbol,
            s.region_id,
            e.mic
        FROM ivol.stock_symbol ss
        JOIN ivol.stock s
            ON s.stock_id = ss.stock_id
        LEFT JOIN ivol.exchange e
            ON e.exchange_id = ss.exchange_id
        WHERE (replace(ss.symbol, '/', '.'), s.region_id) in (('SPY', 1)) AND
            '2024-09-03 00:00:00' between ss.t_date and ss.term_date
    
[2026-08-24 09:18:21,765] [merqutil.db] [INFO] [56923] 1 rows selected in 0.01623787498101592 s
[2026-08-24 09:18:21,765] [merq.merq_platform.impl.services.options.ivol_utils] [DEBUG] [56923] Getting stock ids for 1 merq_ids, effective date: 2024-09-03 00:00:00.
[2026-08-24 09:18:21,765] [merqutil.db] [DEBUG] [56923] : running sql

        SELECT
            MAX(ss.stock_id) AS stock_id,
            REPLACE(ss.symbol, '/', '.') AS symbol,
            e.mic
        FROM ivol.stock_symbol ss
        LEFT JOIN ivol.exchange e
            ON e.exchange_id = ss.exchange_id
        WHERE
            (REPLACE(ss.symbol, '/', '.'), COALESCE(e.mic, 'NA')) IN (('SPY', 'ARCX')) AND
            '2024-09-03 00:00:00' BETWEEN ss.t_date AND ss.term_date
        GROUP BY ss.symbol, e.mic
        HAVING COUNT(DISTINCT ss.stock_id) = 1
    
[2026-08-24 09:18:21,782] [merqutil.db] [INFO] [56923] 1 rows selected in 0.016987791983410716 s
[2026-08-24 09:18:21,783] [merq.merq_platform.impl.services.options.ivol_utils] [DEBUG] [56923] Found 1 symbol, mic pairs mapping to stock ids.
[2026-08-24 09:18:21,783] [merqutil.db] [DEBUG] [56923] : running sql

            SELECT ca.ex_date, ca.action_type, ca.stock_id
            FROM merq.corp_actions ca
            WHERE ca.ex_date = '2024-09-03 00:00:00' AND
                ca.action_type in ('dvd', 'spl', 'sdvd', 'sp', 'distr', 'rts') AND
                ca.stock_id in (627)
        
[2026-08-24 09:18:21,796] [merqutil.db] [INFO] [56923] 0 rows selected in 0.012804291909560561 s
[2026-08-24 09:18:21,796] [merqutil.db] [DEBUG] [56923] : running sql

        SELECT d.stock_id, d.last_dvd_date, d.last_dvd_amount, d.real_last_dvd_amount, d.dvd_ccy
        FROM ivol.dividend d
        WHERE d.last_dvd_date = '2024-09-03 00:00:00' AND
            d.stock_id in (627)
        
[2026-08-24 09:18:21,810] [merqutil.db] [INFO] [56923] 0 rows selected in 0.01311558298766613 s
[2026-08-24 09:18:21,810] [merqutil.db] [DEBUG] [56923] : running sql

            SELECT COUNT(*)
            FROM merq.corp_actions ca
            JOIN ivol.root_property rp
                ON (
                    rp.stock_id=ca.stock_id
                )
            WHERE (ca.ex_date='2024-08-30 00:00:00' OR ca.ex_date='2024-09-03 00:00:00')
                AND ca.action_type='rn'
                AND rp.action_type='RootRn'
                AND rp.t_date='2024-09-03 00:00:00'
                AND ca.stock_id IN (627);
        
[2026-08-24 09:18:21,829] [merqutil.db] [INFO] [56923] 1 rows selected in 0.018629790982231498 s
[2026-08-24 09:18:21,833] [merq.merq_platform.api.components.computation_pipeline.level_computers.standard_level_computer] [DEBUG] [56923] Equities contribution to index level: 1035.2059649960515
[2026-08-24 09:18:21,834] [merq.merq_platform.api.components.computation_pipeline.level_computers.standard_level_computer] [DEBUG] [56923] Options contribution to index level: -17.07039356485643
[2026-08-24 09:18:21,834] [merq.merq_platform.api.components.computation_pipeline.level_computers.standard_level_computer] [DEBUG] [56923] Cash contribution to index level: 16.20723219040974
[2026-08-24 09:18:21,834] [merqutil.db] [DEBUG] [56923] : running sql

            SELECT
                rp.symbol, e.mic
            FROM ivol.root_property rp
            JOIN ivol.exchange e
                ON e.exchange_id = rp.exchange_id
            JOIN ivol.stock s
                ON s.stock_id = rp.stock_id
            WHERE rp.symbol in ('SPY')
                AND rp.t_date <= '2024-09-30 00:00:00' AND rp.term_date >= '2024-09-01 00:00:00'
                AND s.region_id = 1;
        
[2026-08-24 09:18:21,847] [merqutil.db] [INFO] [56923] 1 rows selected in 0.013174791121855378 s
[2026-08-24 09:18:21,848] [merqutil.db] [DEBUG] [56923] : running sql

            SELECT
                ov.t_date,
                ov.root, ov.expiration_date, ov.strike, ov.call_put, e.mic,
                ov.open, ov.high, ov.low, ov.close,
                ov.bid, ov.ask, ov.final_price as price, ov.open_interest, ov.volume, ov.shift,
                ov.iv, ov.delta, ov.gamma, ov.theta, ov.vega, ov.rho, ov.is_interpolated, ov.status,
                s.currency
            FROM ivol.root_property rp
            JOIN ivol.exchange e
                ON e.exchange_id = rp.exchange_id
            JOIN merq.option_prices ov
                ON  (
                    ov.stock_id = rp.stock_id
                    AND ov.root_id = rp.root_id
                )
            JOIN ivol.stock s
                ON s.stock_id = rp.stock_id
            WHERE
                ov.t_date between '2024-09-01 00:00:00' and '2024-09-30 00:00:00'
                AND ov.t_date between rp.t_date and rp.term_date
                AND (ov.expiration_date, ov.call_put, ov.strike::numeric, rp.symbol, e.mic) IN (('2024-09-20 00:00:00', 'C', '560.0', 'SPY', 'XCBO'))
                AND rp.is_enabled = TRUE
            UNION ALL
            SELECT
                ovn.t_date, ovn.root, ovn.expiration_date, ovn.strike, ovn.call_put, e.mic,
                ovn.open, ovn.high, ovn.low, ovn.close,
                ovn.bid, ovn.ask, ovn.final_price as price, ovn.open_interest, ovn.volume, ovn.shift,
                ovn.iv, ovn.delta, ovn.gamma, ovn.theta, ovn.vega, ovn.rho, ovn.is_interpolated, ovn.status,
                s.currency
            FROM ivol.root_property rp
            JOIN ivol.exchange e
                ON e.exchange_id = rp.exchange_id
            JOIN merq.option_prices_ns ovn
                ON  (
                    ovn.stock_id = rp.stock_id
                    AND ovn.root_id = rp.root_id
                )
            JOIN ivol.stock s
                ON s.stock_id = rp.stock_id
            WHERE
                ovn.t_date between '2024-09-01 00:00:00' and '2024-09-30 00:00:00'
                AND ovn.t_date between rp.t_date and rp.term_date
                AND (ovn.expiration_date, ovn.call_put, ovn.strike::numeric, rp.symbol, e.mic) IN (('2024-09-20 00:00:00', 'C', '560.0', 'SPY', 'XCBO'))
                AND rp.is_enabled = FALSE;
        
[2026-08-24 09:18:22,188] [merqutil.db] [INFO] [56923] 14 rows selected in 0.3392361660953611 s
[2026-08-24 09:18:22,190] [merq.merq_platform.api.components.computation_pipeline.level_computers.standard_level_computer] [DEBUG] [56923] Equities contribution to index level: 1013.9024076692808
[2026-08-24 09:18:22,190] [merq.merq_platform.api.components.computation_pipeline.level_computers.standard_level_computer] [DEBUG] [56923] Options contribution to index level: -7.336871682797323
[2026-08-24 09:18:22,190] [merq.merq_platform.api.components.computation_pipeline.level_computers.standard_level_computer] [DEBUG] [56923] Cash contribution to index level: 16.20723219040974
[2026-08-24 09:18:22,190] [merq.merq_platform.api.indices.multi_asset.multi_asset_base_index] [INFO] [56923] Computed index level for 2024-09-03 00:00:00 as 1022.7727681768932
[2026-08-24 09:18:22,191] [merq.merq_platform.api.components.computation_pipeline.level_computers.standard_level_computer] [DEBUG] [56923] Equities contribution to index level: 1013.9024076692808
[2026-08-24 09:18:22,192] [merq.merq_platform.api.components.computation_pipeline.level_computers.standard_level_computer] [DEBUG] [56923] Options contribution to index level: -7.336871682797323
[2026-08-24 09:18:22,192] [merq.merq_platform.api.components.computation_pipeline.level_computers.standard_level_computer] [DEBUG] [56923] Cash contribution to index level: 16.20723219040974
[2026-08-24 09:18:22,206] [merq.merq_platform.api.indices.multi_asset.multi_asset_base_index] [DEBUG] [56923] Loaded in portfolio for date 2024-09-03 00:00:00
[2026-08-24 09:18:22,206] [merq.merq_platform.api.components.computation_pipeline.corax_loaders.index_corporate_actions_loader] [DEBUG] [56923] Loading corporate actions for el merq ids in unknown from 2024-09-04 00:00:00 to 2024-09-04 00:00:00...
[2026-08-24 09:18:22,207] [merq.merq_platform.api.components.computation_pipeline.corax_loaders.index_corporate_actions_loader] [DEBUG] [56923] Loading corporate actions for op merq ids in unknown from 2024-09-04 00:00:00 to 2024-09-04 00:00:00...
[2026-08-24 09:18:22,207] [merq.merq_platform.impl.services.options.ivol_reference_data_provider] [DEBUG] [56923] Getting underlying for 1 option contracts on eff_date: 2024-09-03 00:00:00
[2026-08-24 09:18:22,207] [merqutil.db] [DEBUG] [56923] : running sql

            SELECT
                rp.symbol, e.mic
            FROM ivol.root_property rp
            JOIN ivol.exchange e
                ON e.exchange_id = rp.exchange_id
            JOIN ivol.stock s
                ON s.stock_id = rp.stock_id
            WHERE rp.symbol in ('SPY')
                AND rp.t_date <= '2024-09-03 00:00:00' AND rp.term_date >= '2024-09-03 00:00:00'
                AND s.region_id = 1;
        
[2026-08-24 09:18:22,221] [merqutil.db] [INFO] [56923] 1 rows selected in 0.013203208101913333 s
[2026-08-24 09:18:22,289] [merq.merq_platform.impl.services.options.ivol_utils] [DEBUG] [56923] Created temp table temp_option_contract_keys with index
[2026-08-24 09:18:22,289] [merq.merq_platform.impl.services.options.ivol_utils] [DEBUG] [56923] Populating temp table with 1 option keys
[2026-08-24 09:18:22,329] [merq.merq_platform.impl.services.options.ivol_utils] [DEBUG] [56923] Inserted 1 keys into temp table in 1 batches
[2026-08-24 09:18:22,368] [merqutil.db] [DEBUG] [56923] materializing option contracts: : running sql
CREATE TEMP TABLE temp_option_contracts AS 
        SELECT
            ov.t_date,
            ov.expiration_date, ov.call_put, ov.strike, ov.root, e.mic,
            ov.stock_id, ov.root_id
        FROM ivol.option_value ov
        JOIN ivol.root_property rp
            ON rp.root_id = ov.root_id
            AND '2024-09-03 00:00:00' BETWEEN rp.t_date AND rp.term_date
        JOIN ivol.exchange e
            ON e.exchange_id = rp.exchange_id
        JOIN temp_option_contract_keys tok
            ON ov.expiration_date = tok.expiration_date
            AND ov.call_put = tok.call_put
            AND ov.strike = tok.strike
            AND ov.root = tok.root
            AND e.mic = tok.mic
        WHERE ov.t_date = '2024-09-03 00:00:00'
        UNION ALL
        SELECT
            ovn.t_date,
            ovn.expiration_date, ovn.call_put, ovn.strike, ovn.root, e.mic,
            ovn.stock_id, ovn.root_id
        FROM ivol.option_value_ns ovn
        JOIN ivol.root_property rp
            ON rp.root_id = ovn.root_id
            AND '2024-09-03 00:00:00' BETWEEN rp.t_date AND rp.term_date
        JOIN ivol.exchange e
            ON e.exchange_id = rp.exchange_id
        JOIN temp_option_contract_keys tok
            ON ovn.expiration_date = tok.expiration_date
            AND ovn.call_put = tok.call_put
            AND ovn.strike = tok.strike
            AND ovn.root = tok.root
            AND e.mic = tok.mic
        WHERE ovn.t_date = '2024-09-03 00:00:00'
    
[2026-08-24 09:18:22,409] [merqutil.db] [INFO] [56923] materializing option contracts: 1 rows created in 0.04129562503658235 s
[2026-08-24 09:18:22,489] [merqutil.db] [DEBUG] [56923] : running sql

            SELECT
                ov.root, ov.expiration_date, ov.call_put, ov.strike, ov.mic,
                replace(ss.symbol, '/', '.') as symbol
            FROM temp_option_contracts ov
            JOIN ivol.stock_symbol ss
                ON (ss.stock_id = ov.stock_id
                    AND '2024-09-03 00:00:00' BETWEEN ss.t_date AND ss.term_date
                    AND ss.symbol not like '%%%%7' -- Exclude mini options
                )
            JOIN ivol.stock s
                ON (ss.stock_id = s.stock_id)
            WHERE
                s.type IN ('S', 'F')
        
[2026-08-24 09:18:22,514] [merqutil.db] [INFO] [56923] 1 rows selected in 0.024788790848106146 s
[2026-08-24 09:18:22,515] [merqutil.db] [DEBUG] [56923] : running sql

            SELECT
                rp.symbol, e.mic
            FROM ivol.root_property rp
            JOIN ivol.exchange e
                ON e.exchange_id = rp.exchange_id
            JOIN ivol.stock s
                ON s.stock_id = rp.stock_id
            WHERE rp.symbol in ('SPY')
                AND rp.t_date <= '2024-09-03 00:00:00' AND rp.term_date >= '2024-09-03 00:00:00'
                AND s.region_id = 1;
        
[2026-08-24 09:18:22,527] [merqutil.db] [INFO] [56923] 1 rows selected in 0.012066167080774903 s
[2026-08-24 09:18:22,595] [merq.merq_platform.impl.services.options.ivol_utils] [DEBUG] [56923] Created temp table temp_option_contract_keys with index
[2026-08-24 09:18:22,595] [merq.merq_platform.impl.services.options.ivol_utils] [DEBUG] [56923] Populating temp table with 1 option keys
[2026-08-24 09:18:22,633] [merq.merq_platform.impl.services.options.ivol_utils] [DEBUG] [56923] Inserted 1 keys into temp table in 1 batches
[2026-08-24 09:18:22,673] [merqutil.db] [DEBUG] [56923] materializing option contracts: : running sql
CREATE TEMP TABLE temp_option_contracts AS 
        SELECT
            ov.t_date,
            ov.expiration_date, ov.call_put, ov.strike, ov.root, e.mic,
            ov.stock_id, ov.root_id
        FROM ivol.option_value ov
        JOIN ivol.root_property rp
            ON rp.root_id = ov.root_id
            AND '2024-09-03 00:00:00' BETWEEN rp.t_date AND rp.term_date
        JOIN ivol.exchange e
            ON e.exchange_id = rp.exchange_id
        JOIN temp_option_contract_keys tok
            ON ov.expiration_date = tok.expiration_date
            AND ov.call_put = tok.call_put
            AND ov.strike = tok.strike
            AND ov.root = tok.root
            AND e.mic = tok.mic
        WHERE ov.t_date = '2024-09-03 00:00:00'
        UNION ALL
        SELECT
            ovn.t_date,
            ovn.expiration_date, ovn.call_put, ovn.strike, ovn.root, e.mic,
            ovn.stock_id, ovn.root_id
        FROM ivol.option_value_ns ovn
        JOIN ivol.root_property rp
            ON rp.root_id = ovn.root_id
            AND '2024-09-03 00:00:00' BETWEEN rp.t_date AND rp.term_date
        JOIN ivol.exchange e
            ON e.exchange_id = rp.exchange_id
        JOIN temp_option_contract_keys tok
            ON ovn.expiration_date = tok.expiration_date
            AND ovn.call_put = tok.call_put
            AND ovn.strike = tok.strike
            AND ovn.root = tok.root
            AND e.mic = tok.mic
        WHERE ovn.t_date = '2024-09-03 00:00:00'
    
[2026-08-24 09:18:22,714] [merqutil.db] [INFO] [56923] materializing option contracts: 1 rows created in 0.04131695791147649 s
[2026-08-24 09:18:22,796] [merqutil.db] [DEBUG] [56923] : running sql

            SELECT
                ov.root, ov.expiration_date, ov.call_put, ov.strike, ov.mic,
                replace(ss.symbol, '/', '.') as symbol
            FROM temp_option_contracts ov
            JOIN ivol.stock_symbol ss
                ON (ss.stock_id = ov.stock_id
                    AND '2024-09-03 00:00:00' BETWEEN ss.t_date AND ss.term_date
                    AND ss.symbol not like '%%%%7' -- Exclude mini options
                )
            JOIN ivol.stock s
                ON (ss.stock_id = s.stock_id)
            WHERE
                s.type IN ('I')
        
[2026-08-24 09:18:22,827] [merqutil.db] [INFO] [56923] 0 rows selected in 0.03079062490724027 s
[2026-08-24 09:18:22,827] [merq.merq_platform.impl.services.options.ivol_utils] [DEBUG] [56923] Getting external id for <class 'merq.merq_platform.api.components.identifiers.merq_equity_id.MerqEquityListingId'> with 1 ids.
[2026-08-24 09:18:22,827] [merqutil.db] [DEBUG] [56923] : running sql

        SELECT
            REPLACE(ss.symbol, '/', '.') AS symbol,
            s.region_id,
            e.mic
        FROM ivol.stock_symbol ss
        JOIN ivol.stock s
            ON s.stock_id = ss.stock_id
        LEFT JOIN ivol.exchange e
            ON e.exchange_id = ss.exchange_id
        WHERE (replace(ss.symbol, '/', '.'), s.region_id) in (('SPY', 1)) AND
            '2024-09-04 00:00:00' between ss.t_date and ss.term_date
    
[2026-08-24 09:18:22,845] [merqutil.db] [INFO] [56923] 1 rows selected in 0.01716583385132253 s
[2026-08-24 09:18:22,845] [merq.merq_platform.impl.services.options.ivol_utils] [DEBUG] [56923] Getting stock ids for 1 merq_ids, effective date: 2024-09-04 00:00:00.
[2026-08-24 09:18:22,845] [merqutil.db] [DEBUG] [56923] : running sql

        SELECT
            MAX(ss.stock_id) AS stock_id,
            REPLACE(ss.symbol, '/', '.') AS symbol,
            e.mic
        FROM ivol.stock_symbol ss
        LEFT JOIN ivol.exchange e
            ON e.exchange_id = ss.exchange_id
        WHERE
            (REPLACE(ss.symbol, '/', '.'), COALESCE(e.mic, 'NA')) IN (('SPY', 'ARCX')) AND
            '2024-09-04 00:00:00' BETWEEN ss.t_date AND ss.term_date
        GROUP BY ss.symbol, e.mic
        HAVING COUNT(DISTINCT ss.stock_id) = 1
    
[2026-08-24 09:18:22,861] [merqutil.db] [INFO] [56923] 1 rows selected in 0.015901457984000444 s
[2026-08-24 09:18:22,861] [merq.merq_platform.impl.services.options.ivol_utils] [DEBUG] [56923] Found 1 symbol, mic pairs mapping to stock ids.
[2026-08-24 09:18:22,862] [merqutil.db] [DEBUG] [56923] : running sql

            SELECT ca.ex_date, ca.action_type, ca.stock_id
            FROM merq.corp_actions ca
            WHERE ca.ex_date = '2024-09-04 00:00:00' AND
                ca.action_type in ('dvd', 'spl', 'sdvd', 'sp', 'distr', 'rts') AND
                ca.stock_id in (627)
        
[2026-08-24 09:18:22,874] [merqutil.db] [INFO] [56923] 0 rows selected in 0.012114624958485365 s
[2026-08-24 09:18:22,874] [merqutil.db] [DEBUG] [56923] : running sql

        SELECT d.stock_id, d.last_dvd_date, d.last_dvd_amount, d.real_last_dvd_amount, d.dvd_ccy
        FROM ivol.dividend d
        WHERE d.last_dvd_date = '2024-09-04 00:00:00' AND
            d.stock_id in (627)
        
[2026-08-24 09:18:22,886] [merqutil.db] [INFO] [56923] 0 rows selected in 0.012044833973050117 s
[2026-08-24 09:18:22,887] [merqutil.db] [DEBUG] [56923] : running sql

            SELECT COUNT(*)
            FROM merq.corp_actions ca
            JOIN ivol.root_property rp
                ON (
                    rp.stock_id=ca.stock_id
                )
            WHERE (ca.ex_date='2024-09-03 00:00:00' OR ca.ex_date='2024-09-04 00:00:00')
                AND ca.action_type='rn'
                AND rp.action_type='RootRn'
                AND rp.t_date='2024-09-04 00:00:00'
                AND ca.stock_id IN (627);
        
[2026-08-24 09:18:22,900] [merqutil.db] [INFO] [56923] 1 rows selected in 0.012666750000789762 s
[2026-08-24 09:18:22,902] [merq.merq_platform.api.components.computation_pipeline.level_computers.standard_level_computer] [DEBUG] [56923] Equities contribution to index level: 1013.9024076692808
[2026-08-24 09:18:22,902] [merq.merq_platform.api.components.computation_pipeline.level_computers.standard_level_computer] [DEBUG] [56923] Options contribution to index level: -7.336871682797323
[2026-08-24 09:18:22,902] [merq.merq_platform.api.components.computation_pipeline.level_computers.standard_level_computer] [DEBUG] [56923] Cash contribution to index level: 16.20723219040974
[2026-08-24 09:18:22,903] [merq.merq_platform.api.components.computation_pipeline.level_computers.standard_level_computer] [DEBUG] [56923] Equities contribution to index level: 1011.8271473434833
[2026-08-24 09:18:22,903] [merq.merq_platform.api.components.computation_pipeline.level_computers.standard_level_computer] [DEBUG] [56923] Options contribution to index level: -6.2165984095792055
[2026-08-24 09:18:22,903] [merq.merq_platform.api.components.computation_pipeline.level_computers.standard_level_computer] [DEBUG] [56923] Cash contribution to index level: 16.20723219040974
[2026-08-24 09:18:22,903] [merq.merq_platform.api.indices.multi_asset.multi_asset_base_index] [INFO] [56923] Computed index level for 2024-09-04 00:00:00 as 1021.8177811243138
[2026-08-24 09:18:22,904] [merq.merq_platform.api.components.computation_pipeline.level_computers.standard_level_computer] [DEBUG] [56923] Equities contribution to index level: 1011.8271473434833
[2026-08-24 09:18:22,904] [merq.merq_platform.api.components.computation_pipeline.level_computers.standard_level_computer] [DEBUG] [56923] Options contribution to index level: -6.2165984095792055
[2026-08-24 09:18:22,904] [merq.merq_platform.api.components.computation_pipeline.level_computers.standard_level_computer] [DEBUG] [56923] Cash contribution to index level: 16.20723219040974
[2026-08-24 09:18:22,919] [merq.merq_platform.api.indices.multi_asset.multi_asset_base_index] [DEBUG] [56923] Loaded in portfolio for date 2024-09-04 00:00:00
[2026-08-24 09:18:22,919] [merq.merq_platform.api.components.computation_pipeline.corax_loaders.index_corporate_actions_loader] [DEBUG] [56923] Loading corporate actions for el merq ids in unknown from 2024-09-05 00:00:00 to 2024-09-05 00:00:00...
[2026-08-24 09:18:22,919] [merq.merq_platform.api.components.computation_pipeline.corax_loaders.index_corporate_actions_loader] [DEBUG] [56923] Loading corporate actions for op merq ids in unknown from 2024-09-05 00:00:00 to 2024-09-05 00:00:00...
[2026-08-24 09:18:22,919] [merq.merq_platform.impl.services.options.ivol_reference_data_provider] [DEBUG] [56923] Getting underlying for 1 option contracts on eff_date: 2024-09-04 00:00:00
[2026-08-24 09:18:22,919] [merqutil.db] [DEBUG] [56923] : running sql

            SELECT
                rp.symbol, e.mic
            FROM ivol.root_property rp
            JOIN ivol.exchange e
                ON e.exchange_id = rp.exchange_id
            JOIN ivol.stock s
                ON s.stock_id = rp.stock_id
            WHERE rp.symbol in ('SPY')
                AND rp.t_date <= '2024-09-04 00:00:00' AND rp.term_date >= '2024-09-04 00:00:00'
                AND s.region_id = 1;
        
[2026-08-24 09:18:22,932] [merqutil.db] [INFO] [56923] 1 rows selected in 0.012808333151042461 s
[2026-08-24 09:18:22,999] [merq.merq_platform.impl.services.options.ivol_utils] [DEBUG] [56923] Created temp table temp_option_contract_keys with index
[2026-08-24 09:18:22,999] [merq.merq_platform.impl.services.options.ivol_utils] [DEBUG] [56923] Populating temp table with 1 option keys
[2026-08-24 09:18:23,037] [merq.merq_platform.impl.services.options.ivol_utils] [DEBUG] [56923] Inserted 1 keys into temp table in 1 batches
[2026-08-24 09:18:23,079] [merqutil.db] [DEBUG] [56923] materializing option contracts: : running sql
CREATE TEMP TABLE temp_option_contracts AS 
        SELECT
            ov.t_date,
            ov.expiration_date, ov.call_put, ov.strike, ov.root, e.mic,
            ov.stock_id, ov.root_id
        FROM ivol.option_value ov
        JOIN ivol.root_property rp
            ON rp.root_id = ov.root_id
            AND '2024-09-04 00:00:00' BETWEEN rp.t_date AND rp.term_date
        JOIN ivol.exchange e
            ON e.exchange_id = rp.exchange_id
        JOIN temp_option_contract_keys tok
            ON ov.expiration_date = tok.expiration_date
            AND ov.call_put = tok.call_put
            AND ov.strike = tok.strike
            AND ov.root = tok.root
            AND e.mic = tok.mic
        WHERE ov.t_date = '2024-09-04 00:00:00'
        UNION ALL
        SELECT
            ovn.t_date,
            ovn.expiration_date, ovn.call_put, ovn.strike, ovn.root, e.mic,
            ovn.stock_id, ovn.root_id
        FROM ivol.option_value_ns ovn
        JOIN ivol.root_property rp
            ON rp.root_id = ovn.root_id
            AND '2024-09-04 00:00:00' BETWEEN rp.t_date AND rp.term_date
        JOIN ivol.exchange e
            ON e.exchange_id = rp.exchange_id
        JOIN temp_option_contract_keys tok
            ON ovn.expiration_date = tok.expiration_date
            AND ovn.call_put = tok.call_put
            AND ovn.strike = tok.strike
            AND ovn.root = tok.root
            AND e.mic = tok.mic
        WHERE ovn.t_date = '2024-09-04 00:00:00'
    
[2026-08-24 09:18:23,122] [merqutil.db] [INFO] [56923] materializing option contracts: 1 rows created in 0.04290112480521202 s
[2026-08-24 09:18:23,201] [merqutil.db] [DEBUG] [56923] : running sql

            SELECT
                ov.root, ov.expiration_date, ov.call_put, ov.strike, ov.mic,
                replace(ss.symbol, '/', '.') as symbol
            FROM temp_option_contracts ov
            JOIN ivol.stock_symbol ss
                ON (ss.stock_id = ov.stock_id
                    AND '2024-09-04 00:00:00' BETWEEN ss.t_date AND ss.term_date
                    AND ss.symbol not like '%%%%7' -- Exclude mini options
                )
            JOIN ivol.stock s
                ON (ss.stock_id = s.stock_id)
            WHERE
                s.type IN ('S', 'F')
        
[2026-08-24 09:18:23,227] [merqutil.db] [INFO] [56923] 1 rows selected in 0.025791915832087398 s
[2026-08-24 09:18:23,227] [merqutil.db] [DEBUG] [56923] : running sql

            SELECT
                rp.symbol, e.mic
            FROM ivol.root_property rp
            JOIN ivol.exchange e
                ON e.exchange_id = rp.exchange_id
            JOIN ivol.stock s
                ON s.stock_id = rp.stock_id
            WHERE rp.symbol in ('SPY')
                AND rp.t_date <= '2024-09-04 00:00:00' AND rp.term_date >= '2024-09-04 00:00:00'
                AND s.region_id = 1;
        
[2026-08-24 09:18:23,239] [merqutil.db] [INFO] [56923] 1 rows selected in 0.011691457824781537 s
[2026-08-24 09:18:23,308] [merq.merq_platform.impl.services.options.ivol_utils] [DEBUG] [56923] Created temp table temp_option_contract_keys with index
[2026-08-24 09:18:23,308] [merq.merq_platform.impl.services.options.ivol_utils] [DEBUG] [56923] Populating temp table with 1 option keys
[2026-08-24 09:18:23,351] [merq.merq_platform.impl.services.options.ivol_utils] [DEBUG] [56923] Inserted 1 keys into temp table in 1 batches
[2026-08-24 09:18:23,390] [merqutil.db] [DEBUG] [56923] materializing option contracts: : running sql
CREATE TEMP TABLE temp_option_contracts AS 
        SELECT
            ov.t_date,
            ov.expiration_date, ov.call_put, ov.strike, ov.root, e.mic,
            ov.stock_id, ov.root_id
        FROM ivol.option_value ov
        JOIN ivol.root_property rp
            ON rp.root_id = ov.root_id
            AND '2024-09-04 00:00:00' BETWEEN rp.t_date AND rp.term_date
        JOIN ivol.exchange e
            ON e.exchange_id = rp.exchange_id
        JOIN temp_option_contract_keys tok
            ON ov.expiration_date = tok.expiration_date
            AND ov.call_put = tok.call_put
            AND ov.strike = tok.strike
            AND ov.root = tok.root
            AND e.mic = tok.mic
        WHERE ov.t_date = '2024-09-04 00:00:00'
        UNION ALL
        SELECT
            ovn.t_date,
            ovn.expiration_date, ovn.call_put, ovn.strike, ovn.root, e.mic,
            ovn.stock_id, ovn.root_id
        FROM ivol.option_value_ns ovn
        JOIN ivol.root_property rp
            ON rp.root_id = ovn.root_id
            AND '2024-09-04 00:00:00' BETWEEN rp.t_date AND rp.term_date
        JOIN ivol.exchange e
            ON e.exchange_id = rp.exchange_id
        JOIN temp_option_contract_keys tok
            ON ovn.expiration_date = tok.expiration_date
            AND ovn.call_put = tok.call_put
            AND ovn.strike = tok.strike
            AND ovn.root = tok.root
            AND e.mic = tok.mic
        WHERE ovn.t_date = '2024-09-04 00:00:00'
    
[2026-08-24 09:18:23,435] [merqutil.db] [INFO] [56923] materializing option contracts: 1 rows created in 0.04436337482184172 s
[2026-08-24 09:18:23,517] [merqutil.db] [DEBUG] [56923] : running sql

            SELECT
                ov.root, ov.expiration_date, ov.call_put, ov.strike, ov.mic,
                replace(ss.symbol, '/', '.') as symbol
            FROM temp_option_contracts ov
            JOIN ivol.stock_symbol ss
                ON (ss.stock_id = ov.stock_id
                    AND '2024-09-04 00:00:00' BETWEEN ss.t_date AND ss.term_date
                    AND ss.symbol not like '%%%%7' -- Exclude mini options
                )
            JOIN ivol.stock s
                ON (ss.stock_id = s.stock_id)
            WHERE
                s.type IN ('I')
        
[2026-08-24 09:18:23,542] [merqutil.db] [INFO] [56923] 0 rows selected in 0.02454758295789361 s
[2026-08-24 09:18:23,542] [merq.merq_platform.impl.services.options.ivol_utils] [DEBUG] [56923] Getting external id for <class 'merq.merq_platform.api.components.identifiers.merq_equity_id.MerqEquityListingId'> with 1 ids.
[2026-08-24 09:18:23,543] [merqutil.db] [DEBUG] [56923] : running sql

        SELECT
            REPLACE(ss.symbol, '/', '.') AS symbol,
            s.region_id,
            e.mic
        FROM ivol.stock_symbol ss
        JOIN ivol.stock s
            ON s.stock_id = ss.stock_id
        LEFT JOIN ivol.exchange e
            ON e.exchange_id = ss.exchange_id
        WHERE (replace(ss.symbol, '/', '.'), s.region_id) in (('SPY', 1)) AND
            '2024-09-05 00:00:00' between ss.t_date and ss.term_date
    
[2026-08-24 09:18:23,560] [merqutil.db] [INFO] [56923] 1 rows selected in 0.017047459026798606 s
[2026-08-24 09:18:23,560] [merq.merq_platform.impl.services.options.ivol_utils] [DEBUG] [56923] Getting stock ids for 1 merq_ids, effective date: 2024-09-05 00:00:00.
[2026-08-24 09:18:23,561] [merqutil.db] [DEBUG] [56923] : running sql

        SELECT
            MAX(ss.stock_id) AS stock_id,
            REPLACE(ss.symbol, '/', '.') AS symbol,
            e.mic
        FROM ivol.stock_symbol ss
        LEFT JOIN ivol.exchange e
            ON e.exchange_id = ss.exchange_id
        WHERE
            (REPLACE(ss.symbol, '/', '.'), COALESCE(e.mic, 'NA')) IN (('SPY', 'ARCX')) AND
            '2024-09-05 00:00:00' BETWEEN ss.t_date AND ss.term_date
        GROUP BY ss.symbol, e.mic
        HAVING COUNT(DISTINCT ss.stock_id) = 1
    
[2026-08-24 09:18:23,578] [merqutil.db] [INFO] [56923] 1 rows selected in 0.01766783301718533 s
[2026-08-24 09:18:23,578] [merq.merq_platform.impl.services.options.ivol_utils] [DEBUG] [56923] Found 1 symbol, mic pairs mapping to stock ids.
[2026-08-24 09:18:23,579] [merqutil.db] [DEBUG] [56923] : running sql

            SELECT ca.ex_date, ca.action_type, ca.stock_id
            FROM merq.corp_actions ca
            WHERE ca.ex_date = '2024-09-05 00:00:00' AND
                ca.action_type in ('dvd', 'spl', 'sdvd', 'sp', 'distr', 'rts') AND
                ca.stock_id in (627)
        
[2026-08-24 09:18:23,591] [merqutil.db] [INFO] [56923] 0 rows selected in 0.012626374838873744 s
[2026-08-24 09:18:23,592] [merqutil.db] [DEBUG] [56923] : running sql

        SELECT d.stock_id, d.last_dvd_date, d.last_dvd_amount, d.real_last_dvd_amount, d.dvd_ccy
        FROM ivol.dividend d
        WHERE d.last_dvd_date = '2024-09-05 00:00:00' AND
            d.stock_id in (627)
        
[2026-08-24 09:18:23,605] [merqutil.db] [INFO] [56923] 0 rows selected in 0.01283775013871491 s
[2026-08-24 09:18:23,605] [merqutil.db] [DEBUG] [56923] : running sql

            SELECT COUNT(*)
            FROM merq.corp_actions ca
            JOIN ivol.root_property rp
                ON (
                    rp.stock_id=ca.stock_id
                )
            WHERE (ca.ex_date='2024-09-04 00:00:00' OR ca.ex_date='2024-09-05 00:00:00')
                AND ca.action_type='rn'
                AND rp.action_type='RootRn'
                AND rp.t_date='2024-09-05 00:00:00'
                AND ca.stock_id IN (627);
        
[2026-08-24 09:18:23,618] [merqutil.db] [INFO] [56923] 1 rows selected in 0.013172625098377466 s
[2026-08-24 09:18:23,620] [merq.merq_platform.api.components.computation_pipeline.level_computers.standard_level_computer] [DEBUG] [56923] Equities contribution to index level: 1011.8271473434833
[2026-08-24 09:18:23,620] [merq.merq_platform.api.components.computation_pipeline.level_computers.standard_level_computer] [DEBUG] [56923] Options contribution to index level: -6.2165984095792055
[2026-08-24 09:18:23,620] [merq.merq_platform.api.components.computation_pipeline.level_computers.standard_level_computer] [DEBUG] [56923] Cash contribution to index level: 16.20723219040974
[2026-08-24 09:18:23,621] [merq.merq_platform.api.components.computation_pipeline.level_computers.standard_level_computer] [DEBUG] [56923] Equities contribution to index level: 1009.3662191695287
[2026-08-24 09:18:23,622] [merq.merq_platform.api.components.computation_pipeline.level_computers.standard_level_computer] [DEBUG] [56923] Options contribution to index level: -4.692292152577579
[2026-08-24 09:18:23,622] [merq.merq_platform.api.components.computation_pipeline.level_computers.standard_level_computer] [DEBUG] [56923] Cash contribution to index level: 16.20723219040974
[2026-08-24 09:18:23,622] [merq.merq_platform.api.indices.multi_asset.multi_asset_base_index] [INFO] [56923] Computed index level for 2024-09-05 00:00:00 as 1020.8811592073608
[2026-08-24 09:18:23,623] [merq.merq_platform.api.components.computation_pipeline.level_computers.standard_level_computer] [DEBUG] [56923] Equities contribution to index level: 1009.3662191695287
[2026-08-24 09:18:23,623] [merq.merq_platform.api.components.computation_pipeline.level_computers.standard_level_computer] [DEBUG] [56923] Options contribution to index level: -4.692292152577579
[2026-08-24 09:18:23,623] [merq.merq_platform.api.components.computation_pipeline.level_computers.standard_level_computer] [DEBUG] [56923] Cash contribution to index level: 16.20723219040974
[2026-08-24 09:18:23,639] [merq.merq_platform.api.indices.multi_asset.multi_asset_base_index] [DEBUG] [56923] Loaded in portfolio for date 2024-09-05 00:00:00
[2026-08-24 09:18:23,639] [merq.merq_platform.api.components.computation_pipeline.corax_loaders.index_corporate_actions_loader] [DEBUG] [56923] Loading corporate actions for el merq ids in unknown from 2024-09-06 00:00:00 to 2024-09-06 00:00:00...
[2026-08-24 09:18:23,640] [merq.merq_platform.api.components.computation_pipeline.corax_loaders.index_corporate_actions_loader] [DEBUG] [56923] Loading corporate actions for op merq ids in unknown from 2024-09-06 00:00:00 to 2024-09-06 00:00:00...
[2026-08-24 09:18:23,640] [merq.merq_platform.impl.services.options.ivol_reference_data_provider] [DEBUG] [56923] Getting underlying for 1 option contracts on eff_date: 2024-09-05 00:00:00
[2026-08-24 09:18:23,641] [merqutil.db] [DEBUG] [56923] : running sql

            SELECT
                rp.symbol, e.mic
            FROM ivol.root_property rp
            JOIN ivol.exchange e
                ON e.exchange_id = rp.exchange_id
            JOIN ivol.stock s
                ON s.stock_id = rp.stock_id
            WHERE rp.symbol in ('SPY')
                AND rp.t_date <= '2024-09-05 00:00:00' AND rp.term_date >= '2024-09-05 00:00:00'
                AND s.region_id = 1;
        
[2026-08-24 09:18:23,653] [merqutil.db] [INFO] [56923] 1 rows selected in 0.01274933316744864 s
[2026-08-24 09:18:23,718] [merq.merq_platform.impl.services.options.ivol_utils] [DEBUG] [56923] Created temp table temp_option_contract_keys with index
[2026-08-24 09:18:23,718] [merq.merq_platform.impl.services.options.ivol_utils] [DEBUG] [56923] Populating temp table with 1 option keys
[2026-08-24 09:18:23,755] [merq.merq_platform.impl.services.options.ivol_utils] [DEBUG] [56923] Inserted 1 keys into temp table in 1 batches
[2026-08-24 09:18:23,793] [merqutil.db] [DEBUG] [56923] materializing option contracts: : running sql
CREATE TEMP TABLE temp_option_contracts AS 
        SELECT
            ov.t_date,
            ov.expiration_date, ov.call_put, ov.strike, ov.root, e.mic,
            ov.stock_id, ov.root_id
        FROM ivol.option_value ov
        JOIN ivol.root_property rp
            ON rp.root_id = ov.root_id
            AND '2024-09-05 00:00:00' BETWEEN rp.t_date AND rp.term_date
        JOIN ivol.exchange e
            ON e.exchange_id = rp.exchange_id
        JOIN temp_option_contract_keys tok
            ON ov.expiration_date = tok.expiration_date
            AND ov.call_put = tok.call_put
            AND ov.strike = tok.strike
            AND ov.root = tok.root
            AND e.mic = tok.mic
        WHERE ov.t_date = '2024-09-05 00:00:00'
        UNION ALL
        SELECT
            ovn.t_date,
            ovn.expiration_date, ovn.call_put, ovn.strike, ovn.root, e.mic,
            ovn.stock_id, ovn.root_id
        FROM ivol.option_value_ns ovn
        JOIN ivol.root_property rp
            ON rp.root_id = ovn.root_id
            AND '2024-09-05 00:00:00' BETWEEN rp.t_date AND rp.term_date
        JOIN ivol.exchange e
            ON e.exchange_id = rp.exchange_id
        JOIN temp_option_contract_keys tok
            ON ovn.expiration_date = tok.expiration_date
            AND ovn.call_put = tok.call_put
            AND ovn.strike = tok.strike
            AND ovn.root = tok.root
            AND e.mic = tok.mic
        WHERE ovn.t_date = '2024-09-05 00:00:00'
    
[2026-08-24 09:18:23,833] [merqutil.db] [INFO] [56923] materializing option contracts: 1 rows created in 0.03958629094995558 s
[2026-08-24 09:18:23,909] [merqutil.db] [DEBUG] [56923] : running sql

            SELECT
                ov.root, ov.expiration_date, ov.call_put, ov.strike, ov.mic,
                replace(ss.symbol, '/', '.') as symbol
            FROM temp_option_contracts ov
            JOIN ivol.stock_symbol ss
                ON (ss.stock_id = ov.stock_id
                    AND '2024-09-05 00:00:00' BETWEEN ss.t_date AND ss.term_date
                    AND ss.symbol not like '%%%%7' -- Exclude mini options
                )
            JOIN ivol.stock s
                ON (ss.stock_id = s.stock_id)
            WHERE
                s.type IN ('S', 'F')
        
[2026-08-24 09:18:23,935] [merqutil.db] [INFO] [56923] 1 rows selected in 0.02590366592630744 s
[2026-08-24 09:18:23,936] [merqutil.db] [DEBUG] [56923] : running sql

            SELECT
                rp.symbol, e.mic
            FROM ivol.root_property rp
            JOIN ivol.exchange e
                ON e.exchange_id = rp.exchange_id
            JOIN ivol.stock s
                ON s.stock_id = rp.stock_id
            WHERE rp.symbol in ('SPY')
                AND rp.t_date <= '2024-09-05 00:00:00' AND rp.term_date >= '2024-09-05 00:00:00'
                AND s.region_id = 1;
        
[2026-08-24 09:18:23,949] [merqutil.db] [INFO] [56923] 1 rows selected in 0.012981249950826168 s
[2026-08-24 09:18:24,018] [merq.merq_platform.impl.services.options.ivol_utils] [DEBUG] [56923] Created temp table temp_option_contract_keys with index
[2026-08-24 09:18:24,018] [merq.merq_platform.impl.services.options.ivol_utils] [DEBUG] [56923] Populating temp table with 1 option keys
[2026-08-24 09:18:24,057] [merq.merq_platform.impl.services.options.ivol_utils] [DEBUG] [56923] Inserted 1 keys into temp table in 1 batches
[2026-08-24 09:18:24,097] [merqutil.db] [DEBUG] [56923] materializing option contracts: : running sql
CREATE TEMP TABLE temp_option_contracts AS 
        SELECT
            ov.t_date,
            ov.expiration_date, ov.call_put, ov.strike, ov.root, e.mic,
            ov.stock_id, ov.root_id
        FROM ivol.option_value ov
        JOIN ivol.root_property rp
            ON rp.root_id = ov.root_id
            AND '2024-09-05 00:00:00' BETWEEN rp.t_date AND rp.term_date
        JOIN ivol.exchange e
            ON e.exchange_id = rp.exchange_id
        JOIN temp_option_contract_keys tok
            ON ov.expiration_date = tok.expiration_date
            AND ov.call_put = tok.call_put
            AND ov.strike = tok.strike
            AND ov.root = tok.root
            AND e.mic = tok.mic
        WHERE ov.t_date = '2024-09-05 00:00:00'
        UNION ALL
        SELECT
            ovn.t_date,
            ovn.expiration_date, ovn.call_put, ovn.strike, ovn.root, e.mic,
            ovn.stock_id, ovn.root_id
        FROM ivol.option_value_ns ovn
        JOIN ivol.root_property rp
            ON rp.root_id = ovn.root_id
            AND '2024-09-05 00:00:00' BETWEEN rp.t_date AND rp.term_date
        JOIN ivol.exchange e
            ON e.exchange_id = rp.exchange_id
        JOIN temp_option_contract_keys tok
            ON ovn.expiration_date = tok.expiration_date
            AND ovn.call_put = tok.call_put
            AND ovn.strike = tok.strike
            AND ovn.root = tok.root
            AND e.mic = tok.mic
        WHERE ovn.t_date = '2024-09-05 00:00:00'
    
[2026-08-24 09:18:24,140] [merqutil.db] [INFO] [56923] materializing option contracts: 1 rows created in 0.04222241695970297 s
[2026-08-24 09:18:24,219] [merqutil.db] [DEBUG] [56923] : running sql

            SELECT
                ov.root, ov.expiration_date, ov.call_put, ov.strike, ov.mic,
                replace(ss.symbol, '/', '.') as symbol
            FROM temp_option_contracts ov
            JOIN ivol.stock_symbol ss
                ON (ss.stock_id = ov.stock_id
                    AND '2024-09-05 00:00:00' BETWEEN ss.t_date AND ss.term_date
                    AND ss.symbol not like '%%%%7' -- Exclude mini options
                )
            JOIN ivol.stock s
                ON (ss.stock_id = s.stock_id)
            WHERE
                s.type IN ('I')
        
[2026-08-24 09:18:24,246] [merqutil.db] [INFO] [56923] 0 rows selected in 0.0263563331682235 s
[2026-08-24 09:18:24,246] [merq.merq_platform.impl.services.options.ivol_utils] [DEBUG] [56923] Getting external id for <class 'merq.merq_platform.api.components.identifiers.merq_equity_id.MerqEquityListingId'> with 1 ids.
[2026-08-24 09:18:24,246] [merqutil.db] [DEBUG] [56923] : running sql

        SELECT
            REPLACE(ss.symbol, '/', '.') AS symbol,
            s.region_id,
            e.mic
        FROM ivol.stock_symbol ss
        JOIN ivol.stock s
            ON s.stock_id = ss.stock_id
        LEFT JOIN ivol.exchange e
            ON e.exchange_id = ss.exchange_id
        WHERE (replace(ss.symbol, '/', '.'), s.region_id) in (('SPY', 1)) AND
            '2024-09-06 00:00:00' between ss.t_date and ss.term_date
    
[2026-08-24 09:18:24,264] [merqutil.db] [INFO] [56923] 1 rows selected in 0.017071416834369302 s
[2026-08-24 09:18:24,264] [merq.merq_platform.impl.services.options.ivol_utils] [DEBUG] [56923] Getting stock ids for 1 merq_ids, effective date: 2024-09-06 00:00:00.
[2026-08-24 09:18:24,264] [merqutil.db] [DEBUG] [56923] : running sql

        SELECT
            MAX(ss.stock_id) AS stock_id,
            REPLACE(ss.symbol, '/', '.') AS symbol,
            e.mic
        FROM ivol.stock_symbol ss
        LEFT JOIN ivol.exchange e
            ON e.exchange_id = ss.exchange_id
        WHERE
            (REPLACE(ss.symbol, '/', '.'), COALESCE(e.mic, 'NA')) IN (('SPY', 'ARCX')) AND
            '2024-09-06 00:00:00' BETWEEN ss.t_date AND ss.term_date
        GROUP BY ss.symbol, e.mic
        HAVING COUNT(DISTINCT ss.stock_id) = 1
    
[2026-08-24 09:18:24,280] [merqutil.db] [INFO] [56923] 1 rows selected in 0.01624762499704957 s
[2026-08-24 09:18:24,280] [merq.merq_platform.impl.services.options.ivol_utils] [DEBUG] [56923] Found 1 symbol, mic pairs mapping to stock ids.
[2026-08-24 09:18:24,281] [merqutil.db] [DEBUG] [56923] : running sql

            SELECT ca.ex_date, ca.action_type, ca.stock_id
            FROM merq.corp_actions ca
            WHERE ca.ex_date = '2024-09-06 00:00:00' AND
                ca.action_type in ('dvd', 'spl', 'sdvd', 'sp', 'distr', 'rts') AND
                ca.stock_id in (627)
        
[2026-08-24 09:18:24,294] [merqutil.db] [INFO] [56923] 0 rows selected in 0.0125174589920789 s
[2026-08-24 09:18:24,294] [merqutil.db] [DEBUG] [56923] : running sql

        SELECT d.stock_id, d.last_dvd_date, d.last_dvd_amount, d.real_last_dvd_amount, d.dvd_ccy
        FROM ivol.dividend d
        WHERE d.last_dvd_date = '2024-09-06 00:00:00' AND
            d.stock_id in (627)
        
[2026-08-24 09:18:24,306] [merqutil.db] [INFO] [56923] 0 rows selected in 0.012153040850535035 s
[2026-08-24 09:18:24,306] [merqutil.db] [DEBUG] [56923] : running sql

            SELECT COUNT(*)
            FROM merq.corp_actions ca
            JOIN ivol.root_property rp
                ON (
                    rp.stock_id=ca.stock_id
                )
            WHERE (ca.ex_date='2024-09-05 00:00:00' OR ca.ex_date='2024-09-06 00:00:00')
                AND ca.action_type='rn'
                AND rp.action_type='RootRn'
                AND rp.t_date='2024-09-06 00:00:00'
                AND ca.stock_id IN (627);
        
[2026-08-24 09:18:24,319] [merqutil.db] [INFO] [56923] 1 rows selected in 0.012733374955132604 s
[2026-08-24 09:18:24,321] [merq.merq_platform.api.components.computation_pipeline.level_computers.standard_level_computer] [DEBUG] [56923] Equities contribution to index level: 1009.3662191695287
[2026-08-24 09:18:24,321] [merq.merq_platform.api.components.computation_pipeline.level_computers.standard_level_computer] [DEBUG] [56923] Options contribution to index level: -4.692292152577579
[2026-08-24 09:18:24,321] [merq.merq_platform.api.components.computation_pipeline.level_computers.standard_level_computer] [DEBUG] [56923] Cash contribution to index level: 16.20723219040974
[2026-08-24 09:18:24,322] [merq.merq_platform.api.components.computation_pipeline.level_computers.standard_level_computer] [DEBUG] [56923] Equities contribution to index level: 992.3784687149915
[2026-08-24 09:18:24,322] [merq.merq_platform.api.components.computation_pipeline.level_computers.standard_level_computer] [DEBUG] [56923] Options contribution to index level: -1.65286220638734
[2026-08-24 09:18:24,323] [merq.merq_platform.api.components.computation_pipeline.level_computers.standard_level_computer] [DEBUG] [56923] Cash contribution to index level: 16.20723219040974
[2026-08-24 09:18:24,323] [merq.merq_platform.api.indices.multi_asset.multi_asset_base_index] [INFO] [56923] Computed index level for 2024-09-06 00:00:00 as 1006.9328386990139
[2026-08-24 09:18:24,324] [merq.merq_platform.api.components.computation_pipeline.level_computers.standard_level_computer] [DEBUG] [56923] Equities contribution to index level: 992.3784687149915
[2026-08-24 09:18:24,324] [merq.merq_platform.api.components.computation_pipeline.level_computers.standard_level_computer] [DEBUG] [56923] Options contribution to index level: -1.65286220638734
[2026-08-24 09:18:24,324] [merq.merq_platform.api.components.computation_pipeline.level_computers.standard_level_computer] [DEBUG] [56923] Cash contribution to index level: 16.20723219040974
[2026-08-24 09:18:24,338] [merq.merq_platform.api.indices.multi_asset.multi_asset_base_index] [DEBUG] [56923] Loaded in portfolio for date 2024-09-06 00:00:00
[2026-08-24 09:18:24,339] [merq.merq_platform.api.components.computation_pipeline.corax_loaders.index_corporate_actions_loader] [DEBUG] [56923] Loading corporate actions for el merq ids in unknown from 2024-09-07 00:00:00 to 2024-09-09 00:00:00...
[2026-08-24 09:18:24,339] [merq.merq_platform.api.components.computation_pipeline.corax_loaders.index_corporate_actions_loader] [DEBUG] [56923] Loading corporate actions for op merq ids in unknown from 2024-09-07 00:00:00 to 2024-09-09 00:00:00...
[2026-08-24 09:18:24,339] [merq.merq_platform.impl.services.options.ivol_reference_data_provider] [DEBUG] [56923] Getting underlying for 1 option contracts on eff_date: 2024-09-06 00:00:00
[2026-08-24 09:18:24,340] [merqutil.db] [DEBUG] [56923] : running sql

            SELECT
                rp.symbol, e.mic
            FROM ivol.root_property rp
            JOIN ivol.exchange e
                ON e.exchange_id = rp.exchange_id
            JOIN ivol.stock s
                ON s.stock_id = rp.stock_id
            WHERE rp.symbol in ('SPY')
                AND rp.t_date <= '2024-09-06 00:00:00' AND rp.term_date >= '2024-09-06 00:00:00'
                AND s.region_id = 1;
        
[2026-08-24 09:18:24,352] [merqutil.db] [INFO] [56923] 1 rows selected in 0.012593167135491967 s
[2026-08-24 09:18:24,416] [merq.merq_platform.impl.services.options.ivol_utils] [DEBUG] [56923] Created temp table temp_option_contract_keys with index
[2026-08-24 09:18:24,416] [merq.merq_platform.impl.services.options.ivol_utils] [DEBUG] [56923] Populating temp table with 1 option keys
[2026-08-24 09:18:24,453] [merq.merq_platform.impl.services.options.ivol_utils] [DEBUG] [56923] Inserted 1 keys into temp table in 1 batches
[2026-08-24 09:18:24,492] [merqutil.db] [DEBUG] [56923] materializing option contracts: : running sql
CREATE TEMP TABLE temp_option_contracts AS 
        SELECT
            ov.t_date,
            ov.expiration_date, ov.call_put, ov.strike, ov.root, e.mic,
            ov.stock_id, ov.root_id
        FROM ivol.option_value ov
        JOIN ivol.root_property rp
            ON rp.root_id = ov.root_id
            AND '2024-09-06 00:00:00' BETWEEN rp.t_date AND rp.term_date
        JOIN ivol.exchange e
            ON e.exchange_id = rp.exchange_id
        JOIN temp_option_contract_keys tok
            ON ov.expiration_date = tok.expiration_date
            AND ov.call_put = tok.call_put
            AND ov.strike = tok.strike
            AND ov.root = tok.root
            AND e.mic = tok.mic
        WHERE ov.t_date = '2024-09-06 00:00:00'
        UNION ALL
        SELECT
            ovn.t_date,
            ovn.expiration_date, ovn.call_put, ovn.strike, ovn.root, e.mic,
            ovn.stock_id, ovn.root_id
        FROM ivol.option_value_ns ovn
        JOIN ivol.root_property rp
            ON rp.root_id = ovn.root_id
            AND '2024-09-06 00:00:00' BETWEEN rp.t_date AND rp.term_date
        JOIN ivol.exchange e
            ON e.exchange_id = rp.exchange_id
        JOIN temp_option_contract_keys tok
            ON ovn.expiration_date = tok.expiration_date
            AND ovn.call_put = tok.call_put
            AND ovn.strike = tok.strike
            AND ovn.root = tok.root
            AND e.mic = tok.mic
        WHERE ovn.t_date = '2024-09-06 00:00:00'
    
[2026-08-24 09:18:24,534] [merqutil.db] [INFO] [56923] materializing option contracts: 1 rows created in 0.0411815419793129 s
[2026-08-24 09:18:24,615] [merqutil.db] [DEBUG] [56923] : running sql

            SELECT
                ov.root, ov.expiration_date, ov.call_put, ov.strike, ov.mic,
                replace(ss.symbol, '/', '.') as symbol
            FROM temp_option_contracts ov
            JOIN ivol.stock_symbol ss
                ON (ss.stock_id = ov.stock_id
                    AND '2024-09-06 00:00:00' BETWEEN ss.t_date AND ss.term_date
                    AND ss.symbol not like '%%%%7' -- Exclude mini options
                )
            JOIN ivol.stock s
                ON (ss.stock_id = s.stock_id)
            WHERE
                s.type IN ('S', 'F')
        
[2026-08-24 09:18:24,640] [merqutil.db] [INFO] [56923] 1 rows selected in 0.02475575008429587 s
[2026-08-24 09:18:24,641] [merqutil.db] [DEBUG] [56923] : running sql

            SELECT
                rp.symbol, e.mic
            FROM ivol.root_property rp
            JOIN ivol.exchange e
                ON e.exchange_id = rp.exchange_id
            JOIN ivol.stock s
                ON s.stock_id = rp.stock_id
            WHERE rp.symbol in ('SPY')
                AND rp.t_date <= '2024-09-06 00:00:00' AND rp.term_date >= '2024-09-06 00:00:00'
                AND s.region_id = 1;
        
[2026-08-24 09:18:24,654] [merqutil.db] [INFO] [56923] 1 rows selected in 0.013209625147283077 s
[2026-08-24 09:18:24,720] [merq.merq_platform.impl.services.options.ivol_utils] [DEBUG] [56923] Created temp table temp_option_contract_keys with index
[2026-08-24 09:18:24,720] [merq.merq_platform.impl.services.options.ivol_utils] [DEBUG] [56923] Populating temp table with 1 option keys
[2026-08-24 09:18:24,765] [merq.merq_platform.impl.services.options.ivol_utils] [DEBUG] [56923] Inserted 1 keys into temp table in 1 batches
[2026-08-24 09:18:24,804] [merqutil.db] [DEBUG] [56923] materializing option contracts: : running sql
CREATE TEMP TABLE temp_option_contracts AS 
        SELECT
            ov.t_date,
            ov.expiration_date, ov.call_put, ov.strike, ov.root, e.mic,
            ov.stock_id, ov.root_id
        FROM ivol.option_value ov
        JOIN ivol.root_property rp
            ON rp.root_id = ov.root_id
            AND '2024-09-06 00:00:00' BETWEEN rp.t_date AND rp.term_date
        JOIN ivol.exchange e
            ON e.exchange_id = rp.exchange_id
        JOIN temp_option_contract_keys tok
            ON ov.expiration_date = tok.expiration_date
            AND ov.call_put = tok.call_put
            AND ov.strike = tok.strike
            AND ov.root = tok.root
            AND e.mic = tok.mic
        WHERE ov.t_date = '2024-09-06 00:00:00'
        UNION ALL
        SELECT
            ovn.t_date,
            ovn.expiration_date, ovn.call_put, ovn.strike, ovn.root, e.mic,
            ovn.stock_id, ovn.root_id
        FROM ivol.option_value_ns ovn
        JOIN ivol.root_property rp
            ON rp.root_id = ovn.root_id
            AND '2024-09-06 00:00:00' BETWEEN rp.t_date AND rp.term_date
        JOIN ivol.exchange e
            ON e.exchange_id = rp.exchange_id
        JOIN temp_option_contract_keys tok
            ON ovn.expiration_date = tok.expiration_date
            AND ovn.call_put = tok.call_put
            AND ovn.strike = tok.strike
            AND ovn.root = tok.root
            AND e.mic = tok.mic
        WHERE ovn.t_date = '2024-09-06 00:00:00'
    
[2026-08-24 09:18:24,847] [merqutil.db] [INFO] [56923] materializing option contracts: 1 rows created in 0.042272458085790277 s
[2026-08-24 09:18:24,925] [merqutil.db] [DEBUG] [56923] : running sql

            SELECT
                ov.root, ov.expiration_date, ov.call_put, ov.strike, ov.mic,
                replace(ss.symbol, '/', '.') as symbol
            FROM temp_option_contracts ov
            JOIN ivol.stock_symbol ss
                ON (ss.stock_id = ov.stock_id
                    AND '2024-09-06 00:00:00' BETWEEN ss.t_date AND ss.term_date
                    AND ss.symbol not like '%%%%7' -- Exclude mini options
                )
            JOIN ivol.stock s
                ON (ss.stock_id = s.stock_id)
            WHERE
                s.type IN ('I')
        
[2026-08-24 09:18:24,953] [merqutil.db] [INFO] [56923] 0 rows selected in 0.027128042187541723 s
[2026-08-24 09:18:24,953] [merq.merq_platform.impl.services.options.ivol_utils] [DEBUG] [56923] Getting external id for <class 'merq.merq_platform.api.components.identifiers.merq_equity_id.MerqEquityListingId'> with 1 ids.
[2026-08-24 09:18:24,954] [merqutil.db] [DEBUG] [56923] : running sql

        SELECT
            REPLACE(ss.symbol, '/', '.') AS symbol,
            s.region_id,
            e.mic
        FROM ivol.stock_symbol ss
        JOIN ivol.stock s
            ON s.stock_id = ss.stock_id
        LEFT JOIN ivol.exchange e
            ON e.exchange_id = ss.exchange_id
        WHERE (replace(ss.symbol, '/', '.'), s.region_id) in (('SPY', 1)) AND
            '2024-09-09 00:00:00' between ss.t_date and ss.term_date
    
[2026-08-24 09:18:24,970] [merqutil.db] [INFO] [56923] 1 rows selected in 0.016598374815657735 s
[2026-08-24 09:18:24,971] [merq.merq_platform.impl.services.options.ivol_utils] [DEBUG] [56923] Getting stock ids for 1 merq_ids, effective date: 2024-09-09 00:00:00.
[2026-08-24 09:18:24,971] [merqutil.db] [DEBUG] [56923] : running sql

        SELECT
            MAX(ss.stock_id) AS stock_id,
            REPLACE(ss.symbol, '/', '.') AS symbol,
            e.mic
        FROM ivol.stock_symbol ss
        LEFT JOIN ivol.exchange e
            ON e.exchange_id = ss.exchange_id
        WHERE
            (REPLACE(ss.symbol, '/', '.'), COALESCE(e.mic, 'NA')) IN (('SPY', 'ARCX')) AND
            '2024-09-09 00:00:00' BETWEEN ss.t_date AND ss.term_date
        GROUP BY ss.symbol, e.mic
        HAVING COUNT(DISTINCT ss.stock_id) = 1
    
[2026-08-24 09:18:24,988] [merqutil.db] [INFO] [56923] 1 rows selected in 0.016832832945510745 s
[2026-08-24 09:18:24,988] [merq.merq_platform.impl.services.options.ivol_utils] [DEBUG] [56923] Found 1 symbol, mic pairs mapping to stock ids.
[2026-08-24 09:18:24,988] [merqutil.db] [DEBUG] [56923] : running sql

            SELECT ca.ex_date, ca.action_type, ca.stock_id
            FROM merq.corp_actions ca
            WHERE ca.ex_date = '2024-09-09 00:00:00' AND
                ca.action_type in ('dvd', 'spl', 'sdvd', 'sp', 'distr', 'rts') AND
                ca.stock_id in (627)
        
[2026-08-24 09:18:25,001] [merqutil.db] [INFO] [56923] 0 rows selected in 0.012433333089575171 s
[2026-08-24 09:18:25,001] [merqutil.db] [DEBUG] [56923] : running sql

        SELECT d.stock_id, d.last_dvd_date, d.last_dvd_amount, d.real_last_dvd_amount, d.dvd_ccy
        FROM ivol.dividend d
        WHERE d.last_dvd_date = '2024-09-09 00:00:00' AND
            d.stock_id in (627)
        
[2026-08-24 09:18:25,014] [merqutil.db] [INFO] [56923] 0 rows selected in 0.012491459026932716 s
[2026-08-24 09:18:25,014] [merqutil.db] [DEBUG] [56923] : running sql

            SELECT COUNT(*)
            FROM merq.corp_actions ca
            JOIN ivol.root_property rp
                ON (
                    rp.stock_id=ca.stock_id
                )
            WHERE (ca.ex_date='2024-09-06 00:00:00' OR ca.ex_date='2024-09-09 00:00:00')
                AND ca.action_type='rn'
                AND rp.action_type='RootRn'
                AND rp.t_date='2024-09-09 00:00:00'
                AND ca.stock_id IN (627);
        
[2026-08-24 09:18:25,028] [merqutil.db] [INFO] [56923] 1 rows selected in 0.013608332956209779 s
[2026-08-24 09:18:25,030] [merq.merq_platform.api.components.computation_pipeline.level_computers.standard_level_computer] [DEBUG] [56923] Equities contribution to index level: 992.3784687149915
[2026-08-24 09:18:25,030] [merq.merq_platform.api.components.computation_pipeline.level_computers.standard_level_computer] [DEBUG] [56923] Options contribution to index level: -1.65286220638734
[2026-08-24 09:18:25,030] [merq.merq_platform.api.components.computation_pipeline.level_computers.standard_level_computer] [DEBUG] [56923] Cash contribution to index level: 16.20723219040974
[2026-08-24 09:18:25,031] [merq.merq_platform.api.components.computation_pipeline.level_computers.standard_level_computer] [DEBUG] [56923] Equities contribution to index level: 1003.4893757690401
[2026-08-24 09:18:25,031] [merq.merq_platform.api.components.computation_pipeline.level_computers.standard_level_computer] [DEBUG] [56923] Options contribution to index level: -2.2129988429965124
[2026-08-24 09:18:25,031] [merq.merq_platform.api.components.computation_pipeline.level_computers.standard_level_computer] [DEBUG] [56923] Cash contribution to index level: 16.20723219040974
[2026-08-24 09:18:25,031] [merq.merq_platform.api.indices.multi_asset.multi_asset_base_index] [INFO] [56923] Computed index level for 2024-09-09 00:00:00 as 1017.4836091164533
[2026-08-24 09:18:25,033] [merq.merq_platform.api.components.computation_pipeline.level_computers.standard_level_computer] [DEBUG] [56923] Equities contribution to index level: 1003.4893757690401
[2026-08-24 09:18:25,033] [merq.merq_platform.api.components.computation_pipeline.level_computers.standard_level_computer] [DEBUG] [56923] Options contribution to index level: -2.2129988429965124
[2026-08-24 09:18:25,033] [merq.merq_platform.api.components.computation_pipeline.level_computers.standard_level_computer] [DEBUG] [56923] Cash contribution to index level: 16.20723219040974
[2026-08-24 09:18:25,048] [merq.merq_platform.api.indices.multi_asset.multi_asset_base_index] [DEBUG] [56923] Loaded in portfolio for date 2024-09-09 00:00:00
[2026-08-24 09:18:25,048] [merq.merq_platform.api.components.computation_pipeline.corax_loaders.index_corporate_actions_loader] [DEBUG] [56923] Loading corporate actions for el merq ids in unknown from 2024-09-10 00:00:00 to 2024-09-10 00:00:00...
[2026-08-24 09:18:25,048] [merq.merq_platform.api.components.computation_pipeline.corax_loaders.index_corporate_actions_loader] [DEBUG] [56923] Loading corporate actions for op merq ids in unknown from 2024-09-10 00:00:00 to 2024-09-10 00:00:00...
[2026-08-24 09:18:25,049] [merq.merq_platform.impl.services.options.ivol_reference_data_provider] [DEBUG] [56923] Getting underlying for 1 option contracts on eff_date: 2024-09-09 00:00:00
[2026-08-24 09:18:25,049] [merqutil.db] [DEBUG] [56923] : running sql

            SELECT
                rp.symbol, e.mic
            FROM ivol.root_property rp
            JOIN ivol.exchange e
                ON e.exchange_id = rp.exchange_id
            JOIN ivol.stock s
                ON s.stock_id = rp.stock_id
            WHERE rp.symbol in ('SPY')
                AND rp.t_date <= '2024-09-09 00:00:00' AND rp.term_date >= '2024-09-09 00:00:00'
                AND s.region_id = 1;
        
[2026-08-24 09:18:25,063] [merqutil.db] [INFO] [56923] 1 rows selected in 0.014150290982797742 s
[2026-08-24 09:18:25,129] [merq.merq_platform.impl.services.options.ivol_utils] [DEBUG] [56923] Created temp table temp_option_contract_keys with index
[2026-08-24 09:18:25,130] [merq.merq_platform.impl.services.options.ivol_utils] [DEBUG] [56923] Populating temp table with 1 option keys
[2026-08-24 09:18:25,166] [merq.merq_platform.impl.services.options.ivol_utils] [DEBUG] [56923] Inserted 1 keys into temp table in 1 batches
[2026-08-24 09:18:25,206] [merqutil.db] [DEBUG] [56923] materializing option contracts: : running sql
CREATE TEMP TABLE temp_option_contracts AS 
        SELECT
            ov.t_date,
            ov.expiration_date, ov.call_put, ov.strike, ov.root, e.mic,
            ov.stock_id, ov.root_id
        FROM ivol.option_value ov
        JOIN ivol.root_property rp
            ON rp.root_id = ov.root_id
            AND '2024-09-09 00:00:00' BETWEEN rp.t_date AND rp.term_date
        JOIN ivol.exchange e
            ON e.exchange_id = rp.exchange_id
        JOIN temp_option_contract_keys tok
            ON ov.expiration_date = tok.expiration_date
            AND ov.call_put = tok.call_put
            AND ov.strike = tok.strike
            AND ov.root = tok.root
            AND e.mic = tok.mic
        WHERE ov.t_date = '2024-09-09 00:00:00'
        UNION ALL
        SELECT
            ovn.t_date,
            ovn.expiration_date, ovn.call_put, ovn.strike, ovn.root, e.mic,
            ovn.stock_id, ovn.root_id
        FROM ivol.option_value_ns ovn
        JOIN ivol.root_property rp
            ON rp.root_id = ovn.root_id
            AND '2024-09-09 00:00:00' BETWEEN rp.t_date AND rp.term_date
        JOIN ivol.exchange e
            ON e.exchange_id = rp.exchange_id
        JOIN temp_option_contract_keys tok
            ON ovn.expiration_date = tok.expiration_date
            AND ovn.call_put = tok.call_put
            AND ovn.strike = tok.strike
            AND ovn.root = tok.root
            AND e.mic = tok.mic
        WHERE ovn.t_date = '2024-09-09 00:00:00'
    
[2026-08-24 09:18:25,251] [merqutil.db] [INFO] [56923] materializing option contracts: 1 rows created in 0.04500879091210663 s
[2026-08-24 09:18:25,330] [merqutil.db] [DEBUG] [56923] : running sql

            SELECT
                ov.root, ov.expiration_date, ov.call_put, ov.strike, ov.mic,
                replace(ss.symbol, '/', '.') as symbol
            FROM temp_option_contracts ov
            JOIN ivol.stock_symbol ss
                ON (ss.stock_id = ov.stock_id
                    AND '2024-09-09 00:00:00' BETWEEN ss.t_date AND ss.term_date
                    AND ss.symbol not like '%%%%7' -- Exclude mini options
                )
            JOIN ivol.stock s
                ON (ss.stock_id = s.stock_id)
            WHERE
                s.type IN ('S', 'F')
        
[2026-08-24 09:18:25,355] [merqutil.db] [INFO] [56923] 1 rows selected in 0.02541424985975027 s
[2026-08-24 09:18:25,356] [merqutil.db] [DEBUG] [56923] : running sql

            SELECT
                rp.symbol, e.mic
            FROM ivol.root_property rp
            JOIN ivol.exchange e
                ON e.exchange_id = rp.exchange_id
            JOIN ivol.stock s
                ON s.stock_id = rp.stock_id
            WHERE rp.symbol in ('SPY')
                AND rp.t_date <= '2024-09-09 00:00:00' AND rp.term_date >= '2024-09-09 00:00:00'
                AND s.region_id = 1;
        
[2026-08-24 09:18:25,368] [merqutil.db] [INFO] [56923] 1 rows selected in 0.011987874982878566 s
[2026-08-24 09:18:25,444] [merq.merq_platform.impl.services.options.ivol_utils] [DEBUG] [56923] Created temp table temp_option_contract_keys with index
[2026-08-24 09:18:25,444] [merq.merq_platform.impl.services.options.ivol_utils] [DEBUG] [56923] Populating temp table with 1 option keys
[2026-08-24 09:18:25,479] [merq.merq_platform.impl.services.options.ivol_utils] [DEBUG] [56923] Inserted 1 keys into temp table in 1 batches
[2026-08-24 09:18:25,518] [merqutil.db] [DEBUG] [56923] materializing option contracts: : running sql
CREATE TEMP TABLE temp_option_contracts AS 
        SELECT
            ov.t_date,
            ov.expiration_date, ov.call_put, ov.strike, ov.root, e.mic,
            ov.stock_id, ov.root_id
        FROM ivol.option_value ov
        JOIN ivol.root_property rp
            ON rp.root_id = ov.root_id
            AND '2024-09-09 00:00:00' BETWEEN rp.t_date AND rp.term_date
        JOIN ivol.exchange e
            ON e.exchange_id = rp.exchange_id
        JOIN temp_option_contract_keys tok
            ON ov.expiration_date = tok.expiration_date
            AND ov.call_put = tok.call_put
            AND ov.strike = tok.strike
            AND ov.root = tok.root
            AND e.mic = tok.mic
        WHERE ov.t_date = '2024-09-09 00:00:00'
        UNION ALL
        SELECT
            ovn.t_date,
            ovn.expiration_date, ovn.call_put, ovn.strike, ovn.root, e.mic,
            ovn.stock_id, ovn.root_id
        FROM ivol.option_value_ns ovn
        JOIN ivol.root_property rp
            ON rp.root_id = ovn.root_id
            AND '2024-09-09 00:00:00' BETWEEN rp.t_date AND rp.term_date
        JOIN ivol.exchange e
            ON e.exchange_id = rp.exchange_id
        JOIN temp_option_contract_keys tok
            ON ovn.expiration_date = tok.expiration_date
            AND ovn.call_put = tok.call_put
            AND ovn.strike = tok.strike
            AND ovn.root = tok.root
            AND e.mic = tok.mic
        WHERE ovn.t_date = '2024-09-09 00:00:00'
    
[2026-08-24 09:18:25,562] [merqutil.db] [INFO] [56923] materializing option contracts: 1 rows created in 0.04389095795340836 s
[2026-08-24 09:18:25,640] [merqutil.db] [DEBUG] [56923] : running sql

            SELECT
                ov.root, ov.expiration_date, ov.call_put, ov.strike, ov.mic,
                replace(ss.symbol, '/', '.') as symbol
            FROM temp_option_contracts ov
            JOIN ivol.stock_symbol ss
                ON (ss.stock_id = ov.stock_id
                    AND '2024-09-09 00:00:00' BETWEEN ss.t_date AND ss.term_date
                    AND ss.symbol not like '%%%%7' -- Exclude mini options
                )
            JOIN ivol.stock s
                ON (ss.stock_id = s.stock_id)
            WHERE
                s.type IN ('I')
        
[2026-08-24 09:18:25,664] [merqutil.db] [INFO] [56923] 0 rows selected in 0.024365459103137255 s
[2026-08-24 09:18:25,665] [merq.merq_platform.impl.services.options.ivol_utils] [DEBUG] [56923] Getting external id for <class 'merq.merq_platform.api.components.identifiers.merq_equity_id.MerqEquityListingId'> with 1 ids.
[2026-08-24 09:18:25,665] [merqutil.db] [DEBUG] [56923] : running sql

        SELECT
            REPLACE(ss.symbol, '/', '.') AS symbol,
            s.region_id,
            e.mic
        FROM ivol.stock_symbol ss
        JOIN ivol.stock s
            ON s.stock_id = ss.stock_id
        LEFT JOIN ivol.exchange e
            ON e.exchange_id = ss.exchange_id
        WHERE (replace(ss.symbol, '/', '.'), s.region_id) in (('SPY', 1)) AND
            '2024-09-10 00:00:00' between ss.t_date and ss.term_date
    
[2026-08-24 09:18:25,681] [merqutil.db] [INFO] [56923] 1 rows selected in 0.01620979211293161 s
[2026-08-24 09:18:25,682] [merq.merq_platform.impl.services.options.ivol_utils] [DEBUG] [56923] Getting stock ids for 1 merq_ids, effective date: 2024-09-10 00:00:00.
[2026-08-24 09:18:25,682] [merqutil.db] [DEBUG] [56923] : running sql

        SELECT
            MAX(ss.stock_id) AS stock_id,
            REPLACE(ss.symbol, '/', '.') AS symbol,
            e.mic
        FROM ivol.stock_symbol ss
        LEFT JOIN ivol.exchange e
            ON e.exchange_id = ss.exchange_id
        WHERE
            (REPLACE(ss.symbol, '/', '.'), COALESCE(e.mic, 'NA')) IN (('SPY', 'ARCX')) AND
            '2024-09-10 00:00:00' BETWEEN ss.t_date AND ss.term_date
        GROUP BY ss.symbol, e.mic
        HAVING COUNT(DISTINCT ss.stock_id) = 1
    
[2026-08-24 09:18:25,698] [merqutil.db] [INFO] [56923] 1 rows selected in 0.016259540803730488 s
[2026-08-24 09:18:25,699] [merq.merq_platform.impl.services.options.ivol_utils] [DEBUG] [56923] Found 1 symbol, mic pairs mapping to stock ids.
[2026-08-24 09:18:25,699] [merqutil.db] [DEBUG] [56923] : running sql

            SELECT ca.ex_date, ca.action_type, ca.stock_id
            FROM merq.corp_actions ca
            WHERE ca.ex_date = '2024-09-10 00:00:00' AND
                ca.action_type in ('dvd', 'spl', 'sdvd', 'sp', 'distr', 'rts') AND
                ca.stock_id in (627)
        
[2026-08-24 09:18:25,711] [merqutil.db] [INFO] [56923] 0 rows selected in 0.012012957828119397 s
[2026-08-24 09:18:25,711] [merqutil.db] [DEBUG] [56923] : running sql

        SELECT d.stock_id, d.last_dvd_date, d.last_dvd_amount, d.real_last_dvd_amount, d.dvd_ccy
        FROM ivol.dividend d
        WHERE d.last_dvd_date = '2024-09-10 00:00:00' AND
            d.stock_id in (627)
        
[2026-08-24 09:18:25,723] [merqutil.db] [INFO] [56923] 0 rows selected in 0.012085665948688984 s
[2026-08-24 09:18:25,724] [merqutil.db] [DEBUG] [56923] : running sql

            SELECT COUNT(*)
            FROM merq.corp_actions ca
            JOIN ivol.root_property rp
                ON (
                    rp.stock_id=ca.stock_id
                )
            WHERE (ca.ex_date='2024-09-09 00:00:00' OR ca.ex_date='2024-09-10 00:00:00')
                AND ca.action_type='rn'
                AND rp.action_type='RootRn'
                AND rp.t_date='2024-09-10 00:00:00'
                AND ca.stock_id IN (627);
        
[2026-08-24 09:18:25,737] [merqutil.db] [INFO] [56923] 1 rows selected in 0.013015249976888299 s
[2026-08-24 09:18:25,739] [merq.merq_platform.api.components.computation_pipeline.level_computers.standard_level_computer] [DEBUG] [56923] Equities contribution to index level: 1003.4893757690401
[2026-08-24 09:18:25,739] [merq.merq_platform.api.components.computation_pipeline.level_computers.standard_level_computer] [DEBUG] [56923] Options contribution to index level: -2.2129988429965124
[2026-08-24 09:18:25,739] [merq.merq_platform.api.components.computation_pipeline.level_computers.standard_level_computer] [DEBUG] [56923] Cash contribution to index level: 16.20723219040974
[2026-08-24 09:18:25,740] [merq.merq_platform.api.components.computation_pipeline.level_computers.standard_level_computer] [DEBUG] [56923] Equities contribution to index level: 1007.8602780481534
[2026-08-24 09:18:25,740] [merq.merq_platform.api.components.computation_pipeline.level_computers.standard_level_computer] [DEBUG] [56923] Options contribution to index level: -2.910873996804412
[2026-08-24 09:18:25,740] [merq.merq_platform.api.components.computation_pipeline.level_computers.standard_level_computer] [DEBUG] [56923] Cash contribution to index level: 16.20723219040974
[2026-08-24 09:18:25,740] [merq.merq_platform.api.indices.multi_asset.multi_asset_base_index] [INFO] [56923] Computed index level for 2024-09-10 00:00:00 as 1021.1566362417587
[2026-08-24 09:18:25,741] [merq.merq_platform.api.components.computation_pipeline.level_computers.standard_level_computer] [DEBUG] [56923] Equities contribution to index level: 1007.8602780481534
[2026-08-24 09:18:25,741] [merq.merq_platform.api.components.computation_pipeline.level_computers.standard_level_computer] [DEBUG] [56923] Options contribution to index level: -2.910873996804412
[2026-08-24 09:18:25,742] [merq.merq_platform.api.components.computation_pipeline.level_computers.standard_level_computer] [DEBUG] [56923] Cash contribution to index level: 16.20723219040974
[2026-08-24 09:18:25,757] [merq.merq_platform.api.indices.multi_asset.multi_asset_base_index] [DEBUG] [56923] Loaded in portfolio for date 2024-09-10 00:00:00
[2026-08-24 09:18:25,757] [merq.merq_platform.api.components.computation_pipeline.corax_loaders.index_corporate_actions_loader] [DEBUG] [56923] Loading corporate actions for el merq ids in unknown from 2024-09-11 00:00:00 to 2024-09-11 00:00:00...
[2026-08-24 09:18:25,758] [merq.merq_platform.api.components.computation_pipeline.corax_loaders.index_corporate_actions_loader] [DEBUG] [56923] Loading corporate actions for op merq ids in unknown from 2024-09-11 00:00:00 to 2024-09-11 00:00:00...
[2026-08-24 09:18:25,758] [merq.merq_platform.impl.services.options.ivol_reference_data_provider] [DEBUG] [56923] Getting underlying for 1 option contracts on eff_date: 2024-09-10 00:00:00
[2026-08-24 09:18:25,758] [merqutil.db] [DEBUG] [56923] : running sql

            SELECT
                rp.symbol, e.mic
            FROM ivol.root_property rp
            JOIN ivol.exchange e
                ON e.exchange_id = rp.exchange_id
            JOIN ivol.stock s
                ON s.stock_id = rp.stock_id
            WHERE rp.symbol in ('SPY')
                AND rp.t_date <= '2024-09-10 00:00:00' AND rp.term_date >= '2024-09-10 00:00:00'
                AND s.region_id = 1;
        
[2026-08-24 09:18:25,771] [merqutil.db] [INFO] [56923] 1 rows selected in 0.012600583955645561 s
[2026-08-24 09:18:25,837] [merq.merq_platform.impl.services.options.ivol_utils] [DEBUG] [56923] Created temp table temp_option_contract_keys with index
[2026-08-24 09:18:25,837] [merq.merq_platform.impl.services.options.ivol_utils] [DEBUG] [56923] Populating temp table with 1 option keys
[2026-08-24 09:18:25,876] [merq.merq_platform.impl.services.options.ivol_utils] [DEBUG] [56923] Inserted 1 keys into temp table in 1 batches
[2026-08-24 09:18:25,918] [merqutil.db] [DEBUG] [56923] materializing option contracts: : running sql
CREATE TEMP TABLE temp_option_contracts AS 
        SELECT
            ov.t_date,
            ov.expiration_date, ov.call_put, ov.strike, ov.root, e.mic,
            ov.stock_id, ov.root_id
        FROM ivol.option_value ov
        JOIN ivol.root_property rp
            ON rp.root_id = ov.root_id
            AND '2024-09-10 00:00:00' BETWEEN rp.t_date AND rp.term_date
        JOIN ivol.exchange e
            ON e.exchange_id = rp.exchange_id
        JOIN temp_option_contract_keys tok
            ON ov.expiration_date = tok.expiration_date
            AND ov.call_put = tok.call_put
            AND ov.strike = tok.strike
            AND ov.root = tok.root
            AND e.mic = tok.mic
        WHERE ov.t_date = '2024-09-10 00:00:00'
        UNION ALL
        SELECT
            ovn.t_date,
            ovn.expiration_date, ovn.call_put, ovn.strike, ovn.root, e.mic,
            ovn.stock_id, ovn.root_id
        FROM ivol.option_value_ns ovn
        JOIN ivol.root_property rp
            ON rp.root_id = ovn.root_id
            AND '2024-09-10 00:00:00' BETWEEN rp.t_date AND rp.term_date
        JOIN ivol.exchange e
            ON e.exchange_id = rp.exchange_id
        JOIN temp_option_contract_keys tok
            ON ovn.expiration_date = tok.expiration_date
            AND ovn.call_put = tok.call_put
            AND ovn.strike = tok.strike
            AND ovn.root = tok.root
            AND e.mic = tok.mic
        WHERE ovn.t_date = '2024-09-10 00:00:00'
    
[2026-08-24 09:18:25,959] [merqutil.db] [INFO] [56923] materializing option contracts: 1 rows created in 0.04048466612584889 s
[2026-08-24 09:18:26,043] [merqutil.db] [DEBUG] [56923] : running sql

            SELECT
                ov.root, ov.expiration_date, ov.call_put, ov.strike, ov.mic,
                replace(ss.symbol, '/', '.') as symbol
            FROM temp_option_contracts ov
            JOIN ivol.stock_symbol ss
                ON (ss.stock_id = ov.stock_id
                    AND '2024-09-10 00:00:00' BETWEEN ss.t_date AND ss.term_date
                    AND ss.symbol not like '%%%%7' -- Exclude mini options
                )
            JOIN ivol.stock s
                ON (ss.stock_id = s.stock_id)
            WHERE
                s.type IN ('S', 'F')
        
[2026-08-24 09:18:26,069] [merqutil.db] [INFO] [56923] 1 rows selected in 0.025591624900698662 s
[2026-08-24 09:18:26,069] [merqutil.db] [DEBUG] [56923] : running sql

            SELECT
                rp.symbol, e.mic
            FROM ivol.root_property rp
            JOIN ivol.exchange e
                ON e.exchange_id = rp.exchange_id
            JOIN ivol.stock s
                ON s.stock_id = rp.stock_id
            WHERE rp.symbol in ('SPY')
                AND rp.t_date <= '2024-09-10 00:00:00' AND rp.term_date >= '2024-09-10 00:00:00'
                AND s.region_id = 1;
        
[2026-08-24 09:18:26,081] [merqutil.db] [INFO] [56923] 1 rows selected in 0.012220500037074089 s
[2026-08-24 09:18:26,151] [merq.merq_platform.impl.services.options.ivol_utils] [DEBUG] [56923] Created temp table temp_option_contract_keys with index
[2026-08-24 09:18:26,151] [merq.merq_platform.impl.services.options.ivol_utils] [DEBUG] [56923] Populating temp table with 1 option keys
[2026-08-24 09:18:26,187] [merq.merq_platform.impl.services.options.ivol_utils] [DEBUG] [56923] Inserted 1 keys into temp table in 1 batches
[2026-08-24 09:18:26,227] [merqutil.db] [DEBUG] [56923] materializing option contracts: : running sql
CREATE TEMP TABLE temp_option_contracts AS 
        SELECT
            ov.t_date,
            ov.expiration_date, ov.call_put, ov.strike, ov.root, e.mic,
            ov.stock_id, ov.root_id
        FROM ivol.option_value ov
        JOIN ivol.root_property rp
            ON rp.root_id = ov.root_id
            AND '2024-09-10 00:00:00' BETWEEN rp.t_date AND rp.term_date
        JOIN ivol.exchange e
            ON e.exchange_id = rp.exchange_id
        JOIN temp_option_contract_keys tok
            ON ov.expiration_date = tok.expiration_date
            AND ov.call_put = tok.call_put
            AND ov.strike = tok.strike
            AND ov.root = tok.root
            AND e.mic = tok.mic
        WHERE ov.t_date = '2024-09-10 00:00:00'
        UNION ALL
        SELECT
            ovn.t_date,
            ovn.expiration_date, ovn.call_put, ovn.strike, ovn.root, e.mic,
            ovn.stock_id, ovn.root_id
        FROM ivol.option_value_ns ovn
        JOIN ivol.root_property rp
            ON rp.root_id = ovn.root_id
            AND '2024-09-10 00:00:00' BETWEEN rp.t_date AND rp.term_date
        JOIN ivol.exchange e
            ON e.exchange_id = rp.exchange_id
        JOIN temp_option_contract_keys tok
            ON ovn.expiration_date = tok.expiration_date
            AND ovn.call_put = tok.call_put
            AND ovn.strike = tok.strike
            AND ovn.root = tok.root
            AND e.mic = tok.mic
        WHERE ovn.t_date = '2024-09-10 00:00:00'
    
[2026-08-24 09:18:26,269] [merqutil.db] [INFO] [56923] materializing option contracts: 1 rows created in 0.04168537491932511 s
[2026-08-24 09:18:26,348] [merqutil.db] [DEBUG] [56923] : running sql

            SELECT
                ov.root, ov.expiration_date, ov.call_put, ov.strike, ov.mic,
                replace(ss.symbol, '/', '.') as symbol
            FROM temp_option_contracts ov
            JOIN ivol.stock_symbol ss
                ON (ss.stock_id = ov.stock_id
                    AND '2024-09-10 00:00:00' BETWEEN ss.t_date AND ss.term_date
                    AND ss.symbol not like '%%%%7' -- Exclude mini options
                )
            JOIN ivol.stock s
                ON (ss.stock_id = s.stock_id)
            WHERE
                s.type IN ('I')
        
[2026-08-24 09:18:26,375] [merqutil.db] [INFO] [56923] 0 rows selected in 0.026755208848044276 s
[2026-08-24 09:18:26,376] [merq.merq_platform.impl.services.options.ivol_utils] [DEBUG] [56923] Getting external id for <class 'merq.merq_platform.api.components.identifiers.merq_equity_id.MerqEquityListingId'> with 1 ids.
[2026-08-24 09:18:26,376] [merqutil.db] [DEBUG] [56923] : running sql

        SELECT
            REPLACE(ss.symbol, '/', '.') AS symbol,
            s.region_id,
            e.mic
        FROM ivol.stock_symbol ss
        JOIN ivol.stock s
            ON s.stock_id = ss.stock_id
        LEFT JOIN ivol.exchange e
            ON e.exchange_id = ss.exchange_id
        WHERE (replace(ss.symbol, '/', '.'), s.region_id) in (('SPY', 1)) AND
            '2024-09-11 00:00:00' between ss.t_date and ss.term_date
    
[2026-08-24 09:18:26,396] [merqutil.db] [INFO] [56923] 1 rows selected in 0.0201876659411937 s
[2026-08-24 09:18:26,397] [merq.merq_platform.impl.services.options.ivol_utils] [DEBUG] [56923] Getting stock ids for 1 merq_ids, effective date: 2024-09-11 00:00:00.
[2026-08-24 09:18:26,397] [merqutil.db] [DEBUG] [56923] : running sql

        SELECT
            MAX(ss.stock_id) AS stock_id,
            REPLACE(ss.symbol, '/', '.') AS symbol,
            e.mic
        FROM ivol.stock_symbol ss
        LEFT JOIN ivol.exchange e
            ON e.exchange_id = ss.exchange_id
        WHERE
            (REPLACE(ss.symbol, '/', '.'), COALESCE(e.mic, 'NA')) IN (('SPY', 'ARCX')) AND
            '2024-09-11 00:00:00' BETWEEN ss.t_date AND ss.term_date
        GROUP BY ss.symbol, e.mic
        HAVING COUNT(DISTINCT ss.stock_id) = 1
    
[2026-08-24 09:18:26,414] [merqutil.db] [INFO] [56923] 1 rows selected in 0.01677079196088016 s
[2026-08-24 09:18:26,414] [merq.merq_platform.impl.services.options.ivol_utils] [DEBUG] [56923] Found 1 symbol, mic pairs mapping to stock ids.
[2026-08-24 09:18:26,414] [merqutil.db] [DEBUG] [56923] : running sql

            SELECT ca.ex_date, ca.action_type, ca.stock_id
            FROM merq.corp_actions ca
            WHERE ca.ex_date = '2024-09-11 00:00:00' AND
                ca.action_type in ('dvd', 'spl', 'sdvd', 'sp', 'distr', 'rts') AND
                ca.stock_id in (627)
        
[2026-08-24 09:18:26,427] [merqutil.db] [INFO] [56923] 0 rows selected in 0.01266125007532537 s
[2026-08-24 09:18:26,427] [merqutil.db] [DEBUG] [56923] : running sql

        SELECT d.stock_id, d.last_dvd_date, d.last_dvd_amount, d.real_last_dvd_amount, d.dvd_ccy
        FROM ivol.dividend d
        WHERE d.last_dvd_date = '2024-09-11 00:00:00' AND
            d.stock_id in (627)
        
[2026-08-24 09:18:26,440] [merqutil.db] [INFO] [56923] 0 rows selected in 0.01248112483881414 s
[2026-08-24 09:18:26,441] [merqutil.db] [DEBUG] [56923] : running sql

            SELECT COUNT(*)
            FROM merq.corp_actions ca
            JOIN ivol.root_property rp
                ON (
                    rp.stock_id=ca.stock_id
                )
            WHERE (ca.ex_date='2024-09-10 00:00:00' OR ca.ex_date='2024-09-11 00:00:00')
                AND ca.action_type='rn'
                AND rp.action_type='RootRn'
                AND rp.t_date='2024-09-11 00:00:00'
                AND ca.stock_id IN (627);
        
[2026-08-24 09:18:26,455] [merqutil.db] [INFO] [56923] 1 rows selected in 0.013815041864290833 s
[2026-08-24 09:18:26,457] [merq.merq_platform.api.components.computation_pipeline.level_computers.standard_level_computer] [DEBUG] [56923] Equities contribution to index level: 1007.8602780481534
[2026-08-24 09:18:26,457] [merq.merq_platform.api.components.computation_pipeline.level_computers.standard_level_computer] [DEBUG] [56923] Options contribution to index level: -2.910873996804412
[2026-08-24 09:18:26,457] [merq.merq_platform.api.components.computation_pipeline.level_computers.standard_level_computer] [DEBUG] [56923] Cash contribution to index level: 16.20723219040974
[2026-08-24 09:18:26,458] [merq.merq_platform.api.components.computation_pipeline.level_computers.standard_level_computer] [DEBUG] [56923] Equities contribution to index level: 1018.1998494058879
[2026-08-24 09:18:26,458] [merq.merq_platform.api.components.computation_pipeline.level_computers.standard_level_computer] [DEBUG] [56923] Options contribution to index level: -5.188150814493724
[2026-08-24 09:18:26,458] [merq.merq_platform.api.components.computation_pipeline.level_computers.standard_level_computer] [DEBUG] [56923] Cash contribution to index level: 16.20723219040974
[2026-08-24 09:18:26,458] [merq.merq_platform.api.indices.multi_asset.multi_asset_base_index] [INFO] [56923] Computed index level for 2024-09-11 00:00:00 as 1029.218930781804
[2026-08-24 09:18:26,459] [merq.merq_platform.api.components.computation_pipeline.level_computers.standard_level_computer] [DEBUG] [56923] Equities contribution to index level: 1018.1998494058879
[2026-08-24 09:18:26,459] [merq.merq_platform.api.components.computation_pipeline.level_computers.standard_level_computer] [DEBUG] [56923] Options contribution to index level: -5.188150814493724
[2026-08-24 09:18:26,459] [merq.merq_platform.api.components.computation_pipeline.level_computers.standard_level_computer] [DEBUG] [56923] Cash contribution to index level: 16.20723219040974
[2026-08-24 09:18:26,471] [merq.merq_platform.api.indices.multi_asset.multi_asset_base_index] [DEBUG] [56923] Loaded in portfolio for date 2024-09-11 00:00:00
[2026-08-24 09:18:26,471] [merq.merq_platform.api.components.computation_pipeline.corax_loaders.index_corporate_actions_loader] [DEBUG] [56923] Loading corporate actions for el merq ids in unknown from 2024-09-12 00:00:00 to 2024-09-12 00:00:00...
[2026-08-24 09:18:26,472] [merq.merq_platform.api.components.computation_pipeline.corax_loaders.index_corporate_actions_loader] [DEBUG] [56923] Loading corporate actions for op merq ids in unknown from 2024-09-12 00:00:00 to 2024-09-12 00:00:00...
[2026-08-24 09:18:26,472] [merq.merq_platform.impl.services.options.ivol_reference_data_provider] [DEBUG] [56923] Getting underlying for 1 option contracts on eff_date: 2024-09-11 00:00:00
[2026-08-24 09:18:26,472] [merqutil.db] [DEBUG] [56923] : running sql

            SELECT
                rp.symbol, e.mic
            FROM ivol.root_property rp
            JOIN ivol.exchange e
                ON e.exchange_id = rp.exchange_id
            JOIN ivol.stock s
                ON s.stock_id = rp.stock_id
            WHERE rp.symbol in ('SPY')
                AND rp.t_date <= '2024-09-11 00:00:00' AND rp.term_date >= '2024-09-11 00:00:00'
                AND s.region_id = 1;
        
[2026-08-24 09:18:26,485] [merqutil.db] [INFO] [56923] 1 rows selected in 0.013100459007546306 s
[2026-08-24 09:18:26,549] [merq.merq_platform.impl.services.options.ivol_utils] [DEBUG] [56923] Created temp table temp_option_contract_keys with index
[2026-08-24 09:18:26,549] [merq.merq_platform.impl.services.options.ivol_utils] [DEBUG] [56923] Populating temp table with 1 option keys
[2026-08-24 09:18:26,587] [merq.merq_platform.impl.services.options.ivol_utils] [DEBUG] [56923] Inserted 1 keys into temp table in 1 batches
[2026-08-24 09:18:26,627] [merqutil.db] [DEBUG] [56923] materializing option contracts: : running sql
CREATE TEMP TABLE temp_option_contracts AS 
        SELECT
            ov.t_date,
            ov.expiration_date, ov.call_put, ov.strike, ov.root, e.mic,
            ov.stock_id, ov.root_id
        FROM ivol.option_value ov
        JOIN ivol.root_property rp
            ON rp.root_id = ov.root_id
            AND '2024-09-11 00:00:00' BETWEEN rp.t_date AND rp.term_date
        JOIN ivol.exchange e
            ON e.exchange_id = rp.exchange_id
        JOIN temp_option_contract_keys tok
            ON ov.expiration_date = tok.expiration_date
            AND ov.call_put = tok.call_put
            AND ov.strike = tok.strike
            AND ov.root = tok.root
            AND e.mic = tok.mic
        WHERE ov.t_date = '2024-09-11 00:00:00'
        UNION ALL
        SELECT
            ovn.t_date,
            ovn.expiration_date, ovn.call_put, ovn.strike, ovn.root, e.mic,
            ovn.stock_id, ovn.root_id
        FROM ivol.option_value_ns ovn
        JOIN ivol.root_property rp
            ON rp.root_id = ovn.root_id
            AND '2024-09-11 00:00:00' BETWEEN rp.t_date AND rp.term_date
        JOIN ivol.exchange e
            ON e.exchange_id = rp.exchange_id
        JOIN temp_option_contract_keys tok
            ON ovn.expiration_date = tok.expiration_date
            AND ovn.call_put = tok.call_put
            AND ovn.strike = tok.strike
            AND ovn.root = tok.root
            AND e.mic = tok.mic
        WHERE ovn.t_date = '2024-09-11 00:00:00'
    
[2026-08-24 09:18:26,668] [merqutil.db] [INFO] [56923] materializing option contracts: 1 rows created in 0.04063633410260081 s
[2026-08-24 09:18:26,750] [merqutil.db] [DEBUG] [56923] : running sql

            SELECT
                ov.root, ov.expiration_date, ov.call_put, ov.strike, ov.mic,
                replace(ss.symbol, '/', '.') as symbol
            FROM temp_option_contracts ov
            JOIN ivol.stock_symbol ss
                ON (ss.stock_id = ov.stock_id
                    AND '2024-09-11 00:00:00' BETWEEN ss.t_date AND ss.term_date
                    AND ss.symbol not like '%%%%7' -- Exclude mini options
                )
            JOIN ivol.stock s
                ON (ss.stock_id = s.stock_id)
            WHERE
                s.type IN ('S', 'F')
        
[2026-08-24 09:18:26,776] [merqutil.db] [INFO] [56923] 1 rows selected in 0.025803833967074752 s
[2026-08-24 09:18:26,777] [merqutil.db] [DEBUG] [56923] : running sql

            SELECT
                rp.symbol, e.mic
            FROM ivol.root_property rp
            JOIN ivol.exchange e
                ON e.exchange_id = rp.exchange_id
            JOIN ivol.stock s
                ON s.stock_id = rp.stock_id
            WHERE rp.symbol in ('SPY')
                AND rp.t_date <= '2024-09-11 00:00:00' AND rp.term_date >= '2024-09-11 00:00:00'
                AND s.region_id = 1;
        
[2026-08-24 09:18:26,791] [merqutil.db] [INFO] [56923] 1 rows selected in 0.013768249889835715 s
[2026-08-24 09:18:26,864] [merq.merq_platform.impl.services.options.ivol_utils] [DEBUG] [56923] Created temp table temp_option_contract_keys with index
[2026-08-24 09:18:26,864] [merq.merq_platform.impl.services.options.ivol_utils] [DEBUG] [56923] Populating temp table with 1 option keys
[2026-08-24 09:18:26,901] [merq.merq_platform.impl.services.options.ivol_utils] [DEBUG] [56923] Inserted 1 keys into temp table in 1 batches
[2026-08-24 09:18:26,941] [merqutil.db] [DEBUG] [56923] materializing option contracts: : running sql
CREATE TEMP TABLE temp_option_contracts AS 
        SELECT
            ov.t_date,
            ov.expiration_date, ov.call_put, ov.strike, ov.root, e.mic,
            ov.stock_id, ov.root_id
        FROM ivol.option_value ov
        JOIN ivol.root_property rp
            ON rp.root_id = ov.root_id
            AND '2024-09-11 00:00:00' BETWEEN rp.t_date AND rp.term_date
        JOIN ivol.exchange e
            ON e.exchange_id = rp.exchange_id
        JOIN temp_option_contract_keys tok
            ON ov.expiration_date = tok.expiration_date
            AND ov.call_put = tok.call_put
            AND ov.strike = tok.strike
            AND ov.root = tok.root
            AND e.mic = tok.mic
        WHERE ov.t_date = '2024-09-11 00:00:00'
        UNION ALL
        SELECT
            ovn.t_date,
            ovn.expiration_date, ovn.call_put, ovn.strike, ovn.root, e.mic,
            ovn.stock_id, ovn.root_id
        FROM ivol.option_value_ns ovn
        JOIN ivol.root_property rp
            ON rp.root_id = ovn.root_id
            AND '2024-09-11 00:00:00' BETWEEN rp.t_date AND rp.term_date
        JOIN ivol.exchange e
            ON e.exchange_id = rp.exchange_id
        JOIN temp_option_contract_keys tok
            ON ovn.expiration_date = tok.expiration_date
            AND ovn.call_put = tok.call_put
            AND ovn.strike = tok.strike
            AND ovn.root = tok.root
            AND e.mic = tok.mic
        WHERE ovn.t_date = '2024-09-11 00:00:00'
    
[2026-08-24 09:18:26,981] [merqutil.db] [INFO] [56923] materializing option contracts: 1 rows created in 0.039914957946166396 s
[2026-08-24 09:18:27,063] [merqutil.db] [DEBUG] [56923] : running sql

            SELECT
                ov.root, ov.expiration_date, ov.call_put, ov.strike, ov.mic,
                replace(ss.symbol, '/', '.') as symbol
            FROM temp_option_contracts ov
            JOIN ivol.stock_symbol ss
                ON (ss.stock_id = ov.stock_id
                    AND '2024-09-11 00:00:00' BETWEEN ss.t_date AND ss.term_date
                    AND ss.symbol not like '%%%%7' -- Exclude mini options
                )
            JOIN ivol.stock s
                ON (ss.stock_id = s.stock_id)
            WHERE
                s.type IN ('I')
        
[2026-08-24 09:18:27,087] [merqutil.db] [INFO] [56923] 0 rows selected in 0.023839249974116683 s
[2026-08-24 09:18:27,087] [merq.merq_platform.impl.services.options.ivol_utils] [DEBUG] [56923] Getting external id for <class 'merq.merq_platform.api.components.identifiers.merq_equity_id.MerqEquityListingId'> with 1 ids.
[2026-08-24 09:18:27,088] [merqutil.db] [DEBUG] [56923] : running sql

        SELECT
            REPLACE(ss.symbol, '/', '.') AS symbol,
            s.region_id,
            e.mic
        FROM ivol.stock_symbol ss
        JOIN ivol.stock s
            ON s.stock_id = ss.stock_id
        LEFT JOIN ivol.exchange e
            ON e.exchange_id = ss.exchange_id
        WHERE (replace(ss.symbol, '/', '.'), s.region_id) in (('SPY', 1)) AND
            '2024-09-12 00:00:00' between ss.t_date and ss.term_date
    
[2026-08-24 09:18:27,104] [merqutil.db] [INFO] [56923] 1 rows selected in 0.016495709074661136 s
[2026-08-24 09:18:27,105] [merq.merq_platform.impl.services.options.ivol_utils] [DEBUG] [56923] Getting stock ids for 1 merq_ids, effective date: 2024-09-12 00:00:00.
[2026-08-24 09:18:27,105] [merqutil.db] [DEBUG] [56923] : running sql

        SELECT
            MAX(ss.stock_id) AS stock_id,
            REPLACE(ss.symbol, '/', '.') AS symbol,
            e.mic
        FROM ivol.stock_symbol ss
        LEFT JOIN ivol.exchange e
            ON e.exchange_id = ss.exchange_id
        WHERE
            (REPLACE(ss.symbol, '/', '.'), COALESCE(e.mic, 'NA')) IN (('SPY', 'ARCX')) AND
            '2024-09-12 00:00:00' BETWEEN ss.t_date AND ss.term_date
        GROUP BY ss.symbol, e.mic
        HAVING COUNT(DISTINCT ss.stock_id) = 1
    
[2026-08-24 09:18:27,121] [merqutil.db] [INFO] [56923] 1 rows selected in 0.015743167139589787 s
[2026-08-24 09:18:27,121] [merq.merq_platform.impl.services.options.ivol_utils] [DEBUG] [56923] Found 1 symbol, mic pairs mapping to stock ids.
[2026-08-24 09:18:27,121] [merqutil.db] [DEBUG] [56923] : running sql

            SELECT ca.ex_date, ca.action_type, ca.stock_id
            FROM merq.corp_actions ca
            WHERE ca.ex_date = '2024-09-12 00:00:00' AND
                ca.action_type in ('dvd', 'spl', 'sdvd', 'sp', 'distr', 'rts') AND
                ca.stock_id in (627)
        
[2026-08-24 09:18:27,135] [merqutil.db] [INFO] [56923] 0 rows selected in 0.013519875006750226 s
[2026-08-24 09:18:27,135] [merqutil.db] [DEBUG] [56923] : running sql

        SELECT d.stock_id, d.last_dvd_date, d.last_dvd_amount, d.real_last_dvd_amount, d.dvd_ccy
        FROM ivol.dividend d
        WHERE d.last_dvd_date = '2024-09-12 00:00:00' AND
            d.stock_id in (627)
        
[2026-08-24 09:18:27,148] [merqutil.db] [INFO] [56923] 0 rows selected in 0.012829666957259178 s
[2026-08-24 09:18:27,149] [merqutil.db] [DEBUG] [56923] : running sql

            SELECT COUNT(*)
            FROM merq.corp_actions ca
            JOIN ivol.root_property rp
                ON (
                    rp.stock_id=ca.stock_id
                )
            WHERE (ca.ex_date='2024-09-11 00:00:00' OR ca.ex_date='2024-09-12 00:00:00')
                AND ca.action_type='rn'
                AND rp.action_type='RootRn'
                AND rp.t_date='2024-09-12 00:00:00'
                AND ca.stock_id IN (627);
        
[2026-08-24 09:18:27,165] [merqutil.db] [INFO] [56923] 1 rows selected in 0.015985750127583742 s
[2026-08-24 09:18:27,167] [merq.merq_platform.api.components.computation_pipeline.level_computers.standard_level_computer] [DEBUG] [56923] Equities contribution to index level: 1018.1998494058879
[2026-08-24 09:18:27,167] [merq.merq_platform.api.components.computation_pipeline.level_computers.standard_level_computer] [DEBUG] [56923] Options contribution to index level: -5.188150814493724
[2026-08-24 09:18:27,167] [merq.merq_platform.api.components.computation_pipeline.level_computers.standard_level_computer] [DEBUG] [56923] Cash contribution to index level: 16.20723219040974
[2026-08-24 09:18:27,168] [merq.merq_platform.api.components.computation_pipeline.level_computers.standard_level_computer] [DEBUG] [56923] Equities contribution to index level: 1026.776367743476
[2026-08-24 09:18:27,168] [merq.merq_platform.api.components.computation_pipeline.level_computers.standard_level_computer] [DEBUG] [56923] Options contribution to index level: -7.841912912526823
[2026-08-24 09:18:27,168] [merq.merq_platform.api.components.computation_pipeline.level_computers.standard_level_computer] [DEBUG] [56923] Cash contribution to index level: 16.20723219040974
[2026-08-24 09:18:27,168] [merq.merq_platform.api.indices.multi_asset.multi_asset_base_index] [INFO] [56923] Computed index level for 2024-09-12 00:00:00 as 1035.1416870213588
[2026-08-24 09:18:27,169] [merq.merq_platform.api.components.computation_pipeline.level_computers.standard_level_computer] [DEBUG] [56923] Equities contribution to index level: 1026.776367743476
[2026-08-24 09:18:27,169] [merq.merq_platform.api.components.computation_pipeline.level_computers.standard_level_computer] [DEBUG] [56923] Options contribution to index level: -7.841912912526823
[2026-08-24 09:18:27,169] [merq.merq_platform.api.components.computation_pipeline.level_computers.standard_level_computer] [DEBUG] [56923] Cash contribution to index level: 16.20723219040974
[2026-08-24 09:18:27,183] [merq.merq_platform.api.indices.multi_asset.multi_asset_base_index] [DEBUG] [56923] Loaded in portfolio for date 2024-09-12 00:00:00
[2026-08-24 09:18:27,183] [merq.merq_platform.api.components.computation_pipeline.corax_loaders.index_corporate_actions_loader] [DEBUG] [56923] Loading corporate actions for el merq ids in unknown from 2024-09-13 00:00:00 to 2024-09-13 00:00:00...
[2026-08-24 09:18:27,184] [merq.merq_platform.api.components.computation_pipeline.corax_loaders.index_corporate_actions_loader] [DEBUG] [56923] Loading corporate actions for op merq ids in unknown from 2024-09-13 00:00:00 to 2024-09-13 00:00:00...
[2026-08-24 09:18:27,184] [merq.merq_platform.impl.services.options.ivol_reference_data_provider] [DEBUG] [56923] Getting underlying for 1 option contracts on eff_date: 2024-09-12 00:00:00
[2026-08-24 09:18:27,184] [merqutil.db] [DEBUG] [56923] : running sql

            SELECT
                rp.symbol, e.mic
            FROM ivol.root_property rp
            JOIN ivol.exchange e
                ON e.exchange_id = rp.exchange_id
            JOIN ivol.stock s
                ON s.stock_id = rp.stock_id
            WHERE rp.symbol in ('SPY')
                AND rp.t_date <= '2024-09-12 00:00:00' AND rp.term_date >= '2024-09-12 00:00:00'
                AND s.region_id = 1;
        
[2026-08-24 09:18:27,198] [merqutil.db] [INFO] [56923] 1 rows selected in 0.013778500026091933 s
[2026-08-24 09:18:27,265] [merq.merq_platform.impl.services.options.ivol_utils] [DEBUG] [56923] Created temp table temp_option_contract_keys with index
[2026-08-24 09:18:27,265] [merq.merq_platform.impl.services.options.ivol_utils] [DEBUG] [56923] Populating temp table with 1 option keys
[2026-08-24 09:18:27,301] [merq.merq_platform.impl.services.options.ivol_utils] [DEBUG] [56923] Inserted 1 keys into temp table in 1 batches
[2026-08-24 09:18:27,339] [merqutil.db] [DEBUG] [56923] materializing option contracts: : running sql
CREATE TEMP TABLE temp_option_contracts AS 
        SELECT
            ov.t_date,
            ov.expiration_date, ov.call_put, ov.strike, ov.root, e.mic,
            ov.stock_id, ov.root_id
        FROM ivol.option_value ov
        JOIN ivol.root_property rp
            ON rp.root_id = ov.root_id
            AND '2024-09-12 00:00:00' BETWEEN rp.t_date AND rp.term_date
        JOIN ivol.exchange e
            ON e.exchange_id = rp.exchange_id
        JOIN temp_option_contract_keys tok
            ON ov.expiration_date = tok.expiration_date
            AND ov.call_put = tok.call_put
            AND ov.strike = tok.strike
            AND ov.root = tok.root
            AND e.mic = tok.mic
        WHERE ov.t_date = '2024-09-12 00:00:00'
        UNION ALL
        SELECT
            ovn.t_date,
            ovn.expiration_date, ovn.call_put, ovn.strike, ovn.root, e.mic,
            ovn.stock_id, ovn.root_id
        FROM ivol.option_value_ns ovn
        JOIN ivol.root_property rp
            ON rp.root_id = ovn.root_id
            AND '2024-09-12 00:00:00' BETWEEN rp.t_date AND rp.term_date
        JOIN ivol.exchange e
            ON e.exchange_id = rp.exchange_id
        JOIN temp_option_contract_keys tok
            ON ovn.expiration_date = tok.expiration_date
            AND ovn.call_put = tok.call_put
            AND ovn.strike = tok.strike
            AND ovn.root = tok.root
            AND e.mic = tok.mic
        WHERE ovn.t_date = '2024-09-12 00:00:00'
    
[2026-08-24 09:18:27,380] [merqutil.db] [INFO] [56923] materializing option contracts: 1 rows created in 0.04081558296456933 s
[2026-08-24 09:18:27,460] [merqutil.db] [DEBUG] [56923] : running sql

            SELECT
                ov.root, ov.expiration_date, ov.call_put, ov.strike, ov.mic,
                replace(ss.symbol, '/', '.') as symbol
            FROM temp_option_contracts ov
            JOIN ivol.stock_symbol ss
                ON (ss.stock_id = ov.stock_id
                    AND '2024-09-12 00:00:00' BETWEEN ss.t_date AND ss.term_date
                    AND ss.symbol not like '%%%%7' -- Exclude mini options
                )
            JOIN ivol.stock s
                ON (ss.stock_id = s.stock_id)
            WHERE
                s.type IN ('S', 'F')
        
[2026-08-24 09:18:27,487] [merqutil.db] [INFO] [56923] 1 rows selected in 0.02715733414515853 s
[2026-08-24 09:18:27,488] [merqutil.db] [DEBUG] [56923] : running sql

            SELECT
                rp.symbol, e.mic
            FROM ivol.root_property rp
            JOIN ivol.exchange e
                ON e.exchange_id = rp.exchange_id
            JOIN ivol.stock s
                ON s.stock_id = rp.stock_id
            WHERE rp.symbol in ('SPY')
                AND rp.t_date <= '2024-09-12 00:00:00' AND rp.term_date >= '2024-09-12 00:00:00'
                AND s.region_id = 1;
        
[2026-08-24 09:18:27,501] [merqutil.db] [INFO] [56923] 1 rows selected in 0.013076332863420248 s
[2026-08-24 09:18:27,569] [merq.merq_platform.impl.services.options.ivol_utils] [DEBUG] [56923] Created temp table temp_option_contract_keys with index
[2026-08-24 09:18:27,569] [merq.merq_platform.impl.services.options.ivol_utils] [DEBUG] [56923] Populating temp table with 1 option keys
[2026-08-24 09:18:27,606] [merq.merq_platform.impl.services.options.ivol_utils] [DEBUG] [56923] Inserted 1 keys into temp table in 1 batches
[2026-08-24 09:18:27,646] [merqutil.db] [DEBUG] [56923] materializing option contracts: : running sql
CREATE TEMP TABLE temp_option_contracts AS 
        SELECT
            ov.t_date,
            ov.expiration_date, ov.call_put, ov.strike, ov.root, e.mic,
            ov.stock_id, ov.root_id
        FROM ivol.option_value ov
        JOIN ivol.root_property rp
            ON rp.root_id = ov.root_id
            AND '2024-09-12 00:00:00' BETWEEN rp.t_date AND rp.term_date
        JOIN ivol.exchange e
            ON e.exchange_id = rp.exchange_id
        JOIN temp_option_contract_keys tok
            ON ov.expiration_date = tok.expiration_date
            AND ov.call_put = tok.call_put
            AND ov.strike = tok.strike
            AND ov.root = tok.root
            AND e.mic = tok.mic
        WHERE ov.t_date = '2024-09-12 00:00:00'
        UNION ALL
        SELECT
            ovn.t_date,
            ovn.expiration_date, ovn.call_put, ovn.strike, ovn.root, e.mic,
            ovn.stock_id, ovn.root_id
        FROM ivol.option_value_ns ovn
        JOIN ivol.root_property rp
            ON rp.root_id = ovn.root_id
            AND '2024-09-12 00:00:00' BETWEEN rp.t_date AND rp.term_date
        JOIN ivol.exchange e
            ON e.exchange_id = rp.exchange_id
        JOIN temp_option_contract_keys tok
            ON ovn.expiration_date = tok.expiration_date
            AND ovn.call_put = tok.call_put
            AND ovn.strike = tok.strike
            AND ovn.root = tok.root
            AND e.mic = tok.mic
        WHERE ovn.t_date = '2024-09-12 00:00:00'
    
[2026-08-24 09:18:27,688] [merqutil.db] [INFO] [56923] materializing option contracts: 1 rows created in 0.0419210831169039 s
[2026-08-24 09:18:27,771] [merqutil.db] [DEBUG] [56923] : running sql

            SELECT
                ov.root, ov.expiration_date, ov.call_put, ov.strike, ov.mic,
                replace(ss.symbol, '/', '.') as symbol
            FROM temp_option_contracts ov
            JOIN ivol.stock_symbol ss
                ON (ss.stock_id = ov.stock_id
                    AND '2024-09-12 00:00:00' BETWEEN ss.t_date AND ss.term_date
                    AND ss.symbol not like '%%%%7' -- Exclude mini options
                )
            JOIN ivol.stock s
                ON (ss.stock_id = s.stock_id)
            WHERE
                s.type IN ('I')
        
[2026-08-24 09:18:27,798] [merqutil.db] [INFO] [56923] 0 rows selected in 0.02694387501105666 s
[2026-08-24 09:18:27,799] [merq.merq_platform.impl.services.options.ivol_utils] [DEBUG] [56923] Getting external id for <class 'merq.merq_platform.api.components.identifiers.merq_equity_id.MerqEquityListingId'> with 1 ids.
[2026-08-24 09:18:27,799] [merqutil.db] [DEBUG] [56923] : running sql

        SELECT
            REPLACE(ss.symbol, '/', '.') AS symbol,
            s.region_id,
            e.mic
        FROM ivol.stock_symbol ss
        JOIN ivol.stock s
            ON s.stock_id = ss.stock_id
        LEFT JOIN ivol.exchange e
            ON e.exchange_id = ss.exchange_id
        WHERE (replace(ss.symbol, '/', '.'), s.region_id) in (('SPY', 1)) AND
            '2024-09-13 00:00:00' between ss.t_date and ss.term_date
    
[2026-08-24 09:18:27,815] [merqutil.db] [INFO] [56923] 1 rows selected in 0.016118250088766217 s
[2026-08-24 09:18:27,815] [merq.merq_platform.impl.services.options.ivol_utils] [DEBUG] [56923] Getting stock ids for 1 merq_ids, effective date: 2024-09-13 00:00:00.
[2026-08-24 09:18:27,816] [merqutil.db] [DEBUG] [56923] : running sql

        SELECT
            MAX(ss.stock_id) AS stock_id,
            REPLACE(ss.symbol, '/', '.') AS symbol,
            e.mic
        FROM ivol.stock_symbol ss
        LEFT JOIN ivol.exchange e
            ON e.exchange_id = ss.exchange_id
        WHERE
            (REPLACE(ss.symbol, '/', '.'), COALESCE(e.mic, 'NA')) IN (('SPY', 'ARCX')) AND
            '2024-09-13 00:00:00' BETWEEN ss.t_date AND ss.term_date
        GROUP BY ss.symbol, e.mic
        HAVING COUNT(DISTINCT ss.stock_id) = 1
    
[2026-08-24 09:18:27,834] [merqutil.db] [INFO] [56923] 1 rows selected in 0.018668584059923887 s
[2026-08-24 09:18:27,834] [merq.merq_platform.impl.services.options.ivol_utils] [DEBUG] [56923] Found 1 symbol, mic pairs mapping to stock ids.
[2026-08-24 09:18:27,835] [merqutil.db] [DEBUG] [56923] : running sql

            SELECT ca.ex_date, ca.action_type, ca.stock_id
            FROM merq.corp_actions ca
            WHERE ca.ex_date = '2024-09-13 00:00:00' AND
                ca.action_type in ('dvd', 'spl', 'sdvd', 'sp', 'distr', 'rts') AND
                ca.stock_id in (627)
        
[2026-08-24 09:18:27,848] [merqutil.db] [INFO] [56923] 0 rows selected in 0.013138249982148409 s
[2026-08-24 09:18:27,848] [merqutil.db] [DEBUG] [56923] : running sql

        SELECT d.stock_id, d.last_dvd_date, d.last_dvd_amount, d.real_last_dvd_amount, d.dvd_ccy
        FROM ivol.dividend d
        WHERE d.last_dvd_date = '2024-09-13 00:00:00' AND
            d.stock_id in (627)
        
[2026-08-24 09:18:27,860] [merqutil.db] [INFO] [56923] 0 rows selected in 0.011439000023528934 s
[2026-08-24 09:18:27,860] [merqutil.db] [DEBUG] [56923] : running sql

            SELECT COUNT(*)
            FROM merq.corp_actions ca
            JOIN ivol.root_property rp
                ON (
                    rp.stock_id=ca.stock_id
                )
            WHERE (ca.ex_date='2024-09-12 00:00:00' OR ca.ex_date='2024-09-13 00:00:00')
                AND ca.action_type='rn'
                AND rp.action_type='RootRn'
                AND rp.t_date='2024-09-13 00:00:00'
                AND ca.stock_id IN (627);
        
[2026-08-24 09:18:27,873] [merqutil.db] [INFO] [56923] 1 rows selected in 0.012323208153247833 s
[2026-08-24 09:18:27,874] [merq.merq_platform.api.components.computation_pipeline.level_computers.standard_level_computer] [DEBUG] [56923] Equities contribution to index level: 1026.776367743476
[2026-08-24 09:18:27,874] [merq.merq_platform.api.components.computation_pipeline.level_computers.standard_level_computer] [DEBUG] [56923] Options contribution to index level: -7.841912912526823
[2026-08-24 09:18:27,874] [merq.merq_platform.api.components.computation_pipeline.level_computers.standard_level_computer] [DEBUG] [56923] Cash contribution to index level: 16.20723219040974
[2026-08-24 09:18:27,875] [merq.merq_platform.api.components.computation_pipeline.level_computers.standard_level_computer] [DEBUG] [56923] Equities contribution to index level: 1032.1389873464216
[2026-08-24 09:18:27,875] [merq.merq_platform.api.components.computation_pipeline.level_computers.standard_level_computer] [DEBUG] [56923] Options contribution to index level: -9.90799067051114
[2026-08-24 09:18:27,875] [merq.merq_platform.api.components.computation_pipeline.level_computers.standard_level_computer] [DEBUG] [56923] Cash contribution to index level: 16.207232190409627
[2026-08-24 09:18:27,875] [merq.merq_platform.api.indices.multi_asset.multi_asset_base_index] [INFO] [56923] Computed index level for 2024-09-13 00:00:00 as 1038.43822886632
[2026-08-24 09:18:27,876] [merq.merq_platform.api.components.computation_pipeline.level_computers.standard_level_computer] [DEBUG] [56923] Equities contribution to index level: 1032.1389873464216
[2026-08-24 09:18:27,876] [merq.merq_platform.api.components.computation_pipeline.level_computers.standard_level_computer] [DEBUG] [56923] Options contribution to index level: -9.90799067051114
[2026-08-24 09:18:27,876] [merq.merq_platform.api.components.computation_pipeline.level_computers.standard_level_computer] [DEBUG] [56923] Cash contribution to index level: 16.207232190409627
[2026-08-24 09:18:27,888] [merq.merq_platform.api.indices.multi_asset.multi_asset_base_index] [DEBUG] [56923] Loaded in portfolio for date 2024-09-13 00:00:00
[2026-08-24 09:18:27,888] [merq.merq_platform.api.components.computation_pipeline.corax_loaders.index_corporate_actions_loader] [DEBUG] [56923] Loading corporate actions for el merq ids in unknown from 2024-09-14 00:00:00 to 2024-09-16 00:00:00...
[2026-08-24 09:18:27,889] [merq.merq_platform.api.components.computation_pipeline.corax_loaders.index_corporate_actions_loader] [DEBUG] [56923] Loading corporate actions for op merq ids in unknown from 2024-09-14 00:00:00 to 2024-09-16 00:00:00...
[2026-08-24 09:18:27,889] [merq.merq_platform.impl.services.options.ivol_reference_data_provider] [DEBUG] [56923] Getting underlying for 1 option contracts on eff_date: 2024-09-13 00:00:00
[2026-08-24 09:18:27,889] [merqutil.db] [DEBUG] [56923] : running sql

            SELECT
                rp.symbol, e.mic
            FROM ivol.root_property rp
            JOIN ivol.exchange e
                ON e.exchange_id = rp.exchange_id
            JOIN ivol.stock s
                ON s.stock_id = rp.stock_id
            WHERE rp.symbol in ('SPY')
                AND rp.t_date <= '2024-09-13 00:00:00' AND rp.term_date >= '2024-09-13 00:00:00'
                AND s.region_id = 1;
        
[2026-08-24 09:18:27,902] [merqutil.db] [INFO] [56923] 1 rows selected in 0.012422417057678103 s
[2026-08-24 09:18:27,973] [merq.merq_platform.impl.services.options.ivol_utils] [DEBUG] [56923] Created temp table temp_option_contract_keys with index
[2026-08-24 09:18:27,973] [merq.merq_platform.impl.services.options.ivol_utils] [DEBUG] [56923] Populating temp table with 1 option keys
[2026-08-24 09:18:28,013] [merq.merq_platform.impl.services.options.ivol_utils] [DEBUG] [56923] Inserted 1 keys into temp table in 1 batches
[2026-08-24 09:18:28,066] [merqutil.db] [DEBUG] [56923] materializing option contracts: : running sql
CREATE TEMP TABLE temp_option_contracts AS 
        SELECT
            ov.t_date,
            ov.expiration_date, ov.call_put, ov.strike, ov.root, e.mic,
            ov.stock_id, ov.root_id
        FROM ivol.option_value ov
        JOIN ivol.root_property rp
            ON rp.root_id = ov.root_id
            AND '2024-09-13 00:00:00' BETWEEN rp.t_date AND rp.term_date
        JOIN ivol.exchange e
            ON e.exchange_id = rp.exchange_id
        JOIN temp_option_contract_keys tok
            ON ov.expiration_date = tok.expiration_date
            AND ov.call_put = tok.call_put
            AND ov.strike = tok.strike
            AND ov.root = tok.root
            AND e.mic = tok.mic
        WHERE ov.t_date = '2024-09-13 00:00:00'
        UNION ALL
        SELECT
            ovn.t_date,
            ovn.expiration_date, ovn.call_put, ovn.strike, ovn.root, e.mic,
            ovn.stock_id, ovn.root_id
        FROM ivol.option_value_ns ovn
        JOIN ivol.root_property rp
            ON rp.root_id = ovn.root_id
            AND '2024-09-13 00:00:00' BETWEEN rp.t_date AND rp.term_date
        JOIN ivol.exchange e
            ON e.exchange_id = rp.exchange_id
        JOIN temp_option_contract_keys tok
            ON ovn.expiration_date = tok.expiration_date
            AND ovn.call_put = tok.call_put
            AND ovn.strike = tok.strike
            AND ovn.root = tok.root
            AND e.mic = tok.mic
        WHERE ovn.t_date = '2024-09-13 00:00:00'
    
[2026-08-24 09:18:28,108] [merqutil.db] [INFO] [56923] materializing option contracts: 1 rows created in 0.04176199994981289 s
[2026-08-24 09:18:28,186] [merqutil.db] [DEBUG] [56923] : running sql

            SELECT
                ov.root, ov.expiration_date, ov.call_put, ov.strike, ov.mic,
                replace(ss.symbol, '/', '.') as symbol
            FROM temp_option_contracts ov
            JOIN ivol.stock_symbol ss
                ON (ss.stock_id = ov.stock_id
                    AND '2024-09-13 00:00:00' BETWEEN ss.t_date AND ss.term_date
                    AND ss.symbol not like '%%%%7' -- Exclude mini options
                )
            JOIN ivol.stock s
                ON (ss.stock_id = s.stock_id)
            WHERE
                s.type IN ('S', 'F')
        
[2026-08-24 09:18:28,211] [merqutil.db] [INFO] [56923] 1 rows selected in 0.024720665998756886 s
[2026-08-24 09:18:28,212] [merqutil.db] [DEBUG] [56923] : running sql

            SELECT
                rp.symbol, e.mic
            FROM ivol.root_property rp
            JOIN ivol.exchange e
                ON e.exchange_id = rp.exchange_id
            JOIN ivol.stock s
                ON s.stock_id = rp.stock_id
            WHERE rp.symbol in ('SPY')
                AND rp.t_date <= '2024-09-13 00:00:00' AND rp.term_date >= '2024-09-13 00:00:00'
                AND s.region_id = 1;
        
[2026-08-24 09:18:28,224] [merqutil.db] [INFO] [56923] 1 rows selected in 0.012131541967391968 s
[2026-08-24 09:18:28,291] [merq.merq_platform.impl.services.options.ivol_utils] [DEBUG] [56923] Created temp table temp_option_contract_keys with index
[2026-08-24 09:18:28,291] [merq.merq_platform.impl.services.options.ivol_utils] [DEBUG] [56923] Populating temp table with 1 option keys
[2026-08-24 09:18:28,330] [merq.merq_platform.impl.services.options.ivol_utils] [DEBUG] [56923] Inserted 1 keys into temp table in 1 batches
[2026-08-24 09:18:28,369] [merqutil.db] [DEBUG] [56923] materializing option contracts: : running sql
CREATE TEMP TABLE temp_option_contracts AS 
        SELECT
            ov.t_date,
            ov.expiration_date, ov.call_put, ov.strike, ov.root, e.mic,
            ov.stock_id, ov.root_id
        FROM ivol.option_value ov
        JOIN ivol.root_property rp
            ON rp.root_id = ov.root_id
            AND '2024-09-13 00:00:00' BETWEEN rp.t_date AND rp.term_date
        JOIN ivol.exchange e
            ON e.exchange_id = rp.exchange_id
        JOIN temp_option_contract_keys tok
            ON ov.expiration_date = tok.expiration_date
            AND ov.call_put = tok.call_put
            AND ov.strike = tok.strike
            AND ov.root = tok.root
            AND e.mic = tok.mic
        WHERE ov.t_date = '2024-09-13 00:00:00'
        UNION ALL
        SELECT
            ovn.t_date,
            ovn.expiration_date, ovn.call_put, ovn.strike, ovn.root, e.mic,
            ovn.stock_id, ovn.root_id
        FROM ivol.option_value_ns ovn
        JOIN ivol.root_property rp
            ON rp.root_id = ovn.root_id
            AND '2024-09-13 00:00:00' BETWEEN rp.t_date AND rp.term_date
        JOIN ivol.exchange e
            ON e.exchange_id = rp.exchange_id
        JOIN temp_option_contract_keys tok
            ON ovn.expiration_date = tok.expiration_date
            AND ovn.call_put = tok.call_put
            AND ovn.strike = tok.strike
            AND ovn.root = tok.root
            AND e.mic = tok.mic
        WHERE ovn.t_date = '2024-09-13 00:00:00'
    
[2026-08-24 09:18:28,410] [merqutil.db] [INFO] [56923] materializing option contracts: 1 rows created in 0.04070912511087954 s
[2026-08-24 09:18:28,487] [merqutil.db] [DEBUG] [56923] : running sql

            SELECT
                ov.root, ov.expiration_date, ov.call_put, ov.strike, ov.mic,
                replace(ss.symbol, '/', '.') as symbol
            FROM temp_option_contracts ov
            JOIN ivol.stock_symbol ss
                ON (ss.stock_id = ov.stock_id
                    AND '2024-09-13 00:00:00' BETWEEN ss.t_date AND ss.term_date
                    AND ss.symbol not like '%%%%7' -- Exclude mini options
                )
            JOIN ivol.stock s
                ON (ss.stock_id = s.stock_id)
            WHERE
                s.type IN ('I')
        
[2026-08-24 09:18:28,512] [merqutil.db] [INFO] [56923] 0 rows selected in 0.024894917150959373 s
[2026-08-24 09:18:28,513] [merq.merq_platform.impl.services.options.ivol_utils] [DEBUG] [56923] Getting external id for <class 'merq.merq_platform.api.components.identifiers.merq_equity_id.MerqEquityListingId'> with 1 ids.
[2026-08-24 09:18:28,513] [merqutil.db] [DEBUG] [56923] : running sql

        SELECT
            REPLACE(ss.symbol, '/', '.') AS symbol,
            s.region_id,
            e.mic
        FROM ivol.stock_symbol ss
        JOIN ivol.stock s
            ON s.stock_id = ss.stock_id
        LEFT JOIN ivol.exchange e
            ON e.exchange_id = ss.exchange_id
        WHERE (replace(ss.symbol, '/', '.'), s.region_id) in (('SPY', 1)) AND
            '2024-09-16 00:00:00' between ss.t_date and ss.term_date
    
[2026-08-24 09:18:28,529] [merqutil.db] [INFO] [56923] 1 rows selected in 0.01630658400245011 s
[2026-08-24 09:18:28,530] [merq.merq_platform.impl.services.options.ivol_utils] [DEBUG] [56923] Getting stock ids for 1 merq_ids, effective date: 2024-09-16 00:00:00.
[2026-08-24 09:18:28,530] [merqutil.db] [DEBUG] [56923] : running sql

        SELECT
            MAX(ss.stock_id) AS stock_id,
            REPLACE(ss.symbol, '/', '.') AS symbol,
            e.mic
        FROM ivol.stock_symbol ss
        LEFT JOIN ivol.exchange e
            ON e.exchange_id = ss.exchange_id
        WHERE
            (REPLACE(ss.symbol, '/', '.'), COALESCE(e.mic, 'NA')) IN (('SPY', 'ARCX')) AND
            '2024-09-16 00:00:00' BETWEEN ss.t_date AND ss.term_date
        GROUP BY ss.symbol, e.mic
        HAVING COUNT(DISTINCT ss.stock_id) = 1
    
[2026-08-24 09:18:28,552] [merqutil.db] [INFO] [56923] 1 rows selected in 0.021947416942566633 s
[2026-08-24 09:18:28,552] [merq.merq_platform.impl.services.options.ivol_utils] [DEBUG] [56923] Found 1 symbol, mic pairs mapping to stock ids.
[2026-08-24 09:18:28,552] [merqutil.db] [DEBUG] [56923] : running sql

            SELECT ca.ex_date, ca.action_type, ca.stock_id
            FROM merq.corp_actions ca
            WHERE ca.ex_date = '2024-09-16 00:00:00' AND
                ca.action_type in ('dvd', 'spl', 'sdvd', 'sp', 'distr', 'rts') AND
                ca.stock_id in (627)
        
[2026-08-24 09:18:28,564] [merqutil.db] [INFO] [56923] 0 rows selected in 0.011787875089794397 s
[2026-08-24 09:18:28,564] [merqutil.db] [DEBUG] [56923] : running sql

        SELECT d.stock_id, d.last_dvd_date, d.last_dvd_amount, d.real_last_dvd_amount, d.dvd_ccy
        FROM ivol.dividend d
        WHERE d.last_dvd_date = '2024-09-16 00:00:00' AND
            d.stock_id in (627)
        
[2026-08-24 09:18:28,577] [merqutil.db] [INFO] [56923] 0 rows selected in 0.012506374856457114 s
[2026-08-24 09:18:28,577] [merqutil.db] [DEBUG] [56923] : running sql

            SELECT COUNT(*)
            FROM merq.corp_actions ca
            JOIN ivol.root_property rp
                ON (
                    rp.stock_id=ca.stock_id
                )
            WHERE (ca.ex_date='2024-09-13 00:00:00' OR ca.ex_date='2024-09-16 00:00:00')
                AND ca.action_type='rn'
                AND rp.action_type='RootRn'
                AND rp.t_date='2024-09-16 00:00:00'
                AND ca.stock_id IN (627);
        
[2026-08-24 09:18:28,591] [merqutil.db] [INFO] [56923] 1 rows selected in 0.013938124990090728 s
[2026-08-24 09:18:28,594] [merq.merq_platform.api.components.computation_pipeline.level_computers.standard_level_computer] [DEBUG] [56923] Equities contribution to index level: 1032.1389873464216
[2026-08-24 09:18:28,594] [merq.merq_platform.api.components.computation_pipeline.level_computers.standard_level_computer] [DEBUG] [56923] Options contribution to index level: -9.90799067051114
[2026-08-24 09:18:28,594] [merq.merq_platform.api.components.computation_pipeline.level_computers.standard_level_computer] [DEBUG] [56923] Cash contribution to index level: 16.207232190409627
[2026-08-24 09:18:28,595] [merq.merq_platform.api.components.computation_pipeline.level_computers.standard_level_computer] [DEBUG] [56923] Equities contribution to index level: 1033.6632936034234
[2026-08-24 09:18:28,595] [merq.merq_platform.api.components.computation_pipeline.level_computers.standard_level_computer] [DEBUG] [56923] Options contribution to index level: -10.605865824319153
[2026-08-24 09:18:28,595] [merq.merq_platform.api.components.computation_pipeline.level_computers.standard_level_computer] [DEBUG] [56923] Cash contribution to index level: 16.20723219040974
[2026-08-24 09:18:28,595] [merq.merq_platform.api.indices.multi_asset.multi_asset_base_index] [INFO] [56923] Computed index level for 2024-09-16 00:00:00 as 1039.264659969514
[2026-08-24 09:18:28,595] [merq.merq_platform.api.components.computation_pipeline.level_computers.standard_level_computer] [DEBUG] [56923] Equities contribution to index level: 1033.6632936034234
[2026-08-24 09:18:28,595] [merq.merq_platform.api.components.computation_pipeline.level_computers.standard_level_computer] [DEBUG] [56923] Options contribution to index level: -10.605865824319153
[2026-08-24 09:18:28,596] [merq.merq_platform.api.components.computation_pipeline.level_computers.standard_level_computer] [DEBUG] [56923] Cash contribution to index level: 16.20723219040974
[2026-08-24 09:18:28,607] [merq.merq_platform.api.indices.multi_asset.multi_asset_base_index] [DEBUG] [56923] Loaded in portfolio for date 2024-09-16 00:00:00
[2026-08-24 09:18:28,607] [merq.merq_platform.api.components.computation_pipeline.corax_loaders.index_corporate_actions_loader] [DEBUG] [56923] Loading corporate actions for el merq ids in unknown from 2024-09-17 00:00:00 to 2024-09-17 00:00:00...
[2026-08-24 09:18:28,607] [merq.merq_platform.api.components.computation_pipeline.corax_loaders.index_corporate_actions_loader] [DEBUG] [56923] Loading corporate actions for op merq ids in unknown from 2024-09-17 00:00:00 to 2024-09-17 00:00:00...
[2026-08-24 09:18:28,607] [merq.merq_platform.impl.services.options.ivol_reference_data_provider] [DEBUG] [56923] Getting underlying for 1 option contracts on eff_date: 2024-09-16 00:00:00
[2026-08-24 09:18:28,607] [merqutil.db] [DEBUG] [56923] : running sql

            SELECT
                rp.symbol, e.mic
            FROM ivol.root_property rp
            JOIN ivol.exchange e
                ON e.exchange_id = rp.exchange_id
            JOIN ivol.stock s
                ON s.stock_id = rp.stock_id
            WHERE rp.symbol in ('SPY')
                AND rp.t_date <= '2024-09-16 00:00:00' AND rp.term_date >= '2024-09-16 00:00:00'
                AND s.region_id = 1;
        
[2026-08-24 09:18:28,620] [merqutil.db] [INFO] [56923] 1 rows selected in 0.012788290856406093 s
[2026-08-24 09:18:28,694] [merq.merq_platform.impl.services.options.ivol_utils] [DEBUG] [56923] Created temp table temp_option_contract_keys with index
[2026-08-24 09:18:28,694] [merq.merq_platform.impl.services.options.ivol_utils] [DEBUG] [56923] Populating temp table with 1 option keys
[2026-08-24 09:18:28,732] [merq.merq_platform.impl.services.options.ivol_utils] [DEBUG] [56923] Inserted 1 keys into temp table in 1 batches
[2026-08-24 09:18:28,772] [merqutil.db] [DEBUG] [56923] materializing option contracts: : running sql
CREATE TEMP TABLE temp_option_contracts AS 
        SELECT
            ov.t_date,
            ov.expiration_date, ov.call_put, ov.strike, ov.root, e.mic,
            ov.stock_id, ov.root_id
        FROM ivol.option_value ov
        JOIN ivol.root_property rp
            ON rp.root_id = ov.root_id
            AND '2024-09-16 00:00:00' BETWEEN rp.t_date AND rp.term_date
        JOIN ivol.exchange e
            ON e.exchange_id = rp.exchange_id
        JOIN temp_option_contract_keys tok
            ON ov.expiration_date = tok.expiration_date
            AND ov.call_put = tok.call_put
            AND ov.strike = tok.strike
            AND ov.root = tok.root
            AND e.mic = tok.mic
        WHERE ov.t_date = '2024-09-16 00:00:00'
        UNION ALL
        SELECT
            ovn.t_date,
            ovn.expiration_date, ovn.call_put, ovn.strike, ovn.root, e.mic,
            ovn.stock_id, ovn.root_id
        FROM ivol.option_value_ns ovn
        JOIN ivol.root_property rp
            ON rp.root_id = ovn.root_id
            AND '2024-09-16 00:00:00' BETWEEN rp.t_date AND rp.term_date
        JOIN ivol.exchange e
            ON e.exchange_id = rp.exchange_id
        JOIN temp_option_contract_keys tok
            ON ovn.expiration_date = tok.expiration_date
            AND ovn.call_put = tok.call_put
            AND ovn.strike = tok.strike
            AND ovn.root = tok.root
            AND e.mic = tok.mic
        WHERE ovn.t_date = '2024-09-16 00:00:00'
    
[2026-08-24 09:18:28,812] [merqutil.db] [INFO] [56923] materializing option contracts: 1 rows created in 0.040318249957636 s
[2026-08-24 09:18:28,891] [merqutil.db] [DEBUG] [56923] : running sql

            SELECT
                ov.root, ov.expiration_date, ov.call_put, ov.strike, ov.mic,
                replace(ss.symbol, '/', '.') as symbol
            FROM temp_option_contracts ov
            JOIN ivol.stock_symbol ss
                ON (ss.stock_id = ov.stock_id
                    AND '2024-09-16 00:00:00' BETWEEN ss.t_date AND ss.term_date
                    AND ss.symbol not like '%%%%7' -- Exclude mini options
                )
            JOIN ivol.stock s
                ON (ss.stock_id = s.stock_id)
            WHERE
                s.type IN ('S', 'F')
        
[2026-08-24 09:18:28,919] [merqutil.db] [INFO] [56923] 1 rows selected in 0.02785041695460677 s
[2026-08-24 09:18:28,920] [merqutil.db] [DEBUG] [56923] : running sql

            SELECT
                rp.symbol, e.mic
            FROM ivol.root_property rp
            JOIN ivol.exchange e
                ON e.exchange_id = rp.exchange_id
            JOIN ivol.stock s
                ON s.stock_id = rp.stock_id
            WHERE rp.symbol in ('SPY')
                AND rp.t_date <= '2024-09-16 00:00:00' AND rp.term_date >= '2024-09-16 00:00:00'
                AND s.region_id = 1;
        
[2026-08-24 09:18:28,935] [merqutil.db] [INFO] [56923] 1 rows selected in 0.01441691699437797 s
[2026-08-24 09:18:28,999] [merq.merq_platform.impl.services.options.ivol_utils] [DEBUG] [56923] Created temp table temp_option_contract_keys with index
[2026-08-24 09:18:28,999] [merq.merq_platform.impl.services.options.ivol_utils] [DEBUG] [56923] Populating temp table with 1 option keys
[2026-08-24 09:18:29,036] [merq.merq_platform.impl.services.options.ivol_utils] [DEBUG] [56923] Inserted 1 keys into temp table in 1 batches
[2026-08-24 09:18:29,078] [merqutil.db] [DEBUG] [56923] materializing option contracts: : running sql
CREATE TEMP TABLE temp_option_contracts AS 
        SELECT
            ov.t_date,
            ov.expiration_date, ov.call_put, ov.strike, ov.root, e.mic,
            ov.stock_id, ov.root_id
        FROM ivol.option_value ov
        JOIN ivol.root_property rp
            ON rp.root_id = ov.root_id
            AND '2024-09-16 00:00:00' BETWEEN rp.t_date AND rp.term_date
        JOIN ivol.exchange e
            ON e.exchange_id = rp.exchange_id
        JOIN temp_option_contract_keys tok
            ON ov.expiration_date = tok.expiration_date
            AND ov.call_put = tok.call_put
            AND ov.strike = tok.strike
            AND ov.root = tok.root
            AND e.mic = tok.mic
        WHERE ov.t_date = '2024-09-16 00:00:00'
        UNION ALL
        SELECT
            ovn.t_date,
            ovn.expiration_date, ovn.call_put, ovn.strike, ovn.root, e.mic,
            ovn.stock_id, ovn.root_id
        FROM ivol.option_value_ns ovn
        JOIN ivol.root_property rp
            ON rp.root_id = ovn.root_id
            AND '2024-09-16 00:00:00' BETWEEN rp.t_date AND rp.term_date
        JOIN ivol.exchange e
            ON e.exchange_id = rp.exchange_id
        JOIN temp_option_contract_keys tok
            ON ovn.expiration_date = tok.expiration_date
            AND ovn.call_put = tok.call_put
            AND ovn.strike = tok.strike
            AND ovn.root = tok.root
            AND e.mic = tok.mic
        WHERE ovn.t_date = '2024-09-16 00:00:00'
    
[2026-08-24 09:18:29,120] [merqutil.db] [INFO] [56923] materializing option contracts: 1 rows created in 0.04158691689372063 s
[2026-08-24 09:18:29,199] [merqutil.db] [DEBUG] [56923] : running sql

            SELECT
                ov.root, ov.expiration_date, ov.call_put, ov.strike, ov.mic,
                replace(ss.symbol, '/', '.') as symbol
            FROM temp_option_contracts ov
            JOIN ivol.stock_symbol ss
                ON (ss.stock_id = ov.stock_id
                    AND '2024-09-16 00:00:00' BETWEEN ss.t_date AND ss.term_date
                    AND ss.symbol not like '%%%%7' -- Exclude mini options
                )
            JOIN ivol.stock s
                ON (ss.stock_id = s.stock_id)
            WHERE
                s.type IN ('I')
        
[2026-08-24 09:18:29,226] [merqutil.db] [INFO] [56923] 0 rows selected in 0.02628441690467298 s
[2026-08-24 09:18:29,226] [merq.merq_platform.impl.services.options.ivol_utils] [DEBUG] [56923] Getting external id for <class 'merq.merq_platform.api.components.identifiers.merq_equity_id.MerqEquityListingId'> with 1 ids.
[2026-08-24 09:18:29,227] [merqutil.db] [DEBUG] [56923] : running sql

        SELECT
            REPLACE(ss.symbol, '/', '.') AS symbol,
            s.region_id,
            e.mic
        FROM ivol.stock_symbol ss
        JOIN ivol.stock s
            ON s.stock_id = ss.stock_id
        LEFT JOIN ivol.exchange e
            ON e.exchange_id = ss.exchange_id
        WHERE (replace(ss.symbol, '/', '.'), s.region_id) in (('SPY', 1)) AND
            '2024-09-17 00:00:00' between ss.t_date and ss.term_date
    
[2026-08-24 09:18:29,245] [merqutil.db] [INFO] [56923] 1 rows selected in 0.01789229200221598 s
[2026-08-24 09:18:29,245] [merq.merq_platform.impl.services.options.ivol_utils] [DEBUG] [56923] Getting stock ids for 1 merq_ids, effective date: 2024-09-17 00:00:00.
[2026-08-24 09:18:29,245] [merqutil.db] [DEBUG] [56923] : running sql

        SELECT
            MAX(ss.stock_id) AS stock_id,
            REPLACE(ss.symbol, '/', '.') AS symbol,
            e.mic
        FROM ivol.stock_symbol ss
        LEFT JOIN ivol.exchange e
            ON e.exchange_id = ss.exchange_id
        WHERE
            (REPLACE(ss.symbol, '/', '.'), COALESCE(e.mic, 'NA')) IN (('SPY', 'ARCX')) AND
            '2024-09-17 00:00:00' BETWEEN ss.t_date AND ss.term_date
        GROUP BY ss.symbol, e.mic
        HAVING COUNT(DISTINCT ss.stock_id) = 1
    
[2026-08-24 09:18:29,263] [merqutil.db] [INFO] [56923] 1 rows selected in 0.01774270785972476 s
[2026-08-24 09:18:29,263] [merq.merq_platform.impl.services.options.ivol_utils] [DEBUG] [56923] Found 1 symbol, mic pairs mapping to stock ids.
[2026-08-24 09:18:29,263] [merqutil.db] [DEBUG] [56923] : running sql

            SELECT ca.ex_date, ca.action_type, ca.stock_id
            FROM merq.corp_actions ca
            WHERE ca.ex_date = '2024-09-17 00:00:00' AND
                ca.action_type in ('dvd', 'spl', 'sdvd', 'sp', 'distr', 'rts') AND
                ca.stock_id in (627)
        
[2026-08-24 09:18:29,277] [merqutil.db] [INFO] [56923] 0 rows selected in 0.013468625023961067 s
[2026-08-24 09:18:29,277] [merqutil.db] [DEBUG] [56923] : running sql

        SELECT d.stock_id, d.last_dvd_date, d.last_dvd_amount, d.real_last_dvd_amount, d.dvd_ccy
        FROM ivol.dividend d
        WHERE d.last_dvd_date = '2024-09-17 00:00:00' AND
            d.stock_id in (627)
        
[2026-08-24 09:18:29,290] [merqutil.db] [INFO] [56923] 0 rows selected in 0.01322500011883676 s
[2026-08-24 09:18:29,291] [merqutil.db] [DEBUG] [56923] : running sql

            SELECT COUNT(*)
            FROM merq.corp_actions ca
            JOIN ivol.root_property rp
                ON (
                    rp.stock_id=ca.stock_id
                )
            WHERE (ca.ex_date='2024-09-16 00:00:00' OR ca.ex_date='2024-09-17 00:00:00')
                AND ca.action_type='rn'
                AND rp.action_type='RootRn'
                AND rp.t_date='2024-09-17 00:00:00'
                AND ca.stock_id IN (627);
        
[2026-08-24 09:18:29,304] [merqutil.db] [INFO] [56923] 1 rows selected in 0.013276291079819202 s
[2026-08-24 09:18:29,306] [merq.merq_platform.api.components.computation_pipeline.level_computers.standard_level_computer] [DEBUG] [56923] Equities contribution to index level: 1033.6632936034234
[2026-08-24 09:18:29,306] [merq.merq_platform.api.components.computation_pipeline.level_computers.standard_level_computer] [DEBUG] [56923] Options contribution to index level: -10.605865824319153
[2026-08-24 09:18:29,306] [merq.merq_platform.api.components.computation_pipeline.level_computers.standard_level_computer] [DEBUG] [56923] Cash contribution to index level: 16.20723219040974
[2026-08-24 09:18:29,306] [merq.merq_platform.api.components.computation_pipeline.level_computers.standard_level_computer] [DEBUG] [56923] Equities contribution to index level: 1034.0856917228334
[2026-08-24 09:18:29,306] [merq.merq_platform.api.components.computation_pipeline.level_computers.standard_level_computer] [DEBUG] [56923] Options contribution to index level: -10.872160290903707
[2026-08-24 09:18:29,306] [merq.merq_platform.api.components.computation_pipeline.level_computers.standard_level_computer] [DEBUG] [56923] Cash contribution to index level: 16.207232190409627
[2026-08-24 09:18:29,306] [merq.merq_platform.api.indices.multi_asset.multi_asset_base_index] [INFO] [56923] Computed index level for 2024-09-17 00:00:00 as 1039.4207636223393
[2026-08-24 09:18:29,307] [merq.merq_platform.api.components.computation_pipeline.level_computers.standard_level_computer] [DEBUG] [56923] Equities contribution to index level: 1034.0856917228334
[2026-08-24 09:18:29,307] [merq.merq_platform.api.components.computation_pipeline.level_computers.standard_level_computer] [DEBUG] [56923] Options contribution to index level: -10.872160290903707
[2026-08-24 09:18:29,307] [merq.merq_platform.api.components.computation_pipeline.level_computers.standard_level_computer] [DEBUG] [56923] Cash contribution to index level: 16.207232190409627
[2026-08-24 09:18:29,319] [merq.merq_platform.api.indices.multi_asset.multi_asset_base_index] [DEBUG] [56923] Loaded in portfolio for date 2024-09-17 00:00:00
[2026-08-24 09:18:29,319] [merq.merq_platform.api.components.computation_pipeline.corax_loaders.index_corporate_actions_loader] [DEBUG] [56923] Loading corporate actions for el merq ids in unknown from 2024-09-18 00:00:00 to 2024-09-18 00:00:00...
[2026-08-24 09:18:29,320] [merq.merq_platform.api.components.computation_pipeline.corax_loaders.index_corporate_actions_loader] [DEBUG] [56923] Loading corporate actions for op merq ids in unknown from 2024-09-18 00:00:00 to 2024-09-18 00:00:00...
[2026-08-24 09:18:29,320] [merq.merq_platform.impl.services.options.ivol_reference_data_provider] [DEBUG] [56923] Getting underlying for 1 option contracts on eff_date: 2024-09-17 00:00:00
[2026-08-24 09:18:29,320] [merqutil.db] [DEBUG] [56923] : running sql

            SELECT
                rp.symbol, e.mic
            FROM ivol.root_property rp
            JOIN ivol.exchange e
                ON e.exchange_id = rp.exchange_id
            JOIN ivol.stock s
                ON s.stock_id = rp.stock_id
            WHERE rp.symbol in ('SPY')
                AND rp.t_date <= '2024-09-17 00:00:00' AND rp.term_date >= '2024-09-17 00:00:00'
                AND s.region_id = 1;
        
[2026-08-24 09:18:29,336] [merqutil.db] [INFO] [56923] 1 rows selected in 0.016030041966587305 s
[2026-08-24 09:18:29,403] [merq.merq_platform.impl.services.options.ivol_utils] [DEBUG] [56923] Created temp table temp_option_contract_keys with index
[2026-08-24 09:18:29,403] [merq.merq_platform.impl.services.options.ivol_utils] [DEBUG] [56923] Populating temp table with 1 option keys
[2026-08-24 09:18:29,439] [merq.merq_platform.impl.services.options.ivol_utils] [DEBUG] [56923] Inserted 1 keys into temp table in 1 batches
[2026-08-24 09:18:29,481] [merqutil.db] [DEBUG] [56923] materializing option contracts: : running sql
CREATE TEMP TABLE temp_option_contracts AS 
        SELECT
            ov.t_date,
            ov.expiration_date, ov.call_put, ov.strike, ov.root, e.mic,
            ov.stock_id, ov.root_id
        FROM ivol.option_value ov
        JOIN ivol.root_property rp
            ON rp.root_id = ov.root_id
            AND '2024-09-17 00:00:00' BETWEEN rp.t_date AND rp.term_date
        JOIN ivol.exchange e
            ON e.exchange_id = rp.exchange_id
        JOIN temp_option_contract_keys tok
            ON ov.expiration_date = tok.expiration_date
            AND ov.call_put = tok.call_put
            AND ov.strike = tok.strike
            AND ov.root = tok.root
            AND e.mic = tok.mic
        WHERE ov.t_date = '2024-09-17 00:00:00'
        UNION ALL
        SELECT
            ovn.t_date,
            ovn.expiration_date, ovn.call_put, ovn.strike, ovn.root, e.mic,
            ovn.stock_id, ovn.root_id
        FROM ivol.option_value_ns ovn
        JOIN ivol.root_property rp
            ON rp.root_id = ovn.root_id
            AND '2024-09-17 00:00:00' BETWEEN rp.t_date AND rp.term_date
        JOIN ivol.exchange e
            ON e.exchange_id = rp.exchange_id
        JOIN temp_option_contract_keys tok
            ON ovn.expiration_date = tok.expiration_date
            AND ovn.call_put = tok.call_put
            AND ovn.strike = tok.strike
            AND ovn.root = tok.root
            AND e.mic = tok.mic
        WHERE ovn.t_date = '2024-09-17 00:00:00'
    
[2026-08-24 09:18:29,524] [merqutil.db] [INFO] [56923] materializing option contracts: 1 rows created in 0.04280308308079839 s
[2026-08-24 09:18:29,605] [merqutil.db] [DEBUG] [56923] : running sql

            SELECT
                ov.root, ov.expiration_date, ov.call_put, ov.strike, ov.mic,
                replace(ss.symbol, '/', '.') as symbol
            FROM temp_option_contracts ov
            JOIN ivol.stock_symbol ss
                ON (ss.stock_id = ov.stock_id
                    AND '2024-09-17 00:00:00' BETWEEN ss.t_date AND ss.term_date
                    AND ss.symbol not like '%%%%7' -- Exclude mini options
                )
            JOIN ivol.stock s
                ON (ss.stock_id = s.stock_id)
            WHERE
                s.type IN ('S', 'F')
        
[2026-08-24 09:18:29,631] [merqutil.db] [INFO] [56923] 1 rows selected in 0.026136874919757247 s
[2026-08-24 09:18:29,632] [merqutil.db] [DEBUG] [56923] : running sql

            SELECT
                rp.symbol, e.mic
            FROM ivol.root_property rp
            JOIN ivol.exchange e
                ON e.exchange_id = rp.exchange_id
            JOIN ivol.stock s
                ON s.stock_id = rp.stock_id
            WHERE rp.symbol in ('SPY')
                AND rp.t_date <= '2024-09-17 00:00:00' AND rp.term_date >= '2024-09-17 00:00:00'
                AND s.region_id = 1;
        
[2026-08-24 09:18:29,646] [merqutil.db] [INFO] [56923] 1 rows selected in 0.013973667053505778 s
[2026-08-24 09:18:29,713] [merq.merq_platform.impl.services.options.ivol_utils] [DEBUG] [56923] Created temp table temp_option_contract_keys with index
[2026-08-24 09:18:29,713] [merq.merq_platform.impl.services.options.ivol_utils] [DEBUG] [56923] Populating temp table with 1 option keys
[2026-08-24 09:18:29,750] [merq.merq_platform.impl.services.options.ivol_utils] [DEBUG] [56923] Inserted 1 keys into temp table in 1 batches
[2026-08-24 09:18:29,791] [merqutil.db] [DEBUG] [56923] materializing option contracts: : running sql
CREATE TEMP TABLE temp_option_contracts AS 
        SELECT
            ov.t_date,
            ov.expiration_date, ov.call_put, ov.strike, ov.root, e.mic,
            ov.stock_id, ov.root_id
        FROM ivol.option_value ov
        JOIN ivol.root_property rp
            ON rp.root_id = ov.root_id
            AND '2024-09-17 00:00:00' BETWEEN rp.t_date AND rp.term_date
        JOIN ivol.exchange e
            ON e.exchange_id = rp.exchange_id
        JOIN temp_option_contract_keys tok
            ON ov.expiration_date = tok.expiration_date
            AND ov.call_put = tok.call_put
            AND ov.strike = tok.strike
            AND ov.root = tok.root
            AND e.mic = tok.mic
        WHERE ov.t_date = '2024-09-17 00:00:00'
        UNION ALL
        SELECT
            ovn.t_date,
            ovn.expiration_date, ovn.call_put, ovn.strike, ovn.root, e.mic,
            ovn.stock_id, ovn.root_id
        FROM ivol.option_value_ns ovn
        JOIN ivol.root_property rp
            ON rp.root_id = ovn.root_id
            AND '2024-09-17 00:00:00' BETWEEN rp.t_date AND rp.term_date
        JOIN ivol.exchange e
            ON e.exchange_id = rp.exchange_id
        JOIN temp_option_contract_keys tok
            ON ovn.expiration_date = tok.expiration_date
            AND ovn.call_put = tok.call_put
            AND ovn.strike = tok.strike
            AND ovn.root = tok.root
            AND e.mic = tok.mic
        WHERE ovn.t_date = '2024-09-17 00:00:00'
    
[2026-08-24 09:18:29,832] [merqutil.db] [INFO] [56923] materializing option contracts: 1 rows created in 0.04067045799456537 s
[2026-08-24 09:18:29,912] [merqutil.db] [DEBUG] [56923] : running sql

            SELECT
                ov.root, ov.expiration_date, ov.call_put, ov.strike, ov.mic,
                replace(ss.symbol, '/', '.') as symbol
            FROM temp_option_contracts ov
            JOIN ivol.stock_symbol ss
                ON (ss.stock_id = ov.stock_id
                    AND '2024-09-17 00:00:00' BETWEEN ss.t_date AND ss.term_date
                    AND ss.symbol not like '%%%%7' -- Exclude mini options
                )
            JOIN ivol.stock s
                ON (ss.stock_id = s.stock_id)
            WHERE
                s.type IN ('I')
        
[2026-08-24 09:18:29,937] [merqutil.db] [INFO] [56923] 0 rows selected in 0.02510337485000491 s
[2026-08-24 09:18:29,938] [merq.merq_platform.impl.services.options.ivol_utils] [DEBUG] [56923] Getting external id for <class 'merq.merq_platform.api.components.identifiers.merq_equity_id.MerqEquityListingId'> with 1 ids.
[2026-08-24 09:18:29,938] [merqutil.db] [DEBUG] [56923] : running sql

        SELECT
            REPLACE(ss.symbol, '/', '.') AS symbol,
            s.region_id,
            e.mic
        FROM ivol.stock_symbol ss
        JOIN ivol.stock s
            ON s.stock_id = ss.stock_id
        LEFT JOIN ivol.exchange e
            ON e.exchange_id = ss.exchange_id
        WHERE (replace(ss.symbol, '/', '.'), s.region_id) in (('SPY', 1)) AND
            '2024-09-18 00:00:00' between ss.t_date and ss.term_date
    
[2026-08-24 09:18:29,955] [merqutil.db] [INFO] [56923] 1 rows selected in 0.016696708975359797 s
[2026-08-24 09:18:29,955] [merq.merq_platform.impl.services.options.ivol_utils] [DEBUG] [56923] Getting stock ids for 1 merq_ids, effective date: 2024-09-18 00:00:00.
[2026-08-24 09:18:29,955] [merqutil.db] [DEBUG] [56923] : running sql

        SELECT
            MAX(ss.stock_id) AS stock_id,
            REPLACE(ss.symbol, '/', '.') AS symbol,
            e.mic
        FROM ivol.stock_symbol ss
        LEFT JOIN ivol.exchange e
            ON e.exchange_id = ss.exchange_id
        WHERE
            (REPLACE(ss.symbol, '/', '.'), COALESCE(e.mic, 'NA')) IN (('SPY', 'ARCX')) AND
            '2024-09-18 00:00:00' BETWEEN ss.t_date AND ss.term_date
        GROUP BY ss.symbol, e.mic
        HAVING COUNT(DISTINCT ss.stock_id) = 1
    
[2026-08-24 09:18:29,972] [merqutil.db] [INFO] [56923] 1 rows selected in 0.016673667123541236 s
[2026-08-24 09:18:29,972] [merq.merq_platform.impl.services.options.ivol_utils] [DEBUG] [56923] Found 1 symbol, mic pairs mapping to stock ids.
[2026-08-24 09:18:29,973] [merqutil.db] [DEBUG] [56923] : running sql

            SELECT ca.ex_date, ca.action_type, ca.stock_id
            FROM merq.corp_actions ca
            WHERE ca.ex_date = '2024-09-18 00:00:00' AND
                ca.action_type in ('dvd', 'spl', 'sdvd', 'sp', 'distr', 'rts') AND
                ca.stock_id in (627)
        
[2026-08-24 09:18:29,986] [merqutil.db] [INFO] [56923] 0 rows selected in 0.01373145799152553 s
[2026-08-24 09:18:29,987] [merqutil.db] [DEBUG] [56923] : running sql

        SELECT d.stock_id, d.last_dvd_date, d.last_dvd_amount, d.real_last_dvd_amount, d.dvd_ccy
        FROM ivol.dividend d
        WHERE d.last_dvd_date = '2024-09-18 00:00:00' AND
            d.stock_id in (627)
        
[2026-08-24 09:18:30,000] [merqutil.db] [INFO] [56923] 0 rows selected in 0.012885875068604946 s
[2026-08-24 09:18:30,001] [merqutil.db] [DEBUG] [56923] : running sql

            SELECT COUNT(*)
            FROM merq.corp_actions ca
            JOIN ivol.root_property rp
                ON (
                    rp.stock_id=ca.stock_id
                )
            WHERE (ca.ex_date='2024-09-17 00:00:00' OR ca.ex_date='2024-09-18 00:00:00')
                AND ca.action_type='rn'
                AND rp.action_type='RootRn'
                AND rp.t_date='2024-09-18 00:00:00'
                AND ca.stock_id IN (627);
        
[2026-08-24 09:18:30,014] [merqutil.db] [INFO] [56923] 1 rows selected in 0.013185583986341953 s
[2026-08-24 09:18:30,016] [merq.merq_platform.api.components.computation_pipeline.level_computers.standard_level_computer] [DEBUG] [56923] Equities contribution to index level: 1034.0856917228334
[2026-08-24 09:18:30,016] [merq.merq_platform.api.components.computation_pipeline.level_computers.standard_level_computer] [DEBUG] [56923] Options contribution to index level: -10.872160290903707
[2026-08-24 09:18:30,016] [merq.merq_platform.api.components.computation_pipeline.level_computers.standard_level_computer] [DEBUG] [56923] Cash contribution to index level: 16.207232190409627
[2026-08-24 09:18:30,017] [merq.merq_platform.api.components.computation_pipeline.level_computers.standard_level_computer] [DEBUG] [56923] Equities contribution to index level: 1031.0187140732035
[2026-08-24 09:18:30,017] [merq.merq_platform.api.components.computation_pipeline.level_computers.standard_level_computer] [DEBUG] [56923] Options contribution to index level: -6.556353418669914
[2026-08-24 09:18:30,017] [merq.merq_platform.api.components.computation_pipeline.level_computers.standard_level_computer] [DEBUG] [56923] Cash contribution to index level: 16.20723219040974
[2026-08-24 09:18:30,017] [merq.merq_platform.api.indices.multi_asset.multi_asset_base_index] [INFO] [56923] Computed index level for 2024-09-18 00:00:00 as 1040.6695928449433
[2026-08-24 09:18:30,018] [merq.merq_platform.api.components.computation_pipeline.level_computers.standard_level_computer] [DEBUG] [56923] Equities contribution to index level: 1031.0187140732035
[2026-08-24 09:18:30,018] [merq.merq_platform.api.components.computation_pipeline.level_computers.standard_level_computer] [DEBUG] [56923] Options contribution to index level: -6.556353418669914
[2026-08-24 09:18:30,018] [merq.merq_platform.api.components.computation_pipeline.level_computers.standard_level_computer] [DEBUG] [56923] Cash contribution to index level: 16.20723219040974
[2026-08-24 09:18:30,030] [merq.merq_platform.api.indices.multi_asset.multi_asset_base_index] [DEBUG] [56923] Loaded in portfolio for date 2024-09-18 00:00:00
[2026-08-24 09:18:30,030] [merq.merq_platform.api.components.computation_pipeline.corax_loaders.index_corporate_actions_loader] [DEBUG] [56923] Loading corporate actions for el merq ids in unknown from 2024-09-19 00:00:00 to 2024-09-19 00:00:00...
[2026-08-24 09:18:30,031] [merq.merq_platform.api.components.computation_pipeline.corax_loaders.index_corporate_actions_loader] [DEBUG] [56923] Loading corporate actions for op merq ids in unknown from 2024-09-19 00:00:00 to 2024-09-19 00:00:00...
[2026-08-24 09:18:30,031] [merq.merq_platform.impl.services.options.ivol_reference_data_provider] [DEBUG] [56923] Getting underlying for 1 option contracts on eff_date: 2024-09-18 00:00:00
[2026-08-24 09:18:30,031] [merqutil.db] [DEBUG] [56923] : running sql

            SELECT
                rp.symbol, e.mic
            FROM ivol.root_property rp
            JOIN ivol.exchange e
                ON e.exchange_id = rp.exchange_id
            JOIN ivol.stock s
                ON s.stock_id = rp.stock_id
            WHERE rp.symbol in ('SPY')
                AND rp.t_date <= '2024-09-18 00:00:00' AND rp.term_date >= '2024-09-18 00:00:00'
                AND s.region_id = 1;
        
[2026-08-24 09:18:30,044] [merqutil.db] [INFO] [56923] 1 rows selected in 0.012520916992798448 s
[2026-08-24 09:18:30,111] [merq.merq_platform.impl.services.options.ivol_utils] [DEBUG] [56923] Created temp table temp_option_contract_keys with index
[2026-08-24 09:18:30,111] [merq.merq_platform.impl.services.options.ivol_utils] [DEBUG] [56923] Populating temp table with 1 option keys
[2026-08-24 09:18:30,151] [merq.merq_platform.impl.services.options.ivol_utils] [DEBUG] [56923] Inserted 1 keys into temp table in 1 batches
[2026-08-24 09:18:30,192] [merqutil.db] [DEBUG] [56923] materializing option contracts: : running sql
CREATE TEMP TABLE temp_option_contracts AS 
        SELECT
            ov.t_date,
            ov.expiration_date, ov.call_put, ov.strike, ov.root, e.mic,
            ov.stock_id, ov.root_id
        FROM ivol.option_value ov
        JOIN ivol.root_property rp
            ON rp.root_id = ov.root_id
            AND '2024-09-18 00:00:00' BETWEEN rp.t_date AND rp.term_date
        JOIN ivol.exchange e
            ON e.exchange_id = rp.exchange_id
        JOIN temp_option_contract_keys tok
            ON ov.expiration_date = tok.expiration_date
            AND ov.call_put = tok.call_put
            AND ov.strike = tok.strike
            AND ov.root = tok.root
            AND e.mic = tok.mic
        WHERE ov.t_date = '2024-09-18 00:00:00'
        UNION ALL
        SELECT
            ovn.t_date,
            ovn.expiration_date, ovn.call_put, ovn.strike, ovn.root, e.mic,
            ovn.stock_id, ovn.root_id
        FROM ivol.option_value_ns ovn
        JOIN ivol.root_property rp
            ON rp.root_id = ovn.root_id
            AND '2024-09-18 00:00:00' BETWEEN rp.t_date AND rp.term_date
        JOIN ivol.exchange e
            ON e.exchange_id = rp.exchange_id
        JOIN temp_option_contract_keys tok
            ON ovn.expiration_date = tok.expiration_date
            AND ovn.call_put = tok.call_put
            AND ovn.strike = tok.strike
            AND ovn.root = tok.root
            AND e.mic = tok.mic
        WHERE ovn.t_date = '2024-09-18 00:00:00'
    
[2026-08-24 09:18:30,246] [merqutil.db] [INFO] [56923] materializing option contracts: 1 rows created in 0.0542922499589622 s
[2026-08-24 09:18:30,326] [merqutil.db] [DEBUG] [56923] : running sql

            SELECT
                ov.root, ov.expiration_date, ov.call_put, ov.strike, ov.mic,
                replace(ss.symbol, '/', '.') as symbol
            FROM temp_option_contracts ov
            JOIN ivol.stock_symbol ss
                ON (ss.stock_id = ov.stock_id
                    AND '2024-09-18 00:00:00' BETWEEN ss.t_date AND ss.term_date
                    AND ss.symbol not like '%%%%7' -- Exclude mini options
                )
            JOIN ivol.stock s
                ON (ss.stock_id = s.stock_id)
            WHERE
                s.type IN ('S', 'F')
        
[2026-08-24 09:18:30,352] [merqutil.db] [INFO] [56923] 1 rows selected in 0.026049874955788255 s
[2026-08-24 09:18:30,353] [merqutil.db] [DEBUG] [56923] : running sql

            SELECT
                rp.symbol, e.mic
            FROM ivol.root_property rp
            JOIN ivol.exchange e
                ON e.exchange_id = rp.exchange_id
            JOIN ivol.stock s
                ON s.stock_id = rp.stock_id
            WHERE rp.symbol in ('SPY')
                AND rp.t_date <= '2024-09-18 00:00:00' AND rp.term_date >= '2024-09-18 00:00:00'
                AND s.region_id = 1;
        
[2026-08-24 09:18:30,365] [merqutil.db] [INFO] [56923] 1 rows selected in 0.01207175012677908 s
[2026-08-24 09:18:30,431] [merq.merq_platform.impl.services.options.ivol_utils] [DEBUG] [56923] Created temp table temp_option_contract_keys with index
[2026-08-24 09:18:30,432] [merq.merq_platform.impl.services.options.ivol_utils] [DEBUG] [56923] Populating temp table with 1 option keys
[2026-08-24 09:18:30,473] [merq.merq_platform.impl.services.options.ivol_utils] [DEBUG] [56923] Inserted 1 keys into temp table in 1 batches
[2026-08-24 09:18:30,515] [merqutil.db] [DEBUG] [56923] materializing option contracts: : running sql
CREATE TEMP TABLE temp_option_contracts AS 
        SELECT
            ov.t_date,
            ov.expiration_date, ov.call_put, ov.strike, ov.root, e.mic,
            ov.stock_id, ov.root_id
        FROM ivol.option_value ov
        JOIN ivol.root_property rp
            ON rp.root_id = ov.root_id
            AND '2024-09-18 00:00:00' BETWEEN rp.t_date AND rp.term_date
        JOIN ivol.exchange e
            ON e.exchange_id = rp.exchange_id
        JOIN temp_option_contract_keys tok
            ON ov.expiration_date = tok.expiration_date
            AND ov.call_put = tok.call_put
            AND ov.strike = tok.strike
            AND ov.root = tok.root
            AND e.mic = tok.mic
        WHERE ov.t_date = '2024-09-18 00:00:00'
        UNION ALL
        SELECT
            ovn.t_date,
            ovn.expiration_date, ovn.call_put, ovn.strike, ovn.root, e.mic,
            ovn.stock_id, ovn.root_id
        FROM ivol.option_value_ns ovn
        JOIN ivol.root_property rp
            ON rp.root_id = ovn.root_id
            AND '2024-09-18 00:00:00' BETWEEN rp.t_date AND rp.term_date
        JOIN ivol.exchange e
            ON e.exchange_id = rp.exchange_id
        JOIN temp_option_contract_keys tok
            ON ovn.expiration_date = tok.expiration_date
            AND ovn.call_put = tok.call_put
            AND ovn.strike = tok.strike
            AND ovn.root = tok.root
            AND e.mic = tok.mic
        WHERE ovn.t_date = '2024-09-18 00:00:00'
    
[2026-08-24 09:18:30,558] [merqutil.db] [INFO] [56923] materializing option contracts: 1 rows created in 0.04322433308698237 s
[2026-08-24 09:18:30,640] [merqutil.db] [DEBUG] [56923] : running sql

            SELECT
                ov.root, ov.expiration_date, ov.call_put, ov.strike, ov.mic,
                replace(ss.symbol, '/', '.') as symbol
            FROM temp_option_contracts ov
            JOIN ivol.stock_symbol ss
                ON (ss.stock_id = ov.stock_id
                    AND '2024-09-18 00:00:00' BETWEEN ss.t_date AND ss.term_date
                    AND ss.symbol not like '%%%%7' -- Exclude mini options
                )
            JOIN ivol.stock s
                ON (ss.stock_id = s.stock_id)
            WHERE
                s.type IN ('I')
        
[2026-08-24 09:18:30,666] [merqutil.db] [INFO] [56923] 0 rows selected in 0.025470332941040397 s
[2026-08-24 09:18:30,666] [merq.merq_platform.impl.services.options.ivol_utils] [DEBUG] [56923] Getting external id for <class 'merq.merq_platform.api.components.identifiers.merq_equity_id.MerqEquityListingId'> with 1 ids.
[2026-08-24 09:18:30,667] [merqutil.db] [DEBUG] [56923] : running sql

        SELECT
            REPLACE(ss.symbol, '/', '.') AS symbol,
            s.region_id,
            e.mic
        FROM ivol.stock_symbol ss
        JOIN ivol.stock s
            ON s.stock_id = ss.stock_id
        LEFT JOIN ivol.exchange e
            ON e.exchange_id = ss.exchange_id
        WHERE (replace(ss.symbol, '/', '.'), s.region_id) in (('SPY', 1)) AND
            '2024-09-19 00:00:00' between ss.t_date and ss.term_date
    
[2026-08-24 09:18:30,685] [merqutil.db] [INFO] [56923] 1 rows selected in 0.017541666980832815 s
[2026-08-24 09:18:30,685] [merq.merq_platform.impl.services.options.ivol_utils] [DEBUG] [56923] Getting stock ids for 1 merq_ids, effective date: 2024-09-19 00:00:00.
[2026-08-24 09:18:30,685] [merqutil.db] [DEBUG] [56923] : running sql

        SELECT
            MAX(ss.stock_id) AS stock_id,
            REPLACE(ss.symbol, '/', '.') AS symbol,
            e.mic
        FROM ivol.stock_symbol ss
        LEFT JOIN ivol.exchange e
            ON e.exchange_id = ss.exchange_id
        WHERE
            (REPLACE(ss.symbol, '/', '.'), COALESCE(e.mic, 'NA')) IN (('SPY', 'ARCX')) AND
            '2024-09-19 00:00:00' BETWEEN ss.t_date AND ss.term_date
        GROUP BY ss.symbol, e.mic
        HAVING COUNT(DISTINCT ss.stock_id) = 1
    
[2026-08-24 09:18:30,702] [merqutil.db] [INFO] [56923] 1 rows selected in 0.01699120900593698 s
[2026-08-24 09:18:30,702] [merq.merq_platform.impl.services.options.ivol_utils] [DEBUG] [56923] Found 1 symbol, mic pairs mapping to stock ids.
[2026-08-24 09:18:30,702] [merqutil.db] [DEBUG] [56923] : running sql

            SELECT ca.ex_date, ca.action_type, ca.stock_id
            FROM merq.corp_actions ca
            WHERE ca.ex_date = '2024-09-19 00:00:00' AND
                ca.action_type in ('dvd', 'spl', 'sdvd', 'sp', 'distr', 'rts') AND
                ca.stock_id in (627)
        
[2026-08-24 09:18:30,715] [merqutil.db] [INFO] [56923] 0 rows selected in 0.013084499863907695 s
[2026-08-24 09:18:30,716] [merqutil.db] [DEBUG] [56923] : running sql

        SELECT d.stock_id, d.last_dvd_date, d.last_dvd_amount, d.real_last_dvd_amount, d.dvd_ccy
        FROM ivol.dividend d
        WHERE d.last_dvd_date = '2024-09-19 00:00:00' AND
            d.stock_id in (627)
        
[2026-08-24 09:18:30,728] [merqutil.db] [INFO] [56923] 0 rows selected in 0.0122426669113338 s
[2026-08-24 09:18:30,729] [merqutil.db] [DEBUG] [56923] : running sql

            SELECT COUNT(*)
            FROM merq.corp_actions ca
            JOIN ivol.root_property rp
                ON (
                    rp.stock_id=ca.stock_id
                )
            WHERE (ca.ex_date='2024-09-18 00:00:00' OR ca.ex_date='2024-09-19 00:00:00')
                AND ca.action_type='rn'
                AND rp.action_type='RootRn'
                AND rp.t_date='2024-09-19 00:00:00'
                AND ca.stock_id IN (627);
        
[2026-08-24 09:18:30,743] [merqutil.db] [INFO] [56923] 1 rows selected in 0.01373033388517797 s
[2026-08-24 09:18:30,744] [merq.merq_platform.api.components.computation_pipeline.level_computers.standard_level_computer] [DEBUG] [56923] Equities contribution to index level: 1031.0187140732035
[2026-08-24 09:18:30,744] [merq.merq_platform.api.components.computation_pipeline.level_computers.standard_level_computer] [DEBUG] [56923] Options contribution to index level: -6.556353418669914
[2026-08-24 09:18:30,744] [merq.merq_platform.api.components.computation_pipeline.level_computers.standard_level_computer] [DEBUG] [56923] Cash contribution to index level: 16.20723219040974
[2026-08-24 09:18:30,745] [merq.merq_platform.api.components.computation_pipeline.level_computers.standard_level_computer] [DEBUG] [56923] Equities contribution to index level: 1048.612514003416
[2026-08-24 09:18:30,745] [merq.merq_platform.api.components.computation_pipeline.level_computers.standard_level_computer] [DEBUG] [56923] Options contribution to index level: -20.83524636829452
[2026-08-24 09:18:30,745] [merq.merq_platform.api.components.computation_pipeline.level_computers.standard_level_computer] [DEBUG] [56923] Cash contribution to index level: 16.20723219040974
[2026-08-24 09:18:30,745] [merq.merq_platform.api.indices.multi_asset.multi_asset_base_index] [INFO] [56923] Computed index level for 2024-09-19 00:00:00 as 1043.9844998255312
[2026-08-24 09:18:30,746] [merq.merq_platform.api.components.computation_pipeline.level_computers.standard_level_computer] [DEBUG] [56923] Equities contribution to index level: 1048.612514003416
[2026-08-24 09:18:30,746] [merq.merq_platform.api.components.computation_pipeline.level_computers.standard_level_computer] [DEBUG] [56923] Options contribution to index level: -20.83524636829452
[2026-08-24 09:18:30,746] [merq.merq_platform.api.components.computation_pipeline.level_computers.standard_level_computer] [DEBUG] [56923] Cash contribution to index level: 16.20723219040974
[2026-08-24 09:18:30,760] [merq.merq_platform.api.indices.multi_asset.multi_asset_base_index] [DEBUG] [56923] Loaded in portfolio for date 2024-09-19 00:00:00
[2026-08-24 09:18:30,760] [merq.merq_platform.api.components.computation_pipeline.corax_loaders.index_corporate_actions_loader] [DEBUG] [56923] Loading corporate actions for el merq ids in unknown from 2024-09-20 00:00:00 to 2024-09-20 00:00:00...
[2026-08-24 09:18:30,761] [merq.merq_platform.api.components.computation_pipeline.corax_loaders.index_corporate_actions_loader] [DEBUG] [56923] Loading corporate actions for op merq ids in unknown from 2024-09-20 00:00:00 to 2024-09-20 00:00:00...
[2026-08-24 09:18:30,761] [merq.merq_platform.impl.services.options.ivol_reference_data_provider] [DEBUG] [56923] Getting underlying for 1 option contracts on eff_date: 2024-09-19 00:00:00
[2026-08-24 09:18:30,761] [merqutil.db] [DEBUG] [56923] : running sql

            SELECT
                rp.symbol, e.mic
            FROM ivol.root_property rp
            JOIN ivol.exchange e
                ON e.exchange_id = rp.exchange_id
            JOIN ivol.stock s
                ON s.stock_id = rp.stock_id
            WHERE rp.symbol in ('SPY')
                AND rp.t_date <= '2024-09-19 00:00:00' AND rp.term_date >= '2024-09-19 00:00:00'
                AND s.region_id = 1;
        
[2026-08-24 09:18:30,778] [merqutil.db] [INFO] [56923] 1 rows selected in 0.016386999981477857 s
[2026-08-24 09:18:30,845] [merq.merq_platform.impl.services.options.ivol_utils] [DEBUG] [56923] Created temp table temp_option_contract_keys with index
[2026-08-24 09:18:30,845] [merq.merq_platform.impl.services.options.ivol_utils] [DEBUG] [56923] Populating temp table with 1 option keys
[2026-08-24 09:18:30,882] [merq.merq_platform.impl.services.options.ivol_utils] [DEBUG] [56923] Inserted 1 keys into temp table in 1 batches
[2026-08-24 09:18:30,922] [merqutil.db] [DEBUG] [56923] materializing option contracts: : running sql
CREATE TEMP TABLE temp_option_contracts AS 
        SELECT
            ov.t_date,
            ov.expiration_date, ov.call_put, ov.strike, ov.root, e.mic,
            ov.stock_id, ov.root_id
        FROM ivol.option_value ov
        JOIN ivol.root_property rp
            ON rp.root_id = ov.root_id
            AND '2024-09-19 00:00:00' BETWEEN rp.t_date AND rp.term_date
        JOIN ivol.exchange e
            ON e.exchange_id = rp.exchange_id
        JOIN temp_option_contract_keys tok
            ON ov.expiration_date = tok.expiration_date
            AND ov.call_put = tok.call_put
            AND ov.strike = tok.strike
            AND ov.root = tok.root
            AND e.mic = tok.mic
        WHERE ov.t_date = '2024-09-19 00:00:00'
        UNION ALL
        SELECT
            ovn.t_date,
            ovn.expiration_date, ovn.call_put, ovn.strike, ovn.root, e.mic,
            ovn.stock_id, ovn.root_id
        FROM ivol.option_value_ns ovn
        JOIN ivol.root_property rp
            ON rp.root_id = ovn.root_id
            AND '2024-09-19 00:00:00' BETWEEN rp.t_date AND rp.term_date
        JOIN ivol.exchange e
            ON e.exchange_id = rp.exchange_id
        JOIN temp_option_contract_keys tok
            ON ovn.expiration_date = tok.expiration_date
            AND ovn.call_put = tok.call_put
            AND ovn.strike = tok.strike
            AND ovn.root = tok.root
            AND e.mic = tok.mic
        WHERE ovn.t_date = '2024-09-19 00:00:00'
    
[2026-08-24 09:18:30,964] [merqutil.db] [INFO] [56923] materializing option contracts: 1 rows created in 0.04205179191194475 s
[2026-08-24 09:18:31,047] [merqutil.db] [DEBUG] [56923] : running sql

            SELECT
                ov.root, ov.expiration_date, ov.call_put, ov.strike, ov.mic,
                replace(ss.symbol, '/', '.') as symbol
            FROM temp_option_contracts ov
            JOIN ivol.stock_symbol ss
                ON (ss.stock_id = ov.stock_id
                    AND '2024-09-19 00:00:00' BETWEEN ss.t_date AND ss.term_date
                    AND ss.symbol not like '%%%%7' -- Exclude mini options
                )
            JOIN ivol.stock s
                ON (ss.stock_id = s.stock_id)
            WHERE
                s.type IN ('S', 'F')
        
[2026-08-24 09:18:31,072] [merqutil.db] [INFO] [56923] 1 rows selected in 0.02558670798316598 s
[2026-08-24 09:18:31,073] [merqutil.db] [DEBUG] [56923] : running sql

            SELECT
                rp.symbol, e.mic
            FROM ivol.root_property rp
            JOIN ivol.exchange e
                ON e.exchange_id = rp.exchange_id
            JOIN ivol.stock s
                ON s.stock_id = rp.stock_id
            WHERE rp.symbol in ('SPY')
                AND rp.t_date <= '2024-09-19 00:00:00' AND rp.term_date >= '2024-09-19 00:00:00'
                AND s.region_id = 1;
        
[2026-08-24 09:18:31,086] [merqutil.db] [INFO] [56923] 1 rows selected in 0.012542542070150375 s
[2026-08-24 09:18:31,154] [merq.merq_platform.impl.services.options.ivol_utils] [DEBUG] [56923] Created temp table temp_option_contract_keys with index
[2026-08-24 09:18:31,155] [merq.merq_platform.impl.services.options.ivol_utils] [DEBUG] [56923] Populating temp table with 1 option keys
[2026-08-24 09:18:31,191] [merq.merq_platform.impl.services.options.ivol_utils] [DEBUG] [56923] Inserted 1 keys into temp table in 1 batches
[2026-08-24 09:18:31,230] [merqutil.db] [DEBUG] [56923] materializing option contracts: : running sql
CREATE TEMP TABLE temp_option_contracts AS 
        SELECT
            ov.t_date,
            ov.expiration_date, ov.call_put, ov.strike, ov.root, e.mic,
            ov.stock_id, ov.root_id
        FROM ivol.option_value ov
        JOIN ivol.root_property rp
            ON rp.root_id = ov.root_id
            AND '2024-09-19 00:00:00' BETWEEN rp.t_date AND rp.term_date
        JOIN ivol.exchange e
            ON e.exchange_id = rp.exchange_id
        JOIN temp_option_contract_keys tok
            ON ov.expiration_date = tok.expiration_date
            AND ov.call_put = tok.call_put
            AND ov.strike = tok.strike
            AND ov.root = tok.root
            AND e.mic = tok.mic
        WHERE ov.t_date = '2024-09-19 00:00:00'
        UNION ALL
        SELECT
            ovn.t_date,
            ovn.expiration_date, ovn.call_put, ovn.strike, ovn.root, e.mic,
            ovn.stock_id, ovn.root_id
        FROM ivol.option_value_ns ovn
        JOIN ivol.root_property rp
            ON rp.root_id = ovn.root_id
            AND '2024-09-19 00:00:00' BETWEEN rp.t_date AND rp.term_date
        JOIN ivol.exchange e
            ON e.exchange_id = rp.exchange_id
        JOIN temp_option_contract_keys tok
            ON ovn.expiration_date = tok.expiration_date
            AND ovn.call_put = tok.call_put
            AND ovn.strike = tok.strike
            AND ovn.root = tok.root
            AND e.mic = tok.mic
        WHERE ovn.t_date = '2024-09-19 00:00:00'
    
[2026-08-24 09:18:31,274] [merqutil.db] [INFO] [56923] materializing option contracts: 1 rows created in 0.04354158299975097 s
[2026-08-24 09:18:31,352] [merqutil.db] [DEBUG] [56923] : running sql

            SELECT
                ov.root, ov.expiration_date, ov.call_put, ov.strike, ov.mic,
                replace(ss.symbol, '/', '.') as symbol
            FROM temp_option_contracts ov
            JOIN ivol.stock_symbol ss
                ON (ss.stock_id = ov.stock_id
                    AND '2024-09-19 00:00:00' BETWEEN ss.t_date AND ss.term_date
                    AND ss.symbol not like '%%%%7' -- Exclude mini options
                )
            JOIN ivol.stock s
                ON (ss.stock_id = s.stock_id)
            WHERE
                s.type IN ('I')
        
[2026-08-24 09:18:31,378] [merqutil.db] [INFO] [56923] 0 rows selected in 0.025890625081956387 s
[2026-08-24 09:18:31,379] [merq.merq_platform.impl.services.options.ivol_utils] [DEBUG] [56923] Getting external id for <class 'merq.merq_platform.api.components.identifiers.merq_equity_id.MerqEquityListingId'> with 1 ids.
[2026-08-24 09:18:31,379] [merqutil.db] [DEBUG] [56923] : running sql

        SELECT
            REPLACE(ss.symbol, '/', '.') AS symbol,
            s.region_id,
            e.mic
        FROM ivol.stock_symbol ss
        JOIN ivol.stock s
            ON s.stock_id = ss.stock_id
        LEFT JOIN ivol.exchange e
            ON e.exchange_id = ss.exchange_id
        WHERE (replace(ss.symbol, '/', '.'), s.region_id) in (('SPY', 1)) AND
            '2024-09-20 00:00:00' between ss.t_date and ss.term_date
    
[2026-08-24 09:18:31,398] [merqutil.db] [INFO] [56923] 1 rows selected in 0.01897358405403793 s
[2026-08-24 09:18:31,398] [merq.merq_platform.impl.services.options.ivol_utils] [DEBUG] [56923] Getting stock ids for 1 merq_ids, effective date: 2024-09-20 00:00:00.
[2026-08-24 09:18:31,399] [merqutil.db] [DEBUG] [56923] : running sql

        SELECT
            MAX(ss.stock_id) AS stock_id,
            REPLACE(ss.symbol, '/', '.') AS symbol,
            e.mic
        FROM ivol.stock_symbol ss
        LEFT JOIN ivol.exchange e
            ON e.exchange_id = ss.exchange_id
        WHERE
            (REPLACE(ss.symbol, '/', '.'), COALESCE(e.mic, 'NA')) IN (('SPY', 'ARCX')) AND
            '2024-09-20 00:00:00' BETWEEN ss.t_date AND ss.term_date
        GROUP BY ss.symbol, e.mic
        HAVING COUNT(DISTINCT ss.stock_id) = 1
    
[2026-08-24 09:18:31,416] [merqutil.db] [INFO] [56923] 1 rows selected in 0.01751762512139976 s
[2026-08-24 09:18:31,417] [merq.merq_platform.impl.services.options.ivol_utils] [DEBUG] [56923] Found 1 symbol, mic pairs mapping to stock ids.
[2026-08-24 09:18:31,417] [merqutil.db] [DEBUG] [56923] : running sql

            SELECT ca.ex_date, ca.action_type, ca.stock_id
            FROM merq.corp_actions ca
            WHERE ca.ex_date = '2024-09-20 00:00:00' AND
                ca.action_type in ('dvd', 'spl', 'sdvd', 'sp', 'distr', 'rts') AND
                ca.stock_id in (627)
        
[2026-08-24 09:18:31,429] [merqutil.db] [INFO] [56923] 0 rows selected in 0.012359917163848877 s
[2026-08-24 09:18:31,430] [merqutil.db] [DEBUG] [56923] : running sql

        SELECT d.stock_id, d.last_dvd_date, d.last_dvd_amount, d.real_last_dvd_amount, d.dvd_ccy
        FROM ivol.dividend d
        WHERE d.last_dvd_date = '2024-09-20 00:00:00' AND
            d.stock_id in (627)
        
[2026-08-24 09:18:31,442] [merqutil.db] [INFO] [56923] 1 rows selected in 0.012680874904617667 s
[2026-08-24 09:18:31,443] [merqutil.db] [DEBUG] [56923] : running sql

            SELECT COUNT(*)
            FROM merq.corp_actions ca
            JOIN ivol.root_property rp
                ON (
                    rp.stock_id=ca.stock_id
                )
            WHERE (ca.ex_date='2024-09-19 00:00:00' OR ca.ex_date='2024-09-20 00:00:00')
                AND ca.action_type='rn'
                AND rp.action_type='RootRn'
                AND rp.t_date='2024-09-20 00:00:00'
                AND ca.stock_id IN (627);
        
[2026-08-24 09:18:31,456] [merqutil.db] [INFO] [56923] 1 rows selected in 0.013009666930884123 s
[2026-08-24 09:18:31,458] [merq.merq_platform.api.components.computation_pipeline.corax_recipe_runner] [DEBUG] [56923] Generating recipe for  Standard Dividend : el:LY6WH5-S:US:0 | 1.745531|USD| 2024-10-31 00:00:00 on 2024-09-20 00:00:00 at OPEN
[2026-08-24 09:18:31,459] [merq.merq_platform.api.components.computation_pipeline.corax_recipe_applier] [DEBUG] [56923] applying directive type=<DirectiveType.MODIFY_PRICE: 'ModifyPrice'> reason=None position_merq_id=el:LY6WH5-S:US:0 operator=<ModifierOperator.SUBTRACT: 'SUBTRACT'> val=1.745531 for recipe corax= Standard Dividend : el:LY6WH5-S:US:0 | 1.745531|USD| 2024-10-31 00:00:00 directives=[ModifyPrice(type=<DirectiveType.MODIFY_PRICE: 'ModifyPrice'>, reason=None, position_merq_id=el:LY6WH5-S:US:0, operator=<ModifierOperator.SUBTRACT: 'SUBTRACT'>, val=1.745531), ModifyPositionQuantity(type=<DirectiveType.MODIFY_POSITION_QUANTITY: 'ModifyPositionQuantity'>, reason=None, position_merq_id=el:LY6WH5-S:US:0, operator=<ModifierOperator.ADD: 'ADD'>, val=0.0056315833458964746)] market_time=<MarketTime.OPEN: 'OPEN'> shares_held=1.8365135626526603 post_validator_specs=[] input_data=RecipeInputData(tax=0.0, fx=1.0) bucket_name=None
[2026-08-24 09:18:31,459] [merq.merq_platform.api.components.computation_pipeline.corax_recipe_applier] [DEBUG] [56923] Adjusting price from 570.98 to 569.234469 for el:LY6WH5-S:US:0
[2026-08-24 09:18:31,459] [merq.merq_platform.api.components.computation_pipeline.corax_recipe_applier] [DEBUG] [56923] applying directive type=<DirectiveType.MODIFY_POSITION_QUANTITY: 'ModifyPositionQuantity'> reason=None position_merq_id=el:LY6WH5-S:US:0 operator=<ModifierOperator.ADD: 'ADD'> val=0.0056315833458964746 for recipe corax= Standard Dividend : el:LY6WH5-S:US:0 | 1.745531|USD| 2024-10-31 00:00:00 directives=[ModifyPrice(type=<DirectiveType.MODIFY_PRICE: 'ModifyPrice'>, reason=None, position_merq_id=el:LY6WH5-S:US:0, operator=<ModifierOperator.SUBTRACT: 'SUBTRACT'>, val=1.745531), ModifyPositionQuantity(type=<DirectiveType.MODIFY_POSITION_QUANTITY: 'ModifyPositionQuantity'>, reason=None, position_merq_id=el:LY6WH5-S:US:0, operator=<ModifierOperator.ADD: 'ADD'>, val=0.0056315833458964746)] market_time=<MarketTime.OPEN: 'OPEN'> shares_held=1.8365135626526603 post_validator_specs=[] input_data=RecipeInputData(tax=0.0, fx=1.0) bucket_name=None
[2026-08-24 09:18:31,459] [merq.merq_platform.api.components.computation_pipeline.corax_recipe_applier] [DEBUG] [56923] Adjusting quantity from 1.8365135626526603 to 1.8421451459985567 for el:LY6WH5-S:US:0
[2026-08-24 09:18:31,459] [merq.merq_platform.api.components.computation_pipeline.corax_recipe_runner] [DEBUG] [56923] Generating recipe for  Standard Dividend : el:LY6WH5-S:US:0 | 1.745531|USD| None on 2024-09-20 00:00:00 at OPEN
[2026-08-24 09:18:31,459] [merq.merq_platform.api.components.computation_pipeline.corax_recipe_generators.options.option_dividend_rcap_recipe_generator] [DEBUG] [56923] No adjustment necessary for op|SPY|CALL|560.0|2024-09-20|OPRA|1 due to non-special dividend from el:LY6WH5-S:US:0
[2026-08-24 09:18:31,459] [merq.merq_platform.api.components.computation_pipeline.level_computers.standard_level_computer] [DEBUG] [56923] Equities contribution to index level: 1048.612514003416
[2026-08-24 09:18:31,459] [merq.merq_platform.api.components.computation_pipeline.level_computers.standard_level_computer] [DEBUG] [56923] Options contribution to index level: -20.83524636829452
[2026-08-24 09:18:31,459] [merq.merq_platform.api.components.computation_pipeline.level_computers.standard_level_computer] [DEBUG] [56923] Cash contribution to index level: 16.20723219040974
[2026-08-24 09:18:31,459] [merq.merq_platform.api.indices.multi_asset.multi_asset_base_index] [DEBUG] [56923] Applied corax effective on 2024-09-20 00:00:00 for portfolio of date 2024-09-19 00:00:00
[2026-08-24 09:18:31,460] [merqutil.db] [DEBUG] [56923] : running sql

            SELECT
                rp.symbol, e.mic
            FROM ivol.root_property rp
            JOIN ivol.exchange e
                ON e.exchange_id = rp.exchange_id
            JOIN ivol.stock s
                ON s.stock_id = rp.stock_id
            WHERE rp.symbol in ('SPY')
                AND rp.t_date <= '2024-09-20 00:00:00' AND rp.term_date >= '2024-09-20 00:00:00'
                AND s.region_id = 1;
        
[2026-08-24 09:18:31,475] [merqutil.db] [INFO] [56923] 1 rows selected in 0.0145325418561697 s
[2026-08-24 09:18:31,540] [merq.merq_platform.impl.services.options.ivol_utils] [DEBUG] [56923] Created temp table temp_option_contract_keys with index
[2026-08-24 09:18:31,541] [merq.merq_platform.impl.services.options.ivol_utils] [DEBUG] [56923] Populating temp table with 1 option keys
[2026-08-24 09:18:31,578] [merq.merq_platform.impl.services.options.ivol_utils] [DEBUG] [56923] Inserted 1 keys into temp table in 1 batches
[2026-08-24 09:18:31,618] [merqutil.db] [DEBUG] [56923] materializing option contracts: : running sql
CREATE TEMP TABLE temp_option_contracts AS 
        SELECT
            ov.t_date,
            ov.expiration_date, ov.call_put, ov.strike, ov.root, e.mic,
            ov.stock_id, ov.root_id
        FROM ivol.option_value ov
        JOIN ivol.root_property rp
            ON rp.root_id = ov.root_id
            AND '2024-09-20 00:00:00' BETWEEN rp.t_date AND rp.term_date
        JOIN ivol.exchange e
            ON e.exchange_id = rp.exchange_id
        JOIN temp_option_contract_keys tok
            ON ov.expiration_date = tok.expiration_date
            AND ov.call_put = tok.call_put
            AND ov.strike = tok.strike
            AND ov.root = tok.root
            AND e.mic = tok.mic
        WHERE ov.t_date = '2024-09-20 00:00:00'
        UNION ALL
        SELECT
            ovn.t_date,
            ovn.expiration_date, ovn.call_put, ovn.strike, ovn.root, e.mic,
            ovn.stock_id, ovn.root_id
        FROM ivol.option_value_ns ovn
        JOIN ivol.root_property rp
            ON rp.root_id = ovn.root_id
            AND '2024-09-20 00:00:00' BETWEEN rp.t_date AND rp.term_date
        JOIN ivol.exchange e
            ON e.exchange_id = rp.exchange_id
        JOIN temp_option_contract_keys tok
            ON ovn.expiration_date = tok.expiration_date
            AND ovn.call_put = tok.call_put
            AND ovn.strike = tok.strike
            AND ovn.root = tok.root
            AND e.mic = tok.mic
        WHERE ovn.t_date = '2024-09-20 00:00:00'
    
[2026-08-24 09:18:31,659] [merqutil.db] [INFO] [56923] materializing option contracts: 1 rows created in 0.04031575005501509 s
[2026-08-24 09:18:31,736] [merqutil.db] [DEBUG] [56923] fetching deliverables for option contracts: : running sql

                SELECT
                    ov.root, ov.expiration_date, ov.call_put, ov.strike, ov.mic,
                    ru.spc, ru.cash, ru.stock_id
                FROM temp_option_contracts ov
                JOIN merq.root_underlying ru
                    ON (
                        ru.root_id = ov.root_id
                        AND '2024-09-20 00:00:00' between ru.t_date and ru.term_date
                    )
                JOIN ivol.stock_symbol ss
                    ON (
                        ss.stock_id = ru.stock_id
                        AND '2024-09-20 00:00:00' between ss.t_date and ss.term_date
                        AND ss.symbol not like '%%%%7' -- Exclude mini options
                    )
            
[2026-08-24 09:18:31,768] [merqutil.db] [INFO] [56923] fetching deliverables for option contracts: 1 rows selected in 0.031777166994288564 s
[2026-08-24 09:18:31,769] [merqutil.db] [DEBUG] [56923] : running sql

            SELECT ss.stock_id, ss.symbol, s.type as stock_type, e.mic as underlying_mic
            FROM ivol.stock_symbol ss
            LEFT JOIN ivol.exchange e
                ON (ss.exchange_id = e.exchange_id)
            JOIN ivol.stock s
                ON (ss.stock_id = s.stock_id)
            WHERE
                ss.stock_id IN (627) AND
                s.type in ('S', 'F', 'I') AND
                '2024-09-20 00:00:00' BETWEEN ss.t_date AND ss.term_date
            
[2026-08-24 09:18:31,782] [merqutil.db] [INFO] [56923] 1 rows selected in 0.01331170811317861 s
[2026-08-24 09:18:31,796] [merqutil.db] [DEBUG] [56923] : running sql

        SELECT country_code
        FROM exchange.merq_exchange
        WHERE mic = 'ARCX'
    
[2026-08-24 09:18:31,810] [merqutil.db] [INFO] [56923] 1 rows selected in 0.013922374928370118 s
[2026-08-24 09:18:31,828] [merq.merq_platform.impl.services.options.ivol_reference_data_provider] [DEBUG] [56923] Getting external id for <class 'merq.merq_platform.api.components.identifiers.merq_equity_id.TickerEquityListingId'> with 1 ids.
[2026-08-24 09:18:31,913] [merq.merq_platform.api.components.pricers.options.options_pricer] [DEBUG] [56923] Options dict_keys([op|SPY|CALL|560.0|2024-09-20|OPRA|1]) held to maturity, setting maturity price based on underlying deliverables
[2026-08-24 09:18:31,914] [merq.merq_platform.api.components.pricers.options.options_pricer] [DEBUG] [56923] Computed net maturity price of 8.25 for option op|SPY|CALL|560.0|2024-09-20|OPRA|1 with deliverables {el:LY6WH5-S:US:0: 100.0}
[2026-08-24 09:18:31,914] [merq.merq_platform.api.components.computation_pipeline.level_computers.standard_level_computer] [DEBUG] [56923] Equities contribution to index level: 1046.7989792136798
[2026-08-24 09:18:31,914] [merq.merq_platform.api.components.computation_pipeline.level_computers.standard_level_computer] [DEBUG] [56923] Options contribution to index level: -15.151236891884537
[2026-08-24 09:18:31,914] [merq.merq_platform.api.components.computation_pipeline.level_computers.standard_level_computer] [DEBUG] [56923] Cash contribution to index level: 16.20723219040974
[2026-08-24 09:18:31,914] [merq.merq_platform.api.indices.multi_asset.multi_asset_base_index] [INFO] [56923] Computed index level for 2024-09-20 00:00:00 as 1047.854974512205
[2026-08-24 09:18:31,915] [merq.merq_platform.api.components.computation_pipeline.level_computers.standard_level_computer] [DEBUG] [56923] Equities contribution to index level: 1046.7989792136798
[2026-08-24 09:18:31,915] [merq.merq_platform.api.components.computation_pipeline.level_computers.standard_level_computer] [DEBUG] [56923] Options contribution to index level: -15.151236891884537
[2026-08-24 09:18:31,915] [merq.merq_platform.api.components.computation_pipeline.level_computers.standard_level_computer] [DEBUG] [56923] Cash contribution to index level: 16.20723219040974
[2026-08-24 09:18:31,927] [merq.merq_platform.impl.services.options.ivol_utils] [DEBUG] [56923] Getting external id for <class 'merq.merq_platform.api.components.identifiers.merq_equity_id.MerqEquityListingId'> with 1 ids.
[2026-08-24 09:18:31,941] [merqutil.db] [DEBUG] [56923] : running sql

                SELECT cvg.fsym_security_id, -- -S fsym id
                    tr.ticker_region,
                    tr.start_date,
                    tr.end_date
                  FROM fds.sym_v1_sym_coverage cvg
                  JOIN fds.sym_v1_sym_ticker_region_hist tr
                    ON tr.fsym_id = cvg.fsym_id -- join by regional -R fsym id
                 WHERE cvg.fsym_security_id IN ('LY6WH5-S')
                 ORDER BY tr.start_date
            
[2026-08-24 09:18:31,958] [merqutil.db] [INFO] [56923] 7 rows selected in 0.016686500050127506 s
[2026-08-24 09:18:31,987] [merqutil.db] [DEBUG] [56923] : running sql

                SELECT cvg.fsym_security_id, -- -S fsym id
                    tr.ticker_region,
                    tr.start_date,
                    tr.end_date
                  FROM fds.sym_v1_sym_coverage cvg
                  JOIN mapping.fds_ticker_region_overrides tr
                    ON tr.fsym_id = cvg.fsym_id -- join by regional -R fsym id
                 WHERE cvg.fsym_security_id IN ('LY6WH5-S')
                 ORDER BY tr.start_date
            
[2026-08-24 09:18:32,002] [merqutil.db] [INFO] [56923] 0 rows selected in 0.014144292101264 s
[2026-08-24 09:18:32,016] [merqutil.db] [DEBUG] [56923] : running sql

        SELECT
            REPLACE(ss.symbol, '/', '.') AS symbol,
            s.region_id,
            e.mic
        FROM ivol.stock_symbol ss
        JOIN ivol.stock s
            ON s.stock_id = ss.stock_id
        LEFT JOIN ivol.exchange e
            ON e.exchange_id = ss.exchange_id
        WHERE (replace(ss.symbol, '/', '.'), s.region_id) in (('SPY', 1)) AND
            '2024-09-20 00:00:00' between ss.t_date and ss.term_date
    
[2026-08-24 09:18:32,034] [merqutil.db] [INFO] [56923] 1 rows selected in 0.018565791891887784 s
[2026-08-24 09:18:32,035] [merqutil.db] [DEBUG] [56923] Fetching contracts from ivol: : running sql

            SELECT
                ov.t_date,
                ss.stock_id,
                replace(ss.symbol, '/', '.') as symbol,
                ss.exchange_id,
                s.region_id,
                se.mic as underlier_mic,
                e.mic as option_mic,
                ov.root,
                ov.expiration_date,
                ov.strike,
                ov.call_put
            FROM ivol.stock_symbol ss
            JOIN ivol.stock s
                ON (
                    s.stock_id = ss.stock_id
                )
            JOIN ivol.root_property rp
                ON
                    rp.stock_id = ss.stock_id
            JOIN ivol.exchange e
                ON  (
                    e.exchange_id = rp.exchange_id
                )
            LEFT JOIN ivol.exchange se
                ON  (
                    se.exchange_id = ss.exchange_id
                )
            JOIN ivol.option_value ov
                ON  (
                    ov.stock_id = ss.stock_id
                    AND ov.root_id = rp.root_id
                )
            WHERE ov.t_date = '2024-09-20 00:00:00' AND
                (REPLACE(ss.symbol, '/', '.'), COALESCE(se.mic, 'NA')) IN (('SPY', 'ARCX')) AND
                '2024-09-20 00:00:00' BETWEEN ss.t_date AND ss.term_date AND
                '2024-09-20 00:00:00' BETWEEN rp.t_date AND rp.term_date AND
                ov.call_put = 'C' AND
                ov.expiration_date >= '2024-12-20 00:00:00' AND
                ov.expiration_date <= '2024-12-22 00:00:00' AND
                rp.is_enabled = TRUE
        
[2026-08-24 09:18:32,064] [merqutil.db] [INFO] [56923] Fetching contracts from ivol: 191 rows selected in 0.029036832973361015 s
[2026-08-24 09:18:32,069] [merqutil.db] [DEBUG] [56923] : running sql

            SELECT
                rp.symbol, e.mic
            FROM ivol.root_property rp
            JOIN ivol.exchange e
                ON e.exchange_id = rp.exchange_id
            JOIN ivol.stock s
                ON s.stock_id = rp.stock_id
            WHERE rp.symbol in ('SPY')
                AND rp.t_date <= '2024-09-30 00:00:00' AND rp.term_date >= '2024-09-01 00:00:00'
                AND s.region_id = 1;
        
[2026-08-24 09:18:32,082] [merqutil.db] [INFO] [56923] 1 rows selected in 0.012135999975726008 s
[2026-08-24 09:18:32,083] [merqutil.db] [DEBUG] [56923] : running sql

            SELECT
                ov.t_date,
                ov.root, ov.expiration_date, ov.strike, ov.call_put, e.mic,
                ov.open, ov.high, ov.low, ov.close,
                ov.bid, ov.ask, ov.final_price as price, ov.open_interest, ov.volume, ov.shift,
                ov.iv, ov.delta, ov.gamma, ov.theta, ov.vega, ov.rho, ov.is_interpolated, ov.status,
                s.currency
            FROM ivol.root_property rp
            JOIN ivol.exchange e
                ON e.exchange_id = rp.exchange_id
            JOIN merq.option_prices ov
                ON  (
                    ov.stock_id = rp.stock_id
                    AND ov.root_id = rp.root_id
                )
            JOIN ivol.stock s
                ON s.stock_id = rp.stock_id
            WHERE
                ov.t_date between '2024-09-01 00:00:00' and '2024-09-30 00:00:00'
                AND ov.t_date between rp.t_date and rp.term_date
                AND (ov.expiration_date, ov.call_put, ov.strike::numeric, rp.symbol, e.mic) IN (('2024-12-20 00:00:00', 'C', '585.0', 'SPY', 'XCBO'), ('2024-12-20 00:00:00', 'C', '586.0', 'SPY', 'XCBO'), ('2024-12-20 00:00:00', 'C', '584.0', 'SPY', 'XCBO'), ('2024-12-20 00:00:00', 'C', '587.0', 'SPY', 'XCBO'), ('2024-12-20 00:00:00', 'C', '583.0', 'SPY', 'XCBO'))
                AND rp.is_enabled = TRUE
            UNION ALL
            SELECT
                ovn.t_date, ovn.root, ovn.expiration_date, ovn.strike, ovn.call_put, e.mic,
                ovn.open, ovn.high, ovn.low, ovn.close,
                ovn.bid, ovn.ask, ovn.final_price as price, ovn.open_interest, ovn.volume, ovn.shift,
                ovn.iv, ovn.delta, ovn.gamma, ovn.theta, ovn.vega, ovn.rho, ovn.is_interpolated, ovn.status,
                s.currency
            FROM ivol.root_property rp
            JOIN ivol.exchange e
                ON e.exchange_id = rp.exchange_id
            JOIN merq.option_prices_ns ovn
                ON  (
                    ovn.stock_id = rp.stock_id
                    AND ovn.root_id = rp.root_id
                )
            JOIN ivol.stock s
                ON s.stock_id = rp.stock_id
            WHERE
                ovn.t_date between '2024-09-01 00:00:00' and '2024-09-30 00:00:00'
                AND ovn.t_date between rp.t_date and rp.term_date
                AND (ovn.expiration_date, ovn.call_put, ovn.strike::numeric, rp.symbol, e.mic) IN (('2024-12-20 00:00:00', 'C', '585.0', 'SPY', 'XCBO'), ('2024-12-20 00:00:00', 'C', '586.0', 'SPY', 'XCBO'), ('2024-12-20 00:00:00', 'C', '584.0', 'SPY', 'XCBO'), ('2024-12-20 00:00:00', 'C', '587.0', 'SPY', 'XCBO'), ('2024-12-20 00:00:00', 'C', '583.0', 'SPY', 'XCBO'))
                AND rp.is_enabled = FALSE;
        
[2026-08-24 09:18:32,427] [merqutil.db] [INFO] [56923] 48 rows selected in 0.34393712505698204 s
[2026-08-24 09:18:32,436] [merq.merq_platform.api.indices.multi_asset.multi_asset_base_index] [INFO] [56923] Selected rebalance portfolio on 2024-09-20 00:00:00, with selection date: 2024-09-20 00:00:00, application date: 2024-09-20 00:00:00
[2026-08-24 09:18:32,436] [merq.merq_platform.api.data_types.index_data.rebalances] [WARNING] [56923] Received Rebalance.portfolio where portfolio_type is not PENDING_REBALANCE for rebalance selection_date=2024-09-20 00:00:00. Received CLOSE instead.  Updating it to the correct val
[2026-08-24 09:18:32,436] [merq.merq_platform.api.indices.multi_asset.multi_asset_base_index] [INFO] [56923] Applicable rebalance on 2024-09-20 00:00:00 found. Applying.
[2026-08-24 09:18:32,436] [merq.indices.merqube.options.merq_option_strategies.rebalancer.composite_applier] [DEBUG] [56923] Applying rebalance for strategy 1
[2026-08-24 09:18:32,437] [merqutil.db] [DEBUG] [56923] : running sql

            SELECT
                rp.symbol, e.mic
            FROM ivol.root_property rp
            JOIN ivol.exchange e
                ON e.exchange_id = rp.exchange_id
            JOIN ivol.stock s
                ON s.stock_id = rp.stock_id
            WHERE rp.symbol in ('SPY')
                AND rp.t_date <= '2024-09-20 00:00:00' AND rp.term_date >= '2024-09-20 00:00:00'
                AND s.region_id = 1;
        
[2026-08-24 09:18:32,450] [merqutil.db] [INFO] [56923] 1 rows selected in 0.013151915976777673 s
[2026-08-24 09:18:32,519] [merq.merq_platform.impl.services.options.ivol_utils] [DEBUG] [56923] Created temp table temp_option_contract_keys with index
[2026-08-24 09:18:32,519] [merq.merq_platform.impl.services.options.ivol_utils] [DEBUG] [56923] Populating temp table with 1 option keys
[2026-08-24 09:18:32,559] [merq.merq_platform.impl.services.options.ivol_utils] [DEBUG] [56923] Inserted 1 keys into temp table in 1 batches
[2026-08-24 09:18:32,601] [merqutil.db] [DEBUG] [56923] materializing option contracts: : running sql
CREATE TEMP TABLE temp_option_contracts AS 
        SELECT
            ov.t_date,
            ov.expiration_date, ov.call_put, ov.strike, ov.root, e.mic,
            ov.stock_id, ov.root_id
        FROM ivol.option_value ov
        JOIN ivol.root_property rp
            ON rp.root_id = ov.root_id
            AND '2024-09-20 00:00:00' BETWEEN rp.t_date AND rp.term_date
        JOIN ivol.exchange e
            ON e.exchange_id = rp.exchange_id
        JOIN temp_option_contract_keys tok
            ON ov.expiration_date = tok.expiration_date
            AND ov.call_put = tok.call_put
            AND ov.strike = tok.strike
            AND ov.root = tok.root
            AND e.mic = tok.mic
        WHERE ov.t_date = '2024-09-20 00:00:00'
        UNION ALL
        SELECT
            ovn.t_date,
            ovn.expiration_date, ovn.call_put, ovn.strike, ovn.root, e.mic,
            ovn.stock_id, ovn.root_id
        FROM ivol.option_value_ns ovn
        JOIN ivol.root_property rp
            ON rp.root_id = ovn.root_id
            AND '2024-09-20 00:00:00' BETWEEN rp.t_date AND rp.term_date
        JOIN ivol.exchange e
            ON e.exchange_id = rp.exchange_id
        JOIN temp_option_contract_keys tok
            ON ovn.expiration_date = tok.expiration_date
            AND ovn.call_put = tok.call_put
            AND ovn.strike = tok.strike
            AND ovn.root = tok.root
            AND e.mic = tok.mic
        WHERE ovn.t_date = '2024-09-20 00:00:00'
    
[2026-08-24 09:18:32,643] [merqutil.db] [INFO] [56923] materializing option contracts: 1 rows created in 0.04232916608452797 s
[2026-08-24 09:18:32,726] [merqutil.db] [DEBUG] [56923] fetching deliverables for option contracts: : running sql

                SELECT
                    ov.root, ov.expiration_date, ov.call_put, ov.strike, ov.mic,
                    ru.spc, ru.cash, ru.stock_id
                FROM temp_option_contracts ov
                JOIN merq.root_underlying ru
                    ON (
                        ru.root_id = ov.root_id
                        AND '2024-09-20 00:00:00' between ru.t_date and ru.term_date
                    )
                JOIN ivol.stock_symbol ss
                    ON (
                        ss.stock_id = ru.stock_id
                        AND '2024-09-20 00:00:00' between ss.t_date and ss.term_date
                        AND ss.symbol not like '%%%%7' -- Exclude mini options
                    )
            
[2026-08-24 09:18:32,756] [merqutil.db] [INFO] [56923] fetching deliverables for option contracts: 1 rows selected in 0.030598958022892475 s
[2026-08-24 09:18:32,757] [merqutil.db] [DEBUG] [56923] : running sql

            SELECT ss.stock_id, ss.symbol, s.type as stock_type, e.mic as underlying_mic
            FROM ivol.stock_symbol ss
            LEFT JOIN ivol.exchange e
                ON (ss.exchange_id = e.exchange_id)
            JOIN ivol.stock s
                ON (ss.stock_id = s.stock_id)
            WHERE
                ss.stock_id IN (627) AND
                s.type in ('S', 'F', 'I') AND
                '2024-09-20 00:00:00' BETWEEN ss.t_date AND ss.term_date
            
[2026-08-24 09:18:32,770] [merqutil.db] [INFO] [56923] 1 rows selected in 0.012786541832610965 s
[2026-08-24 09:18:32,770] [merq.merq_platform.impl.services.options.ivol_reference_data_provider] [DEBUG] [56923] Getting external id for <class 'merq.merq_platform.api.components.identifiers.merq_equity_id.TickerEquityListingId'> with 1 ids.
[2026-08-24 09:18:32,770] [merq.merq_platform.api.components.pricers.options.options_pricer] [DEBUG] [56923] Options dict_keys([op|SPY|CALL|560.0|2024-09-20|OPRA|1]) held to maturity, setting maturity price based on underlying deliverables
[2026-08-24 09:18:32,770] [merq.merq_platform.api.components.pricers.options.options_pricer] [DEBUG] [56923] Computed net maturity price of 8.25 for option op|SPY|CALL|560.0|2024-09-20|OPRA|1 with deliverables {el:LY6WH5-S:US:0: 100.0}
[2026-08-24 09:18:32,771] [merq.indices.merqube.options.datatypes.cash_handler.cash_handler] [DEBUG] [56923] Reinvesting 1.0559952985252785 in el:LY6WH5-S:US:0 at 568.25
[2026-08-24 09:18:32,771] [merq.indices.merqube.options.datatypes.cash_handler.cash_handler] [DEBUG] [56923] Shares went from 1.8421451459985567 to 1.8440034747245142
[2026-08-24 09:18:32,772] [merq.merq_platform.api.indices.multi_asset.multi_asset_base_index] [DEBUG] [56923] Post close portfolio differs from the close portfolio for 2024-09-20 00:00:00. Saving
[2026-08-24 09:18:32,772] [merq.merq_platform.api.indices.multi_asset.multi_asset_base_index] [DEBUG] [56923] Loaded in portfolio for date 2024-09-20 00:00:00
[2026-08-24 09:18:32,772] [merq.merq_platform.api.components.computation_pipeline.corax_loaders.index_corporate_actions_loader] [DEBUG] [56923] Loading corporate actions for el merq ids in unknown from 2024-09-21 00:00:00 to 2024-09-23 00:00:00...
[2026-08-24 09:18:32,772] [merq.merq_platform.api.components.computation_pipeline.corax_loaders.index_corporate_actions_loader] [DEBUG] [56923] Loading corporate actions for op merq ids in unknown from 2024-09-21 00:00:00 to 2024-09-23 00:00:00...
[2026-08-24 09:18:32,773] [merq.merq_platform.impl.services.options.ivol_reference_data_provider] [DEBUG] [56923] Getting underlying for 1 option contracts on eff_date: 2024-09-20 00:00:00
[2026-08-24 09:18:32,773] [merqutil.db] [DEBUG] [56923] : running sql

            SELECT
                rp.symbol, e.mic
            FROM ivol.root_property rp
            JOIN ivol.exchange e
                ON e.exchange_id = rp.exchange_id
            JOIN ivol.stock s
                ON s.stock_id = rp.stock_id
            WHERE rp.symbol in ('SPY')
                AND rp.t_date <= '2024-09-20 00:00:00' AND rp.term_date >= '2024-09-20 00:00:00'
                AND s.region_id = 1;
        
[2026-08-24 09:18:32,786] [merqutil.db] [INFO] [56923] 1 rows selected in 0.012470332905650139 s
[2026-08-24 09:18:32,857] [merq.merq_platform.impl.services.options.ivol_utils] [DEBUG] [56923] Created temp table temp_option_contract_keys with index
[2026-08-24 09:18:32,857] [merq.merq_platform.impl.services.options.ivol_utils] [DEBUG] [56923] Populating temp table with 1 option keys
[2026-08-24 09:18:32,895] [merq.merq_platform.impl.services.options.ivol_utils] [DEBUG] [56923] Inserted 1 keys into temp table in 1 batches
[2026-08-24 09:18:32,936] [merqutil.db] [DEBUG] [56923] materializing option contracts: : running sql
CREATE TEMP TABLE temp_option_contracts AS 
        SELECT
            ov.t_date,
            ov.expiration_date, ov.call_put, ov.strike, ov.root, e.mic,
            ov.stock_id, ov.root_id
        FROM ivol.option_value ov
        JOIN ivol.root_property rp
            ON rp.root_id = ov.root_id
            AND '2024-09-20 00:00:00' BETWEEN rp.t_date AND rp.term_date
        JOIN ivol.exchange e
            ON e.exchange_id = rp.exchange_id
        JOIN temp_option_contract_keys tok
            ON ov.expiration_date = tok.expiration_date
            AND ov.call_put = tok.call_put
            AND ov.strike = tok.strike
            AND ov.root = tok.root
            AND e.mic = tok.mic
        WHERE ov.t_date = '2024-09-20 00:00:00'
        UNION ALL
        SELECT
            ovn.t_date,
            ovn.expiration_date, ovn.call_put, ovn.strike, ovn.root, e.mic,
            ovn.stock_id, ovn.root_id
        FROM ivol.option_value_ns ovn
        JOIN ivol.root_property rp
            ON rp.root_id = ovn.root_id
            AND '2024-09-20 00:00:00' BETWEEN rp.t_date AND rp.term_date
        JOIN ivol.exchange e
            ON e.exchange_id = rp.exchange_id
        JOIN temp_option_contract_keys tok
            ON ovn.expiration_date = tok.expiration_date
            AND ovn.call_put = tok.call_put
            AND ovn.strike = tok.strike
            AND ovn.root = tok.root
            AND e.mic = tok.mic
        WHERE ovn.t_date = '2024-09-20 00:00:00'
    
[2026-08-24 09:18:32,977] [merqutil.db] [INFO] [56923] materializing option contracts: 1 rows created in 0.0408871250692755 s
[2026-08-24 09:18:33,058] [merqutil.db] [DEBUG] [56923] : running sql

            SELECT
                ov.root, ov.expiration_date, ov.call_put, ov.strike, ov.mic,
                replace(ss.symbol, '/', '.') as symbol
            FROM temp_option_contracts ov
            JOIN ivol.stock_symbol ss
                ON (ss.stock_id = ov.stock_id
                    AND '2024-09-20 00:00:00' BETWEEN ss.t_date AND ss.term_date
                    AND ss.symbol not like '%%%%7' -- Exclude mini options
                )
            JOIN ivol.stock s
                ON (ss.stock_id = s.stock_id)
            WHERE
                s.type IN ('S', 'F')
        
[2026-08-24 09:18:33,085] [merqutil.db] [INFO] [56923] 1 rows selected in 0.026795790996402502 s
[2026-08-24 09:18:33,086] [merqutil.db] [DEBUG] [56923] : running sql

            SELECT
                rp.symbol, e.mic
            FROM ivol.root_property rp
            JOIN ivol.exchange e
                ON e.exchange_id = rp.exchange_id
            JOIN ivol.stock s
                ON s.stock_id = rp.stock_id
            WHERE rp.symbol in ('SPY')
                AND rp.t_date <= '2024-09-20 00:00:00' AND rp.term_date >= '2024-09-20 00:00:00'
                AND s.region_id = 1;
        
[2026-08-24 09:18:33,103] [merqutil.db] [INFO] [56923] 1 rows selected in 0.016722125001251698 s
[2026-08-24 09:18:33,171] [merq.merq_platform.impl.services.options.ivol_utils] [DEBUG] [56923] Created temp table temp_option_contract_keys with index
[2026-08-24 09:18:33,171] [merq.merq_platform.impl.services.options.ivol_utils] [DEBUG] [56923] Populating temp table with 1 option keys
[2026-08-24 09:18:33,210] [merq.merq_platform.impl.services.options.ivol_utils] [DEBUG] [56923] Inserted 1 keys into temp table in 1 batches
[2026-08-24 09:18:33,251] [merqutil.db] [DEBUG] [56923] materializing option contracts: : running sql
CREATE TEMP TABLE temp_option_contracts AS 
        SELECT
            ov.t_date,
            ov.expiration_date, ov.call_put, ov.strike, ov.root, e.mic,
            ov.stock_id, ov.root_id
        FROM ivol.option_value ov
        JOIN ivol.root_property rp
            ON rp.root_id = ov.root_id
            AND '2024-09-20 00:00:00' BETWEEN rp.t_date AND rp.term_date
        JOIN ivol.exchange e
            ON e.exchange_id = rp.exchange_id
        JOIN temp_option_contract_keys tok
            ON ov.expiration_date = tok.expiration_date
            AND ov.call_put = tok.call_put
            AND ov.strike = tok.strike
            AND ov.root = tok.root
            AND e.mic = tok.mic
        WHERE ov.t_date = '2024-09-20 00:00:00'
        UNION ALL
        SELECT
            ovn.t_date,
            ovn.expiration_date, ovn.call_put, ovn.strike, ovn.root, e.mic,
            ovn.stock_id, ovn.root_id
        FROM ivol.option_value_ns ovn
        JOIN ivol.root_property rp
            ON rp.root_id = ovn.root_id
            AND '2024-09-20 00:00:00' BETWEEN rp.t_date AND rp.term_date
        JOIN ivol.exchange e
            ON e.exchange_id = rp.exchange_id
        JOIN temp_option_contract_keys tok
            ON ovn.expiration_date = tok.expiration_date
            AND ovn.call_put = tok.call_put
            AND ovn.strike = tok.strike
            AND ovn.root = tok.root
            AND e.mic = tok.mic
        WHERE ovn.t_date = '2024-09-20 00:00:00'
    
[2026-08-24 09:18:33,296] [merqutil.db] [INFO] [56923] materializing option contracts: 1 rows created in 0.04537754110060632 s
[2026-08-24 09:18:33,387] [merqutil.db] [DEBUG] [56923] : running sql

            SELECT
                ov.root, ov.expiration_date, ov.call_put, ov.strike, ov.mic,
                replace(ss.symbol, '/', '.') as symbol
            FROM temp_option_contracts ov
            JOIN ivol.stock_symbol ss
                ON (ss.stock_id = ov.stock_id
                    AND '2024-09-20 00:00:00' BETWEEN ss.t_date AND ss.term_date
                    AND ss.symbol not like '%%%%7' -- Exclude mini options
                )
            JOIN ivol.stock s
                ON (ss.stock_id = s.stock_id)
            WHERE
                s.type IN ('I')
        
[2026-08-24 09:18:33,413] [merqutil.db] [INFO] [56923] 0 rows selected in 0.025847041979432106 s
[2026-08-24 09:18:33,413] [merq.merq_platform.impl.services.options.ivol_utils] [DEBUG] [56923] Getting external id for <class 'merq.merq_platform.api.components.identifiers.merq_equity_id.MerqEquityListingId'> with 1 ids.
[2026-08-24 09:18:33,414] [merqutil.db] [DEBUG] [56923] : running sql

        SELECT
            REPLACE(ss.symbol, '/', '.') AS symbol,
            s.region_id,
            e.mic
        FROM ivol.stock_symbol ss
        JOIN ivol.stock s
            ON s.stock_id = ss.stock_id
        LEFT JOIN ivol.exchange e
            ON e.exchange_id = ss.exchange_id
        WHERE (replace(ss.symbol, '/', '.'), s.region_id) in (('SPY', 1)) AND
            '2024-09-23 00:00:00' between ss.t_date and ss.term_date
    
[2026-08-24 09:18:33,434] [merqutil.db] [INFO] [56923] 1 rows selected in 0.020581459160894156 s
[2026-08-24 09:18:33,435] [merq.merq_platform.impl.services.options.ivol_utils] [DEBUG] [56923] Getting stock ids for 1 merq_ids, effective date: 2024-09-23 00:00:00.
[2026-08-24 09:18:33,435] [merqutil.db] [DEBUG] [56923] : running sql

        SELECT
            MAX(ss.stock_id) AS stock_id,
            REPLACE(ss.symbol, '/', '.') AS symbol,
            e.mic
        FROM ivol.stock_symbol ss
        LEFT JOIN ivol.exchange e
            ON e.exchange_id = ss.exchange_id
        WHERE
            (REPLACE(ss.symbol, '/', '.'), COALESCE(e.mic, 'NA')) IN (('SPY', 'ARCX')) AND
            '2024-09-23 00:00:00' BETWEEN ss.t_date AND ss.term_date
        GROUP BY ss.symbol, e.mic
        HAVING COUNT(DISTINCT ss.stock_id) = 1
    
[2026-08-24 09:18:33,453] [merqutil.db] [INFO] [56923] 1 rows selected in 0.017701667034998536 s
[2026-08-24 09:18:33,453] [merq.merq_platform.impl.services.options.ivol_utils] [DEBUG] [56923] Found 1 symbol, mic pairs mapping to stock ids.
[2026-08-24 09:18:33,453] [merqutil.db] [DEBUG] [56923] : running sql

            SELECT ca.ex_date, ca.action_type, ca.stock_id
            FROM merq.corp_actions ca
            WHERE ca.ex_date = '2024-09-23 00:00:00' AND
                ca.action_type in ('dvd', 'spl', 'sdvd', 'sp', 'distr', 'rts') AND
                ca.stock_id in (627)
        
[2026-08-24 09:18:33,466] [merqutil.db] [INFO] [56923] 0 rows selected in 0.012766416883096099 s
[2026-08-24 09:18:33,466] [merqutil.db] [DEBUG] [56923] : running sql

        SELECT d.stock_id, d.last_dvd_date, d.last_dvd_amount, d.real_last_dvd_amount, d.dvd_ccy
        FROM ivol.dividend d
        WHERE d.last_dvd_date = '2024-09-23 00:00:00' AND
            d.stock_id in (627)
        
[2026-08-24 09:18:33,479] [merqutil.db] [INFO] [56923] 0 rows selected in 0.012139457976445556 s
[2026-08-24 09:18:33,479] [merqutil.db] [DEBUG] [56923] : running sql

            SELECT COUNT(*)
            FROM merq.corp_actions ca
            JOIN ivol.root_property rp
                ON (
                    rp.stock_id=ca.stock_id
                )
            WHERE (ca.ex_date='2024-09-20 00:00:00' OR ca.ex_date='2024-09-23 00:00:00')
                AND ca.action_type='rn'
                AND rp.action_type='RootRn'
                AND rp.t_date='2024-09-23 00:00:00'
                AND ca.stock_id IN (627);
        
[2026-08-24 09:18:33,493] [merqutil.db] [INFO] [56923] 1 rows selected in 0.013898458098992705 s
[2026-08-24 09:18:33,495] [merq.merq_platform.api.components.computation_pipeline.level_computers.standard_level_computer] [DEBUG] [56923] Equities contribution to index level: 1047.8549745122052
[2026-08-24 09:18:33,495] [merq.merq_platform.api.components.computation_pipeline.level_computers.standard_level_computer] [WARNING] [56923] Price for op|SPY|CALL|585.0|2024-12-20|OPRA|1 on 2024-09-20 00:00:00 does not have FX set. Looking it up dynamically
[2026-08-24 09:18:33,495] [merq.merq_platform.api.components.computation_pipeline.level_computers.standard_level_computer] [DEBUG] [56923] Options contribution to index level: -19.23295624137677
[2026-08-24 09:18:33,495] [merq.merq_platform.api.components.computation_pipeline.level_computers.standard_level_computer] [DEBUG] [56923] Cash contribution to index level: 19.23295624137677
[2026-08-24 09:18:33,496] [merq.merq_platform.api.components.computation_pipeline.level_computers.standard_level_computer] [DEBUG] [56923] Equities contribution to index level: 1050.4734594463139
[2026-08-24 09:18:33,496] [merq.merq_platform.api.components.computation_pipeline.level_computers.standard_level_computer] [DEBUG] [56923] Options contribution to index level: -19.804597318541255
[2026-08-24 09:18:33,496] [merq.merq_platform.api.components.computation_pipeline.level_computers.standard_level_computer] [DEBUG] [56923] Cash contribution to index level: 19.23295624137677
[2026-08-24 09:18:33,496] [merq.merq_platform.api.indices.multi_asset.multi_asset_base_index] [INFO] [56923] Computed index level for 2024-09-23 00:00:00 as 1049.9018183691494
[2026-08-24 09:18:33,497] [merq.merq_platform.api.components.computation_pipeline.level_computers.standard_level_computer] [DEBUG] [56923] Equities contribution to index level: 1050.4734594463139
[2026-08-24 09:18:33,497] [merq.merq_platform.api.components.computation_pipeline.level_computers.standard_level_computer] [DEBUG] [56923] Options contribution to index level: -19.804597318541255
[2026-08-24 09:18:33,497] [merq.merq_platform.api.components.computation_pipeline.level_computers.standard_level_computer] [DEBUG] [56923] Cash contribution to index level: 19.23295624137677
[2026-08-24 09:18:33,509] [merq.merq_platform.api.indices.multi_asset.multi_asset_base_index] [WARNING] [56923] [unknown]: Received a close Portfolio with non-CLOSE portfolio_type POST_CLOSE on 2024-09-23 00:00:00
[2026-08-24 09:18:33,510] [merq.merq_platform.api.indices.multi_asset.multi_asset_base_index] [DEBUG] [56923] Loaded in portfolio for date 2024-09-23 00:00:00
[2026-08-24 09:18:33,510] [merq.merq_platform.api.components.computation_pipeline.corax_loaders.index_corporate_actions_loader] [DEBUG] [56923] Loading corporate actions for el merq ids in unknown from 2024-09-24 00:00:00 to 2024-09-24 00:00:00...
[2026-08-24 09:18:33,510] [merq.merq_platform.api.components.computation_pipeline.corax_loaders.index_corporate_actions_loader] [DEBUG] [56923] Loading corporate actions for op merq ids in unknown from 2024-09-24 00:00:00 to 2024-09-24 00:00:00...
[2026-08-24 09:18:33,510] [merq.merq_platform.impl.services.options.ivol_reference_data_provider] [DEBUG] [56923] Getting underlying for 1 option contracts on eff_date: 2024-09-23 00:00:00
[2026-08-24 09:18:33,511] [merqutil.db] [DEBUG] [56923] : running sql

            SELECT
                rp.symbol, e.mic
            FROM ivol.root_property rp
            JOIN ivol.exchange e
                ON e.exchange_id = rp.exchange_id
            JOIN ivol.stock s
                ON s.stock_id = rp.stock_id
            WHERE rp.symbol in ('SPY')
                AND rp.t_date <= '2024-09-23 00:00:00' AND rp.term_date >= '2024-09-23 00:00:00'
                AND s.region_id = 1;
        
[2026-08-24 09:18:33,524] [merqutil.db] [INFO] [56923] 1 rows selected in 0.012659750180318952 s
[2026-08-24 09:18:33,591] [merq.merq_platform.impl.services.options.ivol_utils] [DEBUG] [56923] Created temp table temp_option_contract_keys with index
[2026-08-24 09:18:33,592] [merq.merq_platform.impl.services.options.ivol_utils] [DEBUG] [56923] Populating temp table with 1 option keys
[2026-08-24 09:18:33,636] [merq.merq_platform.impl.services.options.ivol_utils] [DEBUG] [56923] Inserted 1 keys into temp table in 1 batches
[2026-08-24 09:18:33,678] [merqutil.db] [DEBUG] [56923] materializing option contracts: : running sql
CREATE TEMP TABLE temp_option_contracts AS 
        SELECT
            ov.t_date,
            ov.expiration_date, ov.call_put, ov.strike, ov.root, e.mic,
            ov.stock_id, ov.root_id
        FROM ivol.option_value ov
        JOIN ivol.root_property rp
            ON rp.root_id = ov.root_id
            AND '2024-09-23 00:00:00' BETWEEN rp.t_date AND rp.term_date
        JOIN ivol.exchange e
            ON e.exchange_id = rp.exchange_id
        JOIN temp_option_contract_keys tok
            ON ov.expiration_date = tok.expiration_date
            AND ov.call_put = tok.call_put
            AND ov.strike = tok.strike
            AND ov.root = tok.root
            AND e.mic = tok.mic
        WHERE ov.t_date = '2024-09-23 00:00:00'
        UNION ALL
        SELECT
            ovn.t_date,
            ovn.expiration_date, ovn.call_put, ovn.strike, ovn.root, e.mic,
            ovn.stock_id, ovn.root_id
        FROM ivol.option_value_ns ovn
        JOIN ivol.root_property rp
            ON rp.root_id = ovn.root_id
            AND '2024-09-23 00:00:00' BETWEEN rp.t_date AND rp.term_date
        JOIN ivol.exchange e
            ON e.exchange_id = rp.exchange_id
        JOIN temp_option_contract_keys tok
            ON ovn.expiration_date = tok.expiration_date
            AND ovn.call_put = tok.call_put
            AND ovn.strike = tok.strike
            AND ovn.root = tok.root
            AND e.mic = tok.mic
        WHERE ovn.t_date = '2024-09-23 00:00:00'
    
[2026-08-24 09:18:33,718] [merqutil.db] [INFO] [56923] materializing option contracts: 1 rows created in 0.04034512513317168 s
[2026-08-24 09:18:33,795] [merqutil.db] [DEBUG] [56923] : running sql

            SELECT
                ov.root, ov.expiration_date, ov.call_put, ov.strike, ov.mic,
                replace(ss.symbol, '/', '.') as symbol
            FROM temp_option_contracts ov
            JOIN ivol.stock_symbol ss
                ON (ss.stock_id = ov.stock_id
                    AND '2024-09-23 00:00:00' BETWEEN ss.t_date AND ss.term_date
                    AND ss.symbol not like '%%%%7' -- Exclude mini options
                )
            JOIN ivol.stock s
                ON (ss.stock_id = s.stock_id)
            WHERE
                s.type IN ('S', 'F')
        
[2026-08-24 09:18:33,820] [merqutil.db] [INFO] [56923] 1 rows selected in 0.024780709063634276 s
[2026-08-24 09:18:33,820] [merqutil.db] [DEBUG] [56923] : running sql

            SELECT
                rp.symbol, e.mic
            FROM ivol.root_property rp
            JOIN ivol.exchange e
                ON e.exchange_id = rp.exchange_id
            JOIN ivol.stock s
                ON s.stock_id = rp.stock_id
            WHERE rp.symbol in ('SPY')
                AND rp.t_date <= '2024-09-23 00:00:00' AND rp.term_date >= '2024-09-23 00:00:00'
                AND s.region_id = 1;
        
[2026-08-24 09:18:33,834] [merqutil.db] [INFO] [56923] 1 rows selected in 0.013578791869804263 s
[2026-08-24 09:18:33,904] [merq.merq_platform.impl.services.options.ivol_utils] [DEBUG] [56923] Created temp table temp_option_contract_keys with index
[2026-08-24 09:18:33,904] [merq.merq_platform.impl.services.options.ivol_utils] [DEBUG] [56923] Populating temp table with 1 option keys
[2026-08-24 09:18:33,942] [merq.merq_platform.impl.services.options.ivol_utils] [DEBUG] [56923] Inserted 1 keys into temp table in 1 batches
[2026-08-24 09:18:33,981] [merqutil.db] [DEBUG] [56923] materializing option contracts: : running sql
CREATE TEMP TABLE temp_option_contracts AS 
        SELECT
            ov.t_date,
            ov.expiration_date, ov.call_put, ov.strike, ov.root, e.mic,
            ov.stock_id, ov.root_id
        FROM ivol.option_value ov
        JOIN ivol.root_property rp
            ON rp.root_id = ov.root_id
            AND '2024-09-23 00:00:00' BETWEEN rp.t_date AND rp.term_date
        JOIN ivol.exchange e
            ON e.exchange_id = rp.exchange_id
        JOIN temp_option_contract_keys tok
            ON ov.expiration_date = tok.expiration_date
            AND ov.call_put = tok.call_put
            AND ov.strike = tok.strike
            AND ov.root = tok.root
            AND e.mic = tok.mic
        WHERE ov.t_date = '2024-09-23 00:00:00'
        UNION ALL
        SELECT
            ovn.t_date,
            ovn.expiration_date, ovn.call_put, ovn.strike, ovn.root, e.mic,
            ovn.stock_id, ovn.root_id
        FROM ivol.option_value_ns ovn
        JOIN ivol.root_property rp
            ON rp.root_id = ovn.root_id
            AND '2024-09-23 00:00:00' BETWEEN rp.t_date AND rp.term_date
        JOIN ivol.exchange e
            ON e.exchange_id = rp.exchange_id
        JOIN temp_option_contract_keys tok
            ON ovn.expiration_date = tok.expiration_date
            AND ovn.call_put = tok.call_put
            AND ovn.strike = tok.strike
            AND ovn.root = tok.root
            AND e.mic = tok.mic
        WHERE ovn.t_date = '2024-09-23 00:00:00'
    
[2026-08-24 09:18:34,024] [merqutil.db] [INFO] [56923] materializing option contracts: 1 rows created in 0.041891542030498385 s
[2026-08-24 09:18:34,104] [merqutil.db] [DEBUG] [56923] : running sql

            SELECT
                ov.root, ov.expiration_date, ov.call_put, ov.strike, ov.mic,
                replace(ss.symbol, '/', '.') as symbol
            FROM temp_option_contracts ov
            JOIN ivol.stock_symbol ss
                ON (ss.stock_id = ov.stock_id
                    AND '2024-09-23 00:00:00' BETWEEN ss.t_date AND ss.term_date
                    AND ss.symbol not like '%%%%7' -- Exclude mini options
                )
            JOIN ivol.stock s
                ON (ss.stock_id = s.stock_id)
            WHERE
                s.type IN ('I')
        
[2026-08-24 09:18:34,129] [merqutil.db] [INFO] [56923] 0 rows selected in 0.02550029195845127 s
[2026-08-24 09:18:34,129] [merq.merq_platform.impl.services.options.ivol_utils] [DEBUG] [56923] Getting external id for <class 'merq.merq_platform.api.components.identifiers.merq_equity_id.MerqEquityListingId'> with 1 ids.
[2026-08-24 09:18:34,131] [merqutil.db] [DEBUG] [56923] : running sql

        SELECT
            REPLACE(ss.symbol, '/', '.') AS symbol,
            s.region_id,
            e.mic
        FROM ivol.stock_symbol ss
        JOIN ivol.stock s
            ON s.stock_id = ss.stock_id
        LEFT JOIN ivol.exchange e
            ON e.exchange_id = ss.exchange_id
        WHERE (replace(ss.symbol, '/', '.'), s.region_id) in (('SPY', 1)) AND
            '2024-09-24 00:00:00' between ss.t_date and ss.term_date
    
[2026-08-24 09:18:34,149] [merqutil.db] [INFO] [56923] 1 rows selected in 0.01736458414234221 s
[2026-08-24 09:18:34,149] [merq.merq_platform.impl.services.options.ivol_utils] [DEBUG] [56923] Getting stock ids for 1 merq_ids, effective date: 2024-09-24 00:00:00.
[2026-08-24 09:18:34,149] [merqutil.db] [DEBUG] [56923] : running sql

        SELECT
            MAX(ss.stock_id) AS stock_id,
            REPLACE(ss.symbol, '/', '.') AS symbol,
            e.mic
        FROM ivol.stock_symbol ss
        LEFT JOIN ivol.exchange e
            ON e.exchange_id = ss.exchange_id
        WHERE
            (REPLACE(ss.symbol, '/', '.'), COALESCE(e.mic, 'NA')) IN (('SPY', 'ARCX')) AND
            '2024-09-24 00:00:00' BETWEEN ss.t_date AND ss.term_date
        GROUP BY ss.symbol, e.mic
        HAVING COUNT(DISTINCT ss.stock_id) = 1
    
[2026-08-24 09:18:34,166] [merqutil.db] [INFO] [56923] 1 rows selected in 0.01658858312293887 s
[2026-08-24 09:18:34,166] [merq.merq_platform.impl.services.options.ivol_utils] [DEBUG] [56923] Found 1 symbol, mic pairs mapping to stock ids.
[2026-08-24 09:18:34,167] [merqutil.db] [DEBUG] [56923] : running sql

            SELECT ca.ex_date, ca.action_type, ca.stock_id
            FROM merq.corp_actions ca
            WHERE ca.ex_date = '2024-09-24 00:00:00' AND
                ca.action_type in ('dvd', 'spl', 'sdvd', 'sp', 'distr', 'rts') AND
                ca.stock_id in (627)
        
[2026-08-24 09:18:34,180] [merqutil.db] [INFO] [56923] 0 rows selected in 0.013421667041257024 s
[2026-08-24 09:18:34,180] [merqutil.db] [DEBUG] [56923] : running sql

        SELECT d.stock_id, d.last_dvd_date, d.last_dvd_amount, d.real_last_dvd_amount, d.dvd_ccy
        FROM ivol.dividend d
        WHERE d.last_dvd_date = '2024-09-24 00:00:00' AND
            d.stock_id in (627)
        
[2026-08-24 09:18:34,193] [merqutil.db] [INFO] [56923] 0 rows selected in 0.012355457991361618 s
[2026-08-24 09:18:34,193] [merqutil.db] [DEBUG] [56923] : running sql

            SELECT COUNT(*)
            FROM merq.corp_actions ca
            JOIN ivol.root_property rp
                ON (
                    rp.stock_id=ca.stock_id
                )
            WHERE (ca.ex_date='2024-09-23 00:00:00' OR ca.ex_date='2024-09-24 00:00:00')
                AND ca.action_type='rn'
                AND rp.action_type='RootRn'
                AND rp.t_date='2024-09-24 00:00:00'
                AND ca.stock_id IN (627);
        
[2026-08-24 09:18:34,207] [merqutil.db] [INFO] [56923] 1 rows selected in 0.013560750056058168 s
[2026-08-24 09:18:34,209] [merq.merq_platform.api.components.computation_pipeline.level_computers.standard_level_computer] [DEBUG] [56923] Equities contribution to index level: 1050.4734594463139
[2026-08-24 09:18:34,209] [merq.merq_platform.api.components.computation_pipeline.level_computers.standard_level_computer] [DEBUG] [56923] Options contribution to index level: -19.804597318541255
[2026-08-24 09:18:34,209] [merq.merq_platform.api.components.computation_pipeline.level_computers.standard_level_computer] [DEBUG] [56923] Cash contribution to index level: 19.23295624137677
[2026-08-24 09:18:34,210] [merq.merq_platform.api.components.computation_pipeline.level_computers.standard_level_computer] [DEBUG] [56923] Equities contribution to index level: 1053.479185110115
[2026-08-24 09:18:34,210] [merq.merq_platform.api.components.computation_pipeline.level_computers.standard_level_computer] [DEBUG] [56923] Options contribution to index level: -20.818799229639808
[2026-08-24 09:18:34,210] [merq.merq_platform.api.components.computation_pipeline.level_computers.standard_level_computer] [DEBUG] [56923] Cash contribution to index level: 19.23295624137677
[2026-08-24 09:18:34,210] [merq.merq_platform.api.indices.multi_asset.multi_asset_base_index] [INFO] [56923] Computed index level for 2024-09-24 00:00:00 as 1051.893342121852
[2026-08-24 09:18:34,211] [merq.merq_platform.api.components.computation_pipeline.level_computers.standard_level_computer] [DEBUG] [56923] Equities contribution to index level: 1053.479185110115
[2026-08-24 09:18:34,211] [merq.merq_platform.api.components.computation_pipeline.level_computers.standard_level_computer] [DEBUG] [56923] Options contribution to index level: -20.818799229639808
[2026-08-24 09:18:34,211] [merq.merq_platform.api.components.computation_pipeline.level_computers.standard_level_computer] [DEBUG] [56923] Cash contribution to index level: 19.23295624137677
[2026-08-24 09:18:34,223] [merq.merq_platform.api.indices.multi_asset.multi_asset_base_index] [DEBUG] [56923] Loaded in portfolio for date 2024-09-24 00:00:00
[2026-08-24 09:18:34,223] [merq.merq_platform.api.components.computation_pipeline.corax_loaders.index_corporate_actions_loader] [DEBUG] [56923] Loading corporate actions for el merq ids in unknown from 2024-09-25 00:00:00 to 2024-09-25 00:00:00...
[2026-08-24 09:18:34,223] [merq.merq_platform.api.components.computation_pipeline.corax_loaders.index_corporate_actions_loader] [DEBUG] [56923] Loading corporate actions for op merq ids in unknown from 2024-09-25 00:00:00 to 2024-09-25 00:00:00...
[2026-08-24 09:18:34,223] [merq.merq_platform.impl.services.options.ivol_reference_data_provider] [DEBUG] [56923] Getting underlying for 1 option contracts on eff_date: 2024-09-24 00:00:00
[2026-08-24 09:18:34,224] [merqutil.db] [DEBUG] [56923] : running sql

            SELECT
                rp.symbol, e.mic
            FROM ivol.root_property rp
            JOIN ivol.exchange e
                ON e.exchange_id = rp.exchange_id
            JOIN ivol.stock s
                ON s.stock_id = rp.stock_id
            WHERE rp.symbol in ('SPY')
                AND rp.t_date <= '2024-09-24 00:00:00' AND rp.term_date >= '2024-09-24 00:00:00'
                AND s.region_id = 1;
        
[2026-08-24 09:18:34,236] [merqutil.db] [INFO] [56923] 1 rows selected in 0.012217000126838684 s
[2026-08-24 09:18:34,300] [merq.merq_platform.impl.services.options.ivol_utils] [DEBUG] [56923] Created temp table temp_option_contract_keys with index
[2026-08-24 09:18:34,300] [merq.merq_platform.impl.services.options.ivol_utils] [DEBUG] [56923] Populating temp table with 1 option keys
[2026-08-24 09:18:34,338] [merq.merq_platform.impl.services.options.ivol_utils] [DEBUG] [56923] Inserted 1 keys into temp table in 1 batches
[2026-08-24 09:18:34,379] [merqutil.db] [DEBUG] [56923] materializing option contracts: : running sql
CREATE TEMP TABLE temp_option_contracts AS 
        SELECT
            ov.t_date,
            ov.expiration_date, ov.call_put, ov.strike, ov.root, e.mic,
            ov.stock_id, ov.root_id
        FROM ivol.option_value ov
        JOIN ivol.root_property rp
            ON rp.root_id = ov.root_id
            AND '2024-09-24 00:00:00' BETWEEN rp.t_date AND rp.term_date
        JOIN ivol.exchange e
            ON e.exchange_id = rp.exchange_id
        JOIN temp_option_contract_keys tok
            ON ov.expiration_date = tok.expiration_date
            AND ov.call_put = tok.call_put
            AND ov.strike = tok.strike
            AND ov.root = tok.root
            AND e.mic = tok.mic
        WHERE ov.t_date = '2024-09-24 00:00:00'
        UNION ALL
        SELECT
            ovn.t_date,
            ovn.expiration_date, ovn.call_put, ovn.strike, ovn.root, e.mic,
            ovn.stock_id, ovn.root_id
        FROM ivol.option_value_ns ovn
        JOIN ivol.root_property rp
            ON rp.root_id = ovn.root_id
            AND '2024-09-24 00:00:00' BETWEEN rp.t_date AND rp.term_date
        JOIN ivol.exchange e
            ON e.exchange_id = rp.exchange_id
        JOIN temp_option_contract_keys tok
            ON ovn.expiration_date = tok.expiration_date
            AND ovn.call_put = tok.call_put
            AND ovn.strike = tok.strike
            AND ovn.root = tok.root
            AND e.mic = tok.mic
        WHERE ovn.t_date = '2024-09-24 00:00:00'
    
[2026-08-24 09:18:34,421] [merqutil.db] [INFO] [56923] materializing option contracts: 1 rows created in 0.041302082827314734 s
[2026-08-24 09:18:34,502] [merqutil.db] [DEBUG] [56923] : running sql

            SELECT
                ov.root, ov.expiration_date, ov.call_put, ov.strike, ov.mic,
                replace(ss.symbol, '/', '.') as symbol
            FROM temp_option_contracts ov
            JOIN ivol.stock_symbol ss
                ON (ss.stock_id = ov.stock_id
                    AND '2024-09-24 00:00:00' BETWEEN ss.t_date AND ss.term_date
                    AND ss.symbol not like '%%%%7' -- Exclude mini options
                )
            JOIN ivol.stock s
                ON (ss.stock_id = s.stock_id)
            WHERE
                s.type IN ('S', 'F')
        
[2026-08-24 09:18:34,531] [merqutil.db] [INFO] [56923] 1 rows selected in 0.028827124973759055 s
[2026-08-24 09:18:34,533] [merqutil.db] [DEBUG] [56923] : running sql

            SELECT
                rp.symbol, e.mic
            FROM ivol.root_property rp
            JOIN ivol.exchange e
                ON e.exchange_id = rp.exchange_id
            JOIN ivol.stock s
                ON s.stock_id = rp.stock_id
            WHERE rp.symbol in ('SPY')
                AND rp.t_date <= '2024-09-24 00:00:00' AND rp.term_date >= '2024-09-24 00:00:00'
                AND s.region_id = 1;
        
[2026-08-24 09:18:34,546] [merqutil.db] [INFO] [56923] 1 rows selected in 0.012916167033836246 s
[2026-08-24 09:18:34,611] [merq.merq_platform.impl.services.options.ivol_utils] [DEBUG] [56923] Created temp table temp_option_contract_keys with index
[2026-08-24 09:18:34,611] [merq.merq_platform.impl.services.options.ivol_utils] [DEBUG] [56923] Populating temp table with 1 option keys
[2026-08-24 09:18:34,649] [merq.merq_platform.impl.services.options.ivol_utils] [DEBUG] [56923] Inserted 1 keys into temp table in 1 batches
[2026-08-24 09:18:34,690] [merqutil.db] [DEBUG] [56923] materializing option contracts: : running sql
CREATE TEMP TABLE temp_option_contracts AS 
        SELECT
            ov.t_date,
            ov.expiration_date, ov.call_put, ov.strike, ov.root, e.mic,
            ov.stock_id, ov.root_id
        FROM ivol.option_value ov
        JOIN ivol.root_property rp
            ON rp.root_id = ov.root_id
            AND '2024-09-24 00:00:00' BETWEEN rp.t_date AND rp.term_date
        JOIN ivol.exchange e
            ON e.exchange_id = rp.exchange_id
        JOIN temp_option_contract_keys tok
            ON ov.expiration_date = tok.expiration_date
            AND ov.call_put = tok.call_put
            AND ov.strike = tok.strike
            AND ov.root = tok.root
            AND e.mic = tok.mic
        WHERE ov.t_date = '2024-09-24 00:00:00'
        UNION ALL
        SELECT
            ovn.t_date,
            ovn.expiration_date, ovn.call_put, ovn.strike, ovn.root, e.mic,
            ovn.stock_id, ovn.root_id
        FROM ivol.option_value_ns ovn
        JOIN ivol.root_property rp
            ON rp.root_id = ovn.root_id
            AND '2024-09-24 00:00:00' BETWEEN rp.t_date AND rp.term_date
        JOIN ivol.exchange e
            ON e.exchange_id = rp.exchange_id
        JOIN temp_option_contract_keys tok
            ON ovn.expiration_date = tok.expiration_date
            AND ovn.call_put = tok.call_put
            AND ovn.strike = tok.strike
            AND ovn.root = tok.root
            AND e.mic = tok.mic
        WHERE ovn.t_date = '2024-09-24 00:00:00'
    
[2026-08-24 09:18:34,731] [merqutil.db] [INFO] [56923] materializing option contracts: 1 rows created in 0.040124124847352505 s
[2026-08-24 09:18:34,809] [merqutil.db] [DEBUG] [56923] : running sql

            SELECT
                ov.root, ov.expiration_date, ov.call_put, ov.strike, ov.mic,
                replace(ss.symbol, '/', '.') as symbol
            FROM temp_option_contracts ov
            JOIN ivol.stock_symbol ss
                ON (ss.stock_id = ov.stock_id
                    AND '2024-09-24 00:00:00' BETWEEN ss.t_date AND ss.term_date
                    AND ss.symbol not like '%%%%7' -- Exclude mini options
                )
            JOIN ivol.stock s
                ON (ss.stock_id = s.stock_id)
            WHERE
                s.type IN ('I')
        
[2026-08-24 09:18:34,834] [merqutil.db] [INFO] [56923] 0 rows selected in 0.024852165952324867 s
[2026-08-24 09:18:34,834] [merq.merq_platform.impl.services.options.ivol_utils] [DEBUG] [56923] Getting external id for <class 'merq.merq_platform.api.components.identifiers.merq_equity_id.MerqEquityListingId'> with 1 ids.
[2026-08-24 09:18:34,835] [merqutil.db] [DEBUG] [56923] : running sql

        SELECT
            REPLACE(ss.symbol, '/', '.') AS symbol,
            s.region_id,
            e.mic
        FROM ivol.stock_symbol ss
        JOIN ivol.stock s
            ON s.stock_id = ss.stock_id
        LEFT JOIN ivol.exchange e
            ON e.exchange_id = ss.exchange_id
        WHERE (replace(ss.symbol, '/', '.'), s.region_id) in (('SPY', 1)) AND
            '2024-09-25 00:00:00' between ss.t_date and ss.term_date
    
[2026-08-24 09:18:34,851] [merqutil.db] [INFO] [56923] 1 rows selected in 0.01623274991288781 s
[2026-08-24 09:18:34,851] [merq.merq_platform.impl.services.options.ivol_utils] [DEBUG] [56923] Getting stock ids for 1 merq_ids, effective date: 2024-09-25 00:00:00.
[2026-08-24 09:18:34,851] [merqutil.db] [DEBUG] [56923] : running sql

        SELECT
            MAX(ss.stock_id) AS stock_id,
            REPLACE(ss.symbol, '/', '.') AS symbol,
            e.mic
        FROM ivol.stock_symbol ss
        LEFT JOIN ivol.exchange e
            ON e.exchange_id = ss.exchange_id
        WHERE
            (REPLACE(ss.symbol, '/', '.'), COALESCE(e.mic, 'NA')) IN (('SPY', 'ARCX')) AND
            '2024-09-25 00:00:00' BETWEEN ss.t_date AND ss.term_date
        GROUP BY ss.symbol, e.mic
        HAVING COUNT(DISTINCT ss.stock_id) = 1
    
[2026-08-24 09:18:34,869] [merqutil.db] [INFO] [56923] 1 rows selected in 0.017600666964426637 s
[2026-08-24 09:18:34,869] [merq.merq_platform.impl.services.options.ivol_utils] [DEBUG] [56923] Found 1 symbol, mic pairs mapping to stock ids.
[2026-08-24 09:18:34,869] [merqutil.db] [DEBUG] [56923] : running sql

            SELECT ca.ex_date, ca.action_type, ca.stock_id
            FROM merq.corp_actions ca
            WHERE ca.ex_date = '2024-09-25 00:00:00' AND
                ca.action_type in ('dvd', 'spl', 'sdvd', 'sp', 'distr', 'rts') AND
                ca.stock_id in (627)
        
[2026-08-24 09:18:34,882] [merqutil.db] [INFO] [56923] 0 rows selected in 0.01259483303874731 s
[2026-08-24 09:18:34,882] [merqutil.db] [DEBUG] [56923] : running sql

        SELECT d.stock_id, d.last_dvd_date, d.last_dvd_amount, d.real_last_dvd_amount, d.dvd_ccy
        FROM ivol.dividend d
        WHERE d.last_dvd_date = '2024-09-25 00:00:00' AND
            d.stock_id in (627)
        
[2026-08-24 09:18:34,896] [merqutil.db] [INFO] [56923] 0 rows selected in 0.013852082891389728 s
[2026-08-24 09:18:34,897] [merqutil.db] [DEBUG] [56923] : running sql

            SELECT COUNT(*)
            FROM merq.corp_actions ca
            JOIN ivol.root_property rp
                ON (
                    rp.stock_id=ca.stock_id
                )
            WHERE (ca.ex_date='2024-09-24 00:00:00' OR ca.ex_date='2024-09-25 00:00:00')
                AND ca.action_type='rn'
                AND rp.action_type='RootRn'
                AND rp.t_date='2024-09-25 00:00:00'
                AND ca.stock_id IN (627);
        
[2026-08-24 09:18:34,910] [merqutil.db] [INFO] [56923] 1 rows selected in 0.012557541951537132 s
[2026-08-24 09:18:34,912] [merq.merq_platform.api.components.computation_pipeline.level_computers.standard_level_computer] [DEBUG] [56923] Equities contribution to index level: 1053.479185110115
[2026-08-24 09:18:34,912] [merq.merq_platform.api.components.computation_pipeline.level_computers.standard_level_computer] [DEBUG] [56923] Options contribution to index level: -20.818799229639808
[2026-08-24 09:18:34,912] [merq.merq_platform.api.components.computation_pipeline.level_computers.standard_level_computer] [DEBUG] [56923] Cash contribution to index level: 19.23295624137677
[2026-08-24 09:18:34,913] [merq.merq_platform.api.components.computation_pipeline.level_computers.standard_level_computer] [DEBUG] [56923] Equities contribution to index level: 1051.155740731962
[2026-08-24 09:18:34,913] [merq.merq_platform.api.components.computation_pipeline.level_computers.standard_level_computer] [DEBUG] [56923] Options contribution to index level: -19.998217683387338
[2026-08-24 09:18:34,913] [merq.merq_platform.api.components.computation_pipeline.level_computers.standard_level_computer] [DEBUG] [56923] Cash contribution to index level: 19.23295624137677
[2026-08-24 09:18:34,913] [merq.merq_platform.api.indices.multi_asset.multi_asset_base_index] [INFO] [56923] Computed index level for 2024-09-25 00:00:00 as 1050.3904792899514
[2026-08-24 09:18:34,914] [merq.merq_platform.api.components.computation_pipeline.level_computers.standard_level_computer] [DEBUG] [56923] Equities contribution to index level: 1051.155740731962
[2026-08-24 09:18:34,914] [merq.merq_platform.api.components.computation_pipeline.level_computers.standard_level_computer] [DEBUG] [56923] Options contribution to index level: -19.998217683387338
[2026-08-24 09:18:34,914] [merq.merq_platform.api.components.computation_pipeline.level_computers.standard_level_computer] [DEBUG] [56923] Cash contribution to index level: 19.23295624137677
[2026-08-24 09:18:34,927] [merq.merq_platform.api.indices.multi_asset.multi_asset_base_index] [DEBUG] [56923] Loaded in portfolio for date 2024-09-25 00:00:00
[2026-08-24 09:18:34,927] [merq.merq_platform.api.components.computation_pipeline.corax_loaders.index_corporate_actions_loader] [DEBUG] [56923] Loading corporate actions for el merq ids in unknown from 2024-09-26 00:00:00 to 2024-09-26 00:00:00...
[2026-08-24 09:18:34,928] [merq.merq_platform.api.components.computation_pipeline.corax_loaders.index_corporate_actions_loader] [DEBUG] [56923] Loading corporate actions for op merq ids in unknown from 2024-09-26 00:00:00 to 2024-09-26 00:00:00...
[2026-08-24 09:18:34,928] [merq.merq_platform.impl.services.options.ivol_reference_data_provider] [DEBUG] [56923] Getting underlying for 1 option contracts on eff_date: 2024-09-25 00:00:00
[2026-08-24 09:18:34,928] [merqutil.db] [DEBUG] [56923] : running sql

            SELECT
                rp.symbol, e.mic
            FROM ivol.root_property rp
            JOIN ivol.exchange e
                ON e.exchange_id = rp.exchange_id
            JOIN ivol.stock s
                ON s.stock_id = rp.stock_id
            WHERE rp.symbol in ('SPY')
                AND rp.t_date <= '2024-09-25 00:00:00' AND rp.term_date >= '2024-09-25 00:00:00'
                AND s.region_id = 1;
        
[2026-08-24 09:18:34,941] [merqutil.db] [INFO] [56923] 1 rows selected in 0.012928375042974949 s
[2026-08-24 09:18:35,008] [merq.merq_platform.impl.services.options.ivol_utils] [DEBUG] [56923] Created temp table temp_option_contract_keys with index
[2026-08-24 09:18:35,008] [merq.merq_platform.impl.services.options.ivol_utils] [DEBUG] [56923] Populating temp table with 1 option keys
[2026-08-24 09:18:35,045] [merq.merq_platform.impl.services.options.ivol_utils] [DEBUG] [56923] Inserted 1 keys into temp table in 1 batches
[2026-08-24 09:18:35,086] [merqutil.db] [DEBUG] [56923] materializing option contracts: : running sql
CREATE TEMP TABLE temp_option_contracts AS 
        SELECT
            ov.t_date,
            ov.expiration_date, ov.call_put, ov.strike, ov.root, e.mic,
            ov.stock_id, ov.root_id
        FROM ivol.option_value ov
        JOIN ivol.root_property rp
            ON rp.root_id = ov.root_id
            AND '2024-09-25 00:00:00' BETWEEN rp.t_date AND rp.term_date
        JOIN ivol.exchange e
            ON e.exchange_id = rp.exchange_id
        JOIN temp_option_contract_keys tok
            ON ov.expiration_date = tok.expiration_date
            AND ov.call_put = tok.call_put
            AND ov.strike = tok.strike
            AND ov.root = tok.root
            AND e.mic = tok.mic
        WHERE ov.t_date = '2024-09-25 00:00:00'
        UNION ALL
        SELECT
            ovn.t_date,
            ovn.expiration_date, ovn.call_put, ovn.strike, ovn.root, e.mic,
            ovn.stock_id, ovn.root_id
        FROM ivol.option_value_ns ovn
        JOIN ivol.root_property rp
            ON rp.root_id = ovn.root_id
            AND '2024-09-25 00:00:00' BETWEEN rp.t_date AND rp.term_date
        JOIN ivol.exchange e
            ON e.exchange_id = rp.exchange_id
        JOIN temp_option_contract_keys tok
            ON ovn.expiration_date = tok.expiration_date
            AND ovn.call_put = tok.call_put
            AND ovn.strike = tok.strike
            AND ovn.root = tok.root
            AND e.mic = tok.mic
        WHERE ovn.t_date = '2024-09-25 00:00:00'
    
[2026-08-24 09:18:35,127] [merqutil.db] [INFO] [56923] materializing option contracts: 1 rows created in 0.040501541923731565 s
[2026-08-24 09:18:35,212] [merqutil.db] [DEBUG] [56923] : running sql

            SELECT
                ov.root, ov.expiration_date, ov.call_put, ov.strike, ov.mic,
                replace(ss.symbol, '/', '.') as symbol
            FROM temp_option_contracts ov
            JOIN ivol.stock_symbol ss
                ON (ss.stock_id = ov.stock_id
                    AND '2024-09-25 00:00:00' BETWEEN ss.t_date AND ss.term_date
                    AND ss.symbol not like '%%%%7' -- Exclude mini options
                )
            JOIN ivol.stock s
                ON (ss.stock_id = s.stock_id)
            WHERE
                s.type IN ('S', 'F')
        
[2026-08-24 09:18:35,240] [merqutil.db] [INFO] [56923] 1 rows selected in 0.027781208977103233 s
[2026-08-24 09:18:35,241] [merqutil.db] [DEBUG] [56923] : running sql

            SELECT
                rp.symbol, e.mic
            FROM ivol.root_property rp
            JOIN ivol.exchange e
                ON e.exchange_id = rp.exchange_id
            JOIN ivol.stock s
                ON s.stock_id = rp.stock_id
            WHERE rp.symbol in ('SPY')
                AND rp.t_date <= '2024-09-25 00:00:00' AND rp.term_date >= '2024-09-25 00:00:00'
                AND s.region_id = 1;
        
[2026-08-24 09:18:35,254] [merqutil.db] [INFO] [56923] 1 rows selected in 0.013206499861553311 s
[2026-08-24 09:18:35,322] [merq.merq_platform.impl.services.options.ivol_utils] [DEBUG] [56923] Created temp table temp_option_contract_keys with index
[2026-08-24 09:18:35,322] [merq.merq_platform.impl.services.options.ivol_utils] [DEBUG] [56923] Populating temp table with 1 option keys
[2026-08-24 09:18:35,360] [merq.merq_platform.impl.services.options.ivol_utils] [DEBUG] [56923] Inserted 1 keys into temp table in 1 batches
[2026-08-24 09:18:35,407] [merqutil.db] [DEBUG] [56923] materializing option contracts: : running sql
CREATE TEMP TABLE temp_option_contracts AS 
        SELECT
            ov.t_date,
            ov.expiration_date, ov.call_put, ov.strike, ov.root, e.mic,
            ov.stock_id, ov.root_id
        FROM ivol.option_value ov
        JOIN ivol.root_property rp
            ON rp.root_id = ov.root_id
            AND '2024-09-25 00:00:00' BETWEEN rp.t_date AND rp.term_date
        JOIN ivol.exchange e
            ON e.exchange_id = rp.exchange_id
        JOIN temp_option_contract_keys tok
            ON ov.expiration_date = tok.expiration_date
            AND ov.call_put = tok.call_put
            AND ov.strike = tok.strike
            AND ov.root = tok.root
            AND e.mic = tok.mic
        WHERE ov.t_date = '2024-09-25 00:00:00'
        UNION ALL
        SELECT
            ovn.t_date,
            ovn.expiration_date, ovn.call_put, ovn.strike, ovn.root, e.mic,
            ovn.stock_id, ovn.root_id
        FROM ivol.option_value_ns ovn
        JOIN ivol.root_property rp
            ON rp.root_id = ovn.root_id
            AND '2024-09-25 00:00:00' BETWEEN rp.t_date AND rp.term_date
        JOIN ivol.exchange e
            ON e.exchange_id = rp.exchange_id
        JOIN temp_option_contract_keys tok
            ON ovn.expiration_date = tok.expiration_date
            AND ovn.call_put = tok.call_put
            AND ovn.strike = tok.strike
            AND ovn.root = tok.root
            AND e.mic = tok.mic
        WHERE ovn.t_date = '2024-09-25 00:00:00'
    
[2026-08-24 09:18:35,448] [merqutil.db] [INFO] [56923] materializing option contracts: 1 rows created in 0.04160004109144211 s
[2026-08-24 09:18:35,529] [merqutil.db] [DEBUG] [56923] : running sql

            SELECT
                ov.root, ov.expiration_date, ov.call_put, ov.strike, ov.mic,
                replace(ss.symbol, '/', '.') as symbol
            FROM temp_option_contracts ov
            JOIN ivol.stock_symbol ss
                ON (ss.stock_id = ov.stock_id
                    AND '2024-09-25 00:00:00' BETWEEN ss.t_date AND ss.term_date
                    AND ss.symbol not like '%%%%7' -- Exclude mini options
                )
            JOIN ivol.stock s
                ON (ss.stock_id = s.stock_id)
            WHERE
                s.type IN ('I')
        
[2026-08-24 09:18:35,554] [merqutil.db] [INFO] [56923] 0 rows selected in 0.02540054195560515 s
[2026-08-24 09:18:35,555] [merq.merq_platform.impl.services.options.ivol_utils] [DEBUG] [56923] Getting external id for <class 'merq.merq_platform.api.components.identifiers.merq_equity_id.MerqEquityListingId'> with 1 ids.
[2026-08-24 09:18:35,555] [merqutil.db] [DEBUG] [56923] : running sql

        SELECT
            REPLACE(ss.symbol, '/', '.') AS symbol,
            s.region_id,
            e.mic
        FROM ivol.stock_symbol ss
        JOIN ivol.stock s
            ON s.stock_id = ss.stock_id
        LEFT JOIN ivol.exchange e
            ON e.exchange_id = ss.exchange_id
        WHERE (replace(ss.symbol, '/', '.'), s.region_id) in (('SPY', 1)) AND
            '2024-09-26 00:00:00' between ss.t_date and ss.term_date
    
[2026-08-24 09:18:35,572] [merqutil.db] [INFO] [56923] 1 rows selected in 0.016981374938040972 s
[2026-08-24 09:18:35,572] [merq.merq_platform.impl.services.options.ivol_utils] [DEBUG] [56923] Getting stock ids for 1 merq_ids, effective date: 2024-09-26 00:00:00.
[2026-08-24 09:18:35,572] [merqutil.db] [DEBUG] [56923] : running sql

        SELECT
            MAX(ss.stock_id) AS stock_id,
            REPLACE(ss.symbol, '/', '.') AS symbol,
            e.mic
        FROM ivol.stock_symbol ss
        LEFT JOIN ivol.exchange e
            ON e.exchange_id = ss.exchange_id
        WHERE
            (REPLACE(ss.symbol, '/', '.'), COALESCE(e.mic, 'NA')) IN (('SPY', 'ARCX')) AND
            '2024-09-26 00:00:00' BETWEEN ss.t_date AND ss.term_date
        GROUP BY ss.symbol, e.mic
        HAVING COUNT(DISTINCT ss.stock_id) = 1
    
[2026-08-24 09:18:35,590] [merqutil.db] [INFO] [56923] 1 rows selected in 0.017613166943192482 s
[2026-08-24 09:18:35,590] [merq.merq_platform.impl.services.options.ivol_utils] [DEBUG] [56923] Found 1 symbol, mic pairs mapping to stock ids.
[2026-08-24 09:18:35,591] [merqutil.db] [DEBUG] [56923] : running sql

            SELECT ca.ex_date, ca.action_type, ca.stock_id
            FROM merq.corp_actions ca
            WHERE ca.ex_date = '2024-09-26 00:00:00' AND
                ca.action_type in ('dvd', 'spl', 'sdvd', 'sp', 'distr', 'rts') AND
                ca.stock_id in (627)
        
[2026-08-24 09:18:35,604] [merqutil.db] [INFO] [56923] 0 rows selected in 0.013522500172257423 s
[2026-08-24 09:18:35,605] [merqutil.db] [DEBUG] [56923] : running sql

        SELECT d.stock_id, d.last_dvd_date, d.last_dvd_amount, d.real_last_dvd_amount, d.dvd_ccy
        FROM ivol.dividend d
        WHERE d.last_dvd_date = '2024-09-26 00:00:00' AND
            d.stock_id in (627)
        
[2026-08-24 09:18:35,617] [merqutil.db] [INFO] [56923] 0 rows selected in 0.012758582830429077 s
[2026-08-24 09:18:35,618] [merqutil.db] [DEBUG] [56923] : running sql

            SELECT COUNT(*)
            FROM merq.corp_actions ca
            JOIN ivol.root_property rp
                ON (
                    rp.stock_id=ca.stock_id
                )
            WHERE (ca.ex_date='2024-09-25 00:00:00' OR ca.ex_date='2024-09-26 00:00:00')
                AND ca.action_type='rn'
                AND rp.action_type='RootRn'
                AND rp.t_date='2024-09-26 00:00:00'
                AND ca.stock_id IN (627);
        
[2026-08-24 09:18:35,632] [merqutil.db] [INFO] [56923] 1 rows selected in 0.013843209017068148 s
[2026-08-24 09:18:35,634] [merq.merq_platform.api.components.computation_pipeline.level_computers.standard_level_computer] [DEBUG] [56923] Equities contribution to index level: 1051.155740731962
[2026-08-24 09:18:35,634] [merq.merq_platform.api.components.computation_pipeline.level_computers.standard_level_computer] [DEBUG] [56923] Options contribution to index level: -19.998217683387338
[2026-08-24 09:18:35,634] [merq.merq_platform.api.components.computation_pipeline.level_computers.standard_level_computer] [DEBUG] [56923] Cash contribution to index level: 19.23295624137677
[2026-08-24 09:18:35,635] [merq.merq_platform.api.components.computation_pipeline.level_computers.standard_level_computer] [DEBUG] [56923] Equities contribution to index level: 1055.3231885848395
[2026-08-24 09:18:35,635] [merq.merq_platform.api.components.computation_pipeline.level_computers.standard_level_computer] [DEBUG] [56923] Options contribution to index level: -22.2571219399249
[2026-08-24 09:18:35,635] [merq.merq_platform.api.components.computation_pipeline.level_computers.standard_level_computer] [DEBUG] [56923] Cash contribution to index level: 19.23295624137677
[2026-08-24 09:18:35,635] [merq.merq_platform.api.indices.multi_asset.multi_asset_base_index] [INFO] [56923] Computed index level for 2024-09-26 00:00:00 as 1052.2990228862914
[2026-08-24 09:18:35,636] [merq.merq_platform.api.components.computation_pipeline.level_computers.standard_level_computer] [DEBUG] [56923] Equities contribution to index level: 1055.3231885848395
[2026-08-24 09:18:35,636] [merq.merq_platform.api.components.computation_pipeline.level_computers.standard_level_computer] [DEBUG] [56923] Options contribution to index level: -22.2571219399249
[2026-08-24 09:18:35,636] [merq.merq_platform.api.components.computation_pipeline.level_computers.standard_level_computer] [DEBUG] [56923] Cash contribution to index level: 19.23295624137677
[2026-08-24 09:18:35,649] [merq.merq_platform.api.indices.multi_asset.multi_asset_base_index] [DEBUG] [56923] Loaded in portfolio for date 2024-09-26 00:00:00
[2026-08-24 09:18:35,649] [merq.merq_platform.api.components.computation_pipeline.corax_loaders.index_corporate_actions_loader] [DEBUG] [56923] Loading corporate actions for el merq ids in unknown from 2024-09-27 00:00:00 to 2024-09-27 00:00:00...
[2026-08-24 09:18:35,649] [merq.merq_platform.api.components.computation_pipeline.corax_loaders.index_corporate_actions_loader] [DEBUG] [56923] Loading corporate actions for op merq ids in unknown from 2024-09-27 00:00:00 to 2024-09-27 00:00:00...
[2026-08-24 09:18:35,649] [merq.merq_platform.impl.services.options.ivol_reference_data_provider] [DEBUG] [56923] Getting underlying for 1 option contracts on eff_date: 2024-09-26 00:00:00
[2026-08-24 09:18:35,650] [merqutil.db] [DEBUG] [56923] : running sql

            SELECT
                rp.symbol, e.mic
            FROM ivol.root_property rp
            JOIN ivol.exchange e
                ON e.exchange_id = rp.exchange_id
            JOIN ivol.stock s
                ON s.stock_id = rp.stock_id
            WHERE rp.symbol in ('SPY')
                AND rp.t_date <= '2024-09-26 00:00:00' AND rp.term_date >= '2024-09-26 00:00:00'
                AND s.region_id = 1;
        
[2026-08-24 09:18:35,664] [merqutil.db] [INFO] [56923] 1 rows selected in 0.014284166041761637 s
[2026-08-24 09:18:35,732] [merq.merq_platform.impl.services.options.ivol_utils] [DEBUG] [56923] Created temp table temp_option_contract_keys with index
[2026-08-24 09:18:35,732] [merq.merq_platform.impl.services.options.ivol_utils] [DEBUG] [56923] Populating temp table with 1 option keys
[2026-08-24 09:18:35,769] [merq.merq_platform.impl.services.options.ivol_utils] [DEBUG] [56923] Inserted 1 keys into temp table in 1 batches
[2026-08-24 09:18:35,811] [merqutil.db] [DEBUG] [56923] materializing option contracts: : running sql
CREATE TEMP TABLE temp_option_contracts AS 
        SELECT
            ov.t_date,
            ov.expiration_date, ov.call_put, ov.strike, ov.root, e.mic,
            ov.stock_id, ov.root_id
        FROM ivol.option_value ov
        JOIN ivol.root_property rp
            ON rp.root_id = ov.root_id
            AND '2024-09-26 00:00:00' BETWEEN rp.t_date AND rp.term_date
        JOIN ivol.exchange e
            ON e.exchange_id = rp.exchange_id
        JOIN temp_option_contract_keys tok
            ON ov.expiration_date = tok.expiration_date
            AND ov.call_put = tok.call_put
            AND ov.strike = tok.strike
            AND ov.root = tok.root
            AND e.mic = tok.mic
        WHERE ov.t_date = '2024-09-26 00:00:00'
        UNION ALL
        SELECT
            ovn.t_date,
            ovn.expiration_date, ovn.call_put, ovn.strike, ovn.root, e.mic,
            ovn.stock_id, ovn.root_id
        FROM ivol.option_value_ns ovn
        JOIN ivol.root_property rp
            ON rp.root_id = ovn.root_id
            AND '2024-09-26 00:00:00' BETWEEN rp.t_date AND rp.term_date
        JOIN ivol.exchange e
            ON e.exchange_id = rp.exchange_id
        JOIN temp_option_contract_keys tok
            ON ovn.expiration_date = tok.expiration_date
            AND ovn.call_put = tok.call_put
            AND ovn.strike = tok.strike
            AND ovn.root = tok.root
            AND e.mic = tok.mic
        WHERE ovn.t_date = '2024-09-26 00:00:00'
    
[2026-08-24 09:18:35,852] [merqutil.db] [INFO] [56923] materializing option contracts: 1 rows created in 0.041504791006445885 s
[2026-08-24 09:18:35,935] [merqutil.db] [DEBUG] [56923] : running sql

            SELECT
                ov.root, ov.expiration_date, ov.call_put, ov.strike, ov.mic,
                replace(ss.symbol, '/', '.') as symbol
            FROM temp_option_contracts ov
            JOIN ivol.stock_symbol ss
                ON (ss.stock_id = ov.stock_id
                    AND '2024-09-26 00:00:00' BETWEEN ss.t_date AND ss.term_date
                    AND ss.symbol not like '%%%%7' -- Exclude mini options
                )
            JOIN ivol.stock s
                ON (ss.stock_id = s.stock_id)
            WHERE
                s.type IN ('S', 'F')
        
[2026-08-24 09:18:35,960] [merqutil.db] [INFO] [56923] 1 rows selected in 0.02493629092350602 s
[2026-08-24 09:18:35,961] [merqutil.db] [DEBUG] [56923] : running sql

            SELECT
                rp.symbol, e.mic
            FROM ivol.root_property rp
            JOIN ivol.exchange e
                ON e.exchange_id = rp.exchange_id
            JOIN ivol.stock s
                ON s.stock_id = rp.stock_id
            WHERE rp.symbol in ('SPY')
                AND rp.t_date <= '2024-09-26 00:00:00' AND rp.term_date >= '2024-09-26 00:00:00'
                AND s.region_id = 1;
        
[2026-08-24 09:18:35,973] [merqutil.db] [INFO] [56923] 1 rows selected in 0.011816542129963636 s
[2026-08-24 09:18:36,040] [merq.merq_platform.impl.services.options.ivol_utils] [DEBUG] [56923] Created temp table temp_option_contract_keys with index
[2026-08-24 09:18:36,040] [merq.merq_platform.impl.services.options.ivol_utils] [DEBUG] [56923] Populating temp table with 1 option keys
[2026-08-24 09:18:36,079] [merq.merq_platform.impl.services.options.ivol_utils] [DEBUG] [56923] Inserted 1 keys into temp table in 1 batches
[2026-08-24 09:18:36,120] [merqutil.db] [DEBUG] [56923] materializing option contracts: : running sql
CREATE TEMP TABLE temp_option_contracts AS 
        SELECT
            ov.t_date,
            ov.expiration_date, ov.call_put, ov.strike, ov.root, e.mic,
            ov.stock_id, ov.root_id
        FROM ivol.option_value ov
        JOIN ivol.root_property rp
            ON rp.root_id = ov.root_id
            AND '2024-09-26 00:00:00' BETWEEN rp.t_date AND rp.term_date
        JOIN ivol.exchange e
            ON e.exchange_id = rp.exchange_id
        JOIN temp_option_contract_keys tok
            ON ov.expiration_date = tok.expiration_date
            AND ov.call_put = tok.call_put
            AND ov.strike = tok.strike
            AND ov.root = tok.root
            AND e.mic = tok.mic
        WHERE ov.t_date = '2024-09-26 00:00:00'
        UNION ALL
        SELECT
            ovn.t_date,
            ovn.expiration_date, ovn.call_put, ovn.strike, ovn.root, e.mic,
            ovn.stock_id, ovn.root_id
        FROM ivol.option_value_ns ovn
        JOIN ivol.root_property rp
            ON rp.root_id = ovn.root_id
            AND '2024-09-26 00:00:00' BETWEEN rp.t_date AND rp.term_date
        JOIN ivol.exchange e
            ON e.exchange_id = rp.exchange_id
        JOIN temp_option_contract_keys tok
            ON ovn.expiration_date = tok.expiration_date
            AND ovn.call_put = tok.call_put
            AND ovn.strike = tok.strike
            AND ovn.root = tok.root
            AND e.mic = tok.mic
        WHERE ovn.t_date = '2024-09-26 00:00:00'
    
[2026-08-24 09:18:36,161] [merqutil.db] [INFO] [56923] materializing option contracts: 1 rows created in 0.041029500076547265 s
[2026-08-24 09:18:36,241] [merqutil.db] [DEBUG] [56923] : running sql

            SELECT
                ov.root, ov.expiration_date, ov.call_put, ov.strike, ov.mic,
                replace(ss.symbol, '/', '.') as symbol
            FROM temp_option_contracts ov
            JOIN ivol.stock_symbol ss
                ON (ss.stock_id = ov.stock_id
                    AND '2024-09-26 00:00:00' BETWEEN ss.t_date AND ss.term_date
                    AND ss.symbol not like '%%%%7' -- Exclude mini options
                )
            JOIN ivol.stock s
                ON (ss.stock_id = s.stock_id)
            WHERE
                s.type IN ('I')
        
[2026-08-24 09:18:36,265] [merqutil.db] [INFO] [56923] 0 rows selected in 0.02435166691429913 s
[2026-08-24 09:18:36,266] [merq.merq_platform.impl.services.options.ivol_utils] [DEBUG] [56923] Getting external id for <class 'merq.merq_platform.api.components.identifiers.merq_equity_id.MerqEquityListingId'> with 1 ids.
[2026-08-24 09:18:36,266] [merqutil.db] [DEBUG] [56923] : running sql

        SELECT
            REPLACE(ss.symbol, '/', '.') AS symbol,
            s.region_id,
            e.mic
        FROM ivol.stock_symbol ss
        JOIN ivol.stock s
            ON s.stock_id = ss.stock_id
        LEFT JOIN ivol.exchange e
            ON e.exchange_id = ss.exchange_id
        WHERE (replace(ss.symbol, '/', '.'), s.region_id) in (('SPY', 1)) AND
            '2024-09-27 00:00:00' between ss.t_date and ss.term_date
    
[2026-08-24 09:18:36,282] [merqutil.db] [INFO] [56923] 1 rows selected in 0.016283624805510044 s
[2026-08-24 09:18:36,283] [merq.merq_platform.impl.services.options.ivol_utils] [DEBUG] [56923] Getting stock ids for 1 merq_ids, effective date: 2024-09-27 00:00:00.
[2026-08-24 09:18:36,283] [merqutil.db] [DEBUG] [56923] : running sql

        SELECT
            MAX(ss.stock_id) AS stock_id,
            REPLACE(ss.symbol, '/', '.') AS symbol,
            e.mic
        FROM ivol.stock_symbol ss
        LEFT JOIN ivol.exchange e
            ON e.exchange_id = ss.exchange_id
        WHERE
            (REPLACE(ss.symbol, '/', '.'), COALESCE(e.mic, 'NA')) IN (('SPY', 'ARCX')) AND
            '2024-09-27 00:00:00' BETWEEN ss.t_date AND ss.term_date
        GROUP BY ss.symbol, e.mic
        HAVING COUNT(DISTINCT ss.stock_id) = 1
    
[2026-08-24 09:18:36,300] [merqutil.db] [INFO] [56923] 1 rows selected in 0.016856207977980375 s
[2026-08-24 09:18:36,300] [merq.merq_platform.impl.services.options.ivol_utils] [DEBUG] [56923] Found 1 symbol, mic pairs mapping to stock ids.
[2026-08-24 09:18:36,301] [merqutil.db] [DEBUG] [56923] : running sql

            SELECT ca.ex_date, ca.action_type, ca.stock_id
            FROM merq.corp_actions ca
            WHERE ca.ex_date = '2024-09-27 00:00:00' AND
                ca.action_type in ('dvd', 'spl', 'sdvd', 'sp', 'distr', 'rts') AND
                ca.stock_id in (627)
        
[2026-08-24 09:18:36,313] [merqutil.db] [INFO] [56923] 0 rows selected in 0.011959250085055828 s
[2026-08-24 09:18:36,313] [merqutil.db] [DEBUG] [56923] : running sql

        SELECT d.stock_id, d.last_dvd_date, d.last_dvd_amount, d.real_last_dvd_amount, d.dvd_ccy
        FROM ivol.dividend d
        WHERE d.last_dvd_date = '2024-09-27 00:00:00' AND
            d.stock_id in (627)
        
[2026-08-24 09:18:36,326] [merqutil.db] [INFO] [56923] 0 rows selected in 0.012612209189683199 s
[2026-08-24 09:18:36,326] [merqutil.db] [DEBUG] [56923] : running sql

            SELECT COUNT(*)
            FROM merq.corp_actions ca
            JOIN ivol.root_property rp
                ON (
                    rp.stock_id=ca.stock_id
                )
            WHERE (ca.ex_date='2024-09-26 00:00:00' OR ca.ex_date='2024-09-27 00:00:00')
                AND ca.action_type='rn'
                AND rp.action_type='RootRn'
                AND rp.t_date='2024-09-27 00:00:00'
                AND ca.stock_id IN (627);
        
[2026-08-24 09:18:36,340] [merqutil.db] [INFO] [56923] 1 rows selected in 0.01345516717992723 s
[2026-08-24 09:18:36,342] [merq.merq_platform.api.components.computation_pipeline.level_computers.standard_level_computer] [DEBUG] [56923] Equities contribution to index level: 1055.3231885848395
[2026-08-24 09:18:36,342] [merq.merq_platform.api.components.computation_pipeline.level_computers.standard_level_computer] [DEBUG] [56923] Options contribution to index level: -22.2571219399249
[2026-08-24 09:18:36,342] [merq.merq_platform.api.components.computation_pipeline.level_computers.standard_level_computer] [DEBUG] [56923] Cash contribution to index level: 19.23295624137677
[2026-08-24 09:18:36,343] [merq.merq_platform.api.components.computation_pipeline.level_computers.standard_level_computer] [DEBUG] [56923] Equities contribution to index level: 1053.7926657008181
[2026-08-24 09:18:36,343] [merq.merq_platform.api.components.computation_pipeline.level_computers.standard_level_computer] [DEBUG] [56923] Options contribution to index level: -22.11882167932049
[2026-08-24 09:18:36,343] [merq.merq_platform.api.components.computation_pipeline.level_computers.standard_level_computer] [DEBUG] [56923] Cash contribution to index level: 19.23295624137677
[2026-08-24 09:18:36,343] [merq.merq_platform.api.indices.multi_asset.multi_asset_base_index] [INFO] [56923] Computed index level for 2024-09-27 00:00:00 as 1050.9068002628744
[2026-08-24 09:18:36,344] [merq.merq_platform.api.components.computation_pipeline.level_computers.standard_level_computer] [DEBUG] [56923] Equities contribution to index level: 1053.7926657008181
[2026-08-24 09:18:36,344] [merq.merq_platform.api.components.computation_pipeline.level_computers.standard_level_computer] [DEBUG] [56923] Options contribution to index level: -22.11882167932049
[2026-08-24 09:18:36,344] [merq.merq_platform.api.components.computation_pipeline.level_computers.standard_level_computer] [DEBUG] [56923] Cash contribution to index level: 19.23295624137677
[2026-08-24 09:18:36,356] [merq.merq_platform.api.indices.multi_asset.multi_asset_base_index] [DEBUG] [56923] Loaded in portfolio for date 2024-09-27 00:00:00
[2026-08-24 09:18:36,356] [merq.merq_platform.api.components.computation_pipeline.corax_loaders.index_corporate_actions_loader] [DEBUG] [56923] Loading corporate actions for el merq ids in unknown from 2024-09-28 00:00:00 to 2024-09-30 00:00:00...
[2026-08-24 09:18:36,357] [merq.merq_platform.api.components.computation_pipeline.corax_loaders.index_corporate_actions_loader] [DEBUG] [56923] Loading corporate actions for op merq ids in unknown from 2024-09-28 00:00:00 to 2024-09-30 00:00:00...
[2026-08-24 09:18:36,357] [merq.merq_platform.impl.services.options.ivol_reference_data_provider] [DEBUG] [56923] Getting underlying for 1 option contracts on eff_date: 2024-09-27 00:00:00
[2026-08-24 09:18:36,357] [merqutil.db] [DEBUG] [56923] : running sql

            SELECT
                rp.symbol, e.mic
            FROM ivol.root_property rp
            JOIN ivol.exchange e
                ON e.exchange_id = rp.exchange_id
            JOIN ivol.stock s
                ON s.stock_id = rp.stock_id
            WHERE rp.symbol in ('SPY')
                AND rp.t_date <= '2024-09-27 00:00:00' AND rp.term_date >= '2024-09-27 00:00:00'
                AND s.region_id = 1;
        
[2026-08-24 09:18:36,370] [merqutil.db] [INFO] [56923] 1 rows selected in 0.013248250121250749 s
[2026-08-24 09:18:36,439] [merq.merq_platform.impl.services.options.ivol_utils] [DEBUG] [56923] Created temp table temp_option_contract_keys with index
[2026-08-24 09:18:36,439] [merq.merq_platform.impl.services.options.ivol_utils] [DEBUG] [56923] Populating temp table with 1 option keys
[2026-08-24 09:18:36,476] [merq.merq_platform.impl.services.options.ivol_utils] [DEBUG] [56923] Inserted 1 keys into temp table in 1 batches
[2026-08-24 09:18:36,519] [merqutil.db] [DEBUG] [56923] materializing option contracts: : running sql
CREATE TEMP TABLE temp_option_contracts AS 
        SELECT
            ov.t_date,
            ov.expiration_date, ov.call_put, ov.strike, ov.root, e.mic,
            ov.stock_id, ov.root_id
        FROM ivol.option_value ov
        JOIN ivol.root_property rp
            ON rp.root_id = ov.root_id
            AND '2024-09-27 00:00:00' BETWEEN rp.t_date AND rp.term_date
        JOIN ivol.exchange e
            ON e.exchange_id = rp.exchange_id
        JOIN temp_option_contract_keys tok
            ON ov.expiration_date = tok.expiration_date
            AND ov.call_put = tok.call_put
            AND ov.strike = tok.strike
            AND ov.root = tok.root
            AND e.mic = tok.mic
        WHERE ov.t_date = '2024-09-27 00:00:00'
        UNION ALL
        SELECT
            ovn.t_date,
            ovn.expiration_date, ovn.call_put, ovn.strike, ovn.root, e.mic,
            ovn.stock_id, ovn.root_id
        FROM ivol.option_value_ns ovn
        JOIN ivol.root_property rp
            ON rp.root_id = ovn.root_id
            AND '2024-09-27 00:00:00' BETWEEN rp.t_date AND rp.term_date
        JOIN ivol.exchange e
            ON e.exchange_id = rp.exchange_id
        JOIN temp_option_contract_keys tok
            ON ovn.expiration_date = tok.expiration_date
            AND ovn.call_put = tok.call_put
            AND ovn.strike = tok.strike
            AND ovn.root = tok.root
            AND e.mic = tok.mic
        WHERE ovn.t_date = '2024-09-27 00:00:00'
    
[2026-08-24 09:18:36,560] [merqutil.db] [INFO] [56923] materializing option contracts: 1 rows created in 0.040750541957095265 s
[2026-08-24 09:18:36,655] [merqutil.db] [DEBUG] [56923] : running sql

            SELECT
                ov.root, ov.expiration_date, ov.call_put, ov.strike, ov.mic,
                replace(ss.symbol, '/', '.') as symbol
            FROM temp_option_contracts ov
            JOIN ivol.stock_symbol ss
                ON (ss.stock_id = ov.stock_id
                    AND '2024-09-27 00:00:00' BETWEEN ss.t_date AND ss.term_date
                    AND ss.symbol not like '%%%%7' -- Exclude mini options
                )
            JOIN ivol.stock s
                ON (ss.stock_id = s.stock_id)
            WHERE
                s.type IN ('S', 'F')
        
[2026-08-24 09:18:36,680] [merqutil.db] [INFO] [56923] 1 rows selected in 0.025037750136107206 s
[2026-08-24 09:18:36,681] [merqutil.db] [DEBUG] [56923] : running sql

            SELECT
                rp.symbol, e.mic
            FROM ivol.root_property rp
            JOIN ivol.exchange e
                ON e.exchange_id = rp.exchange_id
            JOIN ivol.stock s
                ON s.stock_id = rp.stock_id
            WHERE rp.symbol in ('SPY')
                AND rp.t_date <= '2024-09-27 00:00:00' AND rp.term_date >= '2024-09-27 00:00:00'
                AND s.region_id = 1;
        
[2026-08-24 09:18:36,693] [merqutil.db] [INFO] [56923] 1 rows selected in 0.01213491684757173 s
[2026-08-24 09:18:36,764] [merq.merq_platform.impl.services.options.ivol_utils] [DEBUG] [56923] Created temp table temp_option_contract_keys with index
[2026-08-24 09:18:36,764] [merq.merq_platform.impl.services.options.ivol_utils] [DEBUG] [56923] Populating temp table with 1 option keys
[2026-08-24 09:18:36,802] [merq.merq_platform.impl.services.options.ivol_utils] [DEBUG] [56923] Inserted 1 keys into temp table in 1 batches
[2026-08-24 09:18:36,847] [merqutil.db] [DEBUG] [56923] materializing option contracts: : running sql
CREATE TEMP TABLE temp_option_contracts AS 
        SELECT
            ov.t_date,
            ov.expiration_date, ov.call_put, ov.strike, ov.root, e.mic,
            ov.stock_id, ov.root_id
        FROM ivol.option_value ov
        JOIN ivol.root_property rp
            ON rp.root_id = ov.root_id
            AND '2024-09-27 00:00:00' BETWEEN rp.t_date AND rp.term_date
        JOIN ivol.exchange e
            ON e.exchange_id = rp.exchange_id
        JOIN temp_option_contract_keys tok
            ON ov.expiration_date = tok.expiration_date
            AND ov.call_put = tok.call_put
            AND ov.strike = tok.strike
            AND ov.root = tok.root
            AND e.mic = tok.mic
        WHERE ov.t_date = '2024-09-27 00:00:00'
        UNION ALL
        SELECT
            ovn.t_date,
            ovn.expiration_date, ovn.call_put, ovn.strike, ovn.root, e.mic,
            ovn.stock_id, ovn.root_id
        FROM ivol.option_value_ns ovn
        JOIN ivol.root_property rp
            ON rp.root_id = ovn.root_id
            AND '2024-09-27 00:00:00' BETWEEN rp.t_date AND rp.term_date
        JOIN ivol.exchange e
            ON e.exchange_id = rp.exchange_id
        JOIN temp_option_contract_keys tok
            ON ovn.expiration_date = tok.expiration_date
            AND ovn.call_put = tok.call_put
            AND ovn.strike = tok.strike
            AND ovn.root = tok.root
            AND e.mic = tok.mic
        WHERE ovn.t_date = '2024-09-27 00:00:00'
    
[2026-08-24 09:18:36,887] [merqutil.db] [INFO] [56923] materializing option contracts: 1 rows created in 0.040188416838645935 s
[2026-08-24 09:18:36,973] [merqutil.db] [DEBUG] [56923] : running sql

            SELECT
                ov.root, ov.expiration_date, ov.call_put, ov.strike, ov.mic,
                replace(ss.symbol, '/', '.') as symbol
            FROM temp_option_contracts ov
            JOIN ivol.stock_symbol ss
                ON (ss.stock_id = ov.stock_id
                    AND '2024-09-27 00:00:00' BETWEEN ss.t_date AND ss.term_date
                    AND ss.symbol not like '%%%%7' -- Exclude mini options
                )
            JOIN ivol.stock s
                ON (ss.stock_id = s.stock_id)
            WHERE
                s.type IN ('I')
        
[2026-08-24 09:18:36,999] [merqutil.db] [INFO] [56923] 0 rows selected in 0.024891250068321824 s
[2026-08-24 09:18:36,999] [merq.merq_platform.impl.services.options.ivol_utils] [DEBUG] [56923] Getting external id for <class 'merq.merq_platform.api.components.identifiers.merq_equity_id.MerqEquityListingId'> with 1 ids.
[2026-08-24 09:18:37,000] [merqutil.db] [DEBUG] [56923] : running sql

        SELECT
            REPLACE(ss.symbol, '/', '.') AS symbol,
            s.region_id,
            e.mic
        FROM ivol.stock_symbol ss
        JOIN ivol.stock s
            ON s.stock_id = ss.stock_id
        LEFT JOIN ivol.exchange e
            ON e.exchange_id = ss.exchange_id
        WHERE (replace(ss.symbol, '/', '.'), s.region_id) in (('SPY', 1)) AND
            '2024-09-30 00:00:00' between ss.t_date and ss.term_date
    
[2026-08-24 09:18:37,017] [merqutil.db] [INFO] [56923] 1 rows selected in 0.01735720899887383 s
[2026-08-24 09:18:37,017] [merq.merq_platform.impl.services.options.ivol_utils] [DEBUG] [56923] Getting stock ids for 1 merq_ids, effective date: 2024-09-30 00:00:00.
[2026-08-24 09:18:37,017] [merqutil.db] [DEBUG] [56923] : running sql

        SELECT
            MAX(ss.stock_id) AS stock_id,
            REPLACE(ss.symbol, '/', '.') AS symbol,
            e.mic
        FROM ivol.stock_symbol ss
        LEFT JOIN ivol.exchange e
            ON e.exchange_id = ss.exchange_id
        WHERE
            (REPLACE(ss.symbol, '/', '.'), COALESCE(e.mic, 'NA')) IN (('SPY', 'ARCX')) AND
            '2024-09-30 00:00:00' BETWEEN ss.t_date AND ss.term_date
        GROUP BY ss.symbol, e.mic
        HAVING COUNT(DISTINCT ss.stock_id) = 1
    
[2026-08-24 09:18:37,034] [merqutil.db] [INFO] [56923] 1 rows selected in 0.01686320803128183 s
[2026-08-24 09:18:37,035] [merq.merq_platform.impl.services.options.ivol_utils] [DEBUG] [56923] Found 1 symbol, mic pairs mapping to stock ids.
[2026-08-24 09:18:37,035] [merqutil.db] [DEBUG] [56923] : running sql

            SELECT ca.ex_date, ca.action_type, ca.stock_id
            FROM merq.corp_actions ca
            WHERE ca.ex_date = '2024-09-30 00:00:00' AND
                ca.action_type in ('dvd', 'spl', 'sdvd', 'sp', 'distr', 'rts') AND
                ca.stock_id in (627)
        
[2026-08-24 09:18:37,048] [merqutil.db] [INFO] [56923] 0 rows selected in 0.013140457915142179 s
[2026-08-24 09:18:37,048] [merqutil.db] [DEBUG] [56923] : running sql

        SELECT d.stock_id, d.last_dvd_date, d.last_dvd_amount, d.real_last_dvd_amount, d.dvd_ccy
        FROM ivol.dividend d
        WHERE d.last_dvd_date = '2024-09-30 00:00:00' AND
            d.stock_id in (627)
        
[2026-08-24 09:18:37,062] [merqutil.db] [INFO] [56923] 0 rows selected in 0.013030624948441982 s
[2026-08-24 09:18:37,062] [merqutil.db] [DEBUG] [56923] : running sql

            SELECT COUNT(*)
            FROM merq.corp_actions ca
            JOIN ivol.root_property rp
                ON (
                    rp.stock_id=ca.stock_id
                )
            WHERE (ca.ex_date='2024-09-27 00:00:00' OR ca.ex_date='2024-09-30 00:00:00')
                AND ca.action_type='rn'
                AND rp.action_type='RootRn'
                AND rp.t_date='2024-09-30 00:00:00'
                AND ca.stock_id IN (627);
        
[2026-08-24 09:18:37,077] [merqutil.db] [INFO] [56923] 1 rows selected in 0.014550041873008013 s
[2026-08-24 09:18:37,079] [merq.merq_platform.api.components.computation_pipeline.level_computers.standard_level_computer] [DEBUG] [56923] Equities contribution to index level: 1053.7926657008181
[2026-08-24 09:18:37,079] [merq.merq_platform.api.components.computation_pipeline.level_computers.standard_level_computer] [DEBUG] [56923] Options contribution to index level: -22.11882167932049
[2026-08-24 09:18:37,079] [merq.merq_platform.api.components.computation_pipeline.level_computers.standard_level_computer] [DEBUG] [56923] Cash contribution to index level: 19.23295624137677
[2026-08-24 09:18:37,080] [merq.merq_platform.api.components.computation_pipeline.level_computers.standard_level_computer] [DEBUG] [56923] Equities contribution to index level: 1058.0154336579374
[2026-08-24 09:18:37,080] [merq.merq_platform.api.components.computation_pipeline.level_computers.standard_level_computer] [DEBUG] [56923] Options contribution to index level: -23.492604267990373
[2026-08-24 09:18:37,080] [merq.merq_platform.api.components.computation_pipeline.level_computers.standard_level_computer] [DEBUG] [56923] Cash contribution to index level: 19.23295624137677
[2026-08-24 09:18:37,080] [merq.merq_platform.api.indices.multi_asset.multi_asset_base_index] [INFO] [56923] Computed index level for 2024-09-30 00:00:00 as 1053.7557856313238
[2026-08-24 09:18:37,081] [merq.merq_platform.api.components.computation_pipeline.level_computers.standard_level_computer] [DEBUG] [56923] Equities contribution to index level: 1058.0154336579374
[2026-08-24 09:18:37,081] [merq.merq_platform.api.components.computation_pipeline.level_computers.standard_level_computer] [DEBUG] [56923] Options contribution to index level: -23.492604267990373
[2026-08-24 09:18:37,081] [merq.merq_platform.api.components.computation_pipeline.level_computers.standard_level_computer] [DEBUG] [56923] Cash contribution to index level: 19.23295624137677
[2026-08-24 09:18:37,093] [merq.merq_platform.api.indices.multi_asset.multi_asset_base_index] [DEBUG] [56923] Loaded in portfolio for date 2024-09-30 00:00:00
[2026-08-24 09:18:37,094] [merq.merq_platform.api.components.computation_pipeline.corax_loaders.index_corporate_actions_loader] [DEBUG] [56923] Loading corporate actions for el merq ids in unknown from 2024-10-01 00:00:00 to 2024-10-01 00:00:00...
[2026-08-24 09:18:37,094] [merq.merq_platform.api.components.computation_pipeline.corax_loaders.index_corporate_actions_loader] [DEBUG] [56923] Loading corporate actions for op merq ids in unknown from 2024-10-01 00:00:00 to 2024-10-01 00:00:00...
[2026-08-24 09:18:37,094] [merq.merq_platform.impl.services.options.ivol_reference_data_provider] [DEBUG] [56923] Getting underlying for 1 option contracts on eff_date: 2024-09-30 00:00:00
[2026-08-24 09:18:37,094] [merqutil.db] [DEBUG] [56923] : running sql

            SELECT
                rp.symbol, e.mic
            FROM ivol.root_property rp
            JOIN ivol.exchange e
                ON e.exchange_id = rp.exchange_id
            JOIN ivol.stock s
                ON s.stock_id = rp.stock_id
            WHERE rp.symbol in ('SPY')
                AND rp.t_date <= '2024-09-30 00:00:00' AND rp.term_date >= '2024-09-30 00:00:00'
                AND s.region_id = 1;
        
[2026-08-24 09:18:37,108] [merqutil.db] [INFO] [56923] 1 rows selected in 0.013677584007382393 s
[2026-08-24 09:18:37,174] [merq.merq_platform.impl.services.options.ivol_utils] [DEBUG] [56923] Created temp table temp_option_contract_keys with index
[2026-08-24 09:18:37,174] [merq.merq_platform.impl.services.options.ivol_utils] [DEBUG] [56923] Populating temp table with 1 option keys
[2026-08-24 09:18:37,216] [merq.merq_platform.impl.services.options.ivol_utils] [DEBUG] [56923] Inserted 1 keys into temp table in 1 batches
[2026-08-24 09:18:37,265] [merqutil.db] [DEBUG] [56923] materializing option contracts: : running sql
CREATE TEMP TABLE temp_option_contracts AS 
        SELECT
            ov.t_date,
            ov.expiration_date, ov.call_put, ov.strike, ov.root, e.mic,
            ov.stock_id, ov.root_id
        FROM ivol.option_value ov
        JOIN ivol.root_property rp
            ON rp.root_id = ov.root_id
            AND '2024-09-30 00:00:00' BETWEEN rp.t_date AND rp.term_date
        JOIN ivol.exchange e
            ON e.exchange_id = rp.exchange_id
        JOIN temp_option_contract_keys tok
            ON ov.expiration_date = tok.expiration_date
            AND ov.call_put = tok.call_put
            AND ov.strike = tok.strike
            AND ov.root = tok.root
            AND e.mic = tok.mic
        WHERE ov.t_date = '2024-09-30 00:00:00'
        UNION ALL
        SELECT
            ovn.t_date,
            ovn.expiration_date, ovn.call_put, ovn.strike, ovn.root, e.mic,
            ovn.stock_id, ovn.root_id
        FROM ivol.option_value_ns ovn
        JOIN ivol.root_property rp
            ON rp.root_id = ovn.root_id
            AND '2024-09-30 00:00:00' BETWEEN rp.t_date AND rp.term_date
        JOIN ivol.exchange e
            ON e.exchange_id = rp.exchange_id
        JOIN temp_option_contract_keys tok
            ON ovn.expiration_date = tok.expiration_date
            AND ovn.call_put = tok.call_put
            AND ovn.strike = tok.strike
            AND ovn.root = tok.root
            AND e.mic = tok.mic
        WHERE ovn.t_date = '2024-09-30 00:00:00'
    
[2026-08-24 09:18:37,306] [merqutil.db] [INFO] [56923] materializing option contracts: 1 rows created in 0.04146820795722306 s
[2026-08-24 09:18:37,389] [merqutil.db] [DEBUG] [56923] : running sql

            SELECT
                ov.root, ov.expiration_date, ov.call_put, ov.strike, ov.mic,
                replace(ss.symbol, '/', '.') as symbol
            FROM temp_option_contracts ov
            JOIN ivol.stock_symbol ss
                ON (ss.stock_id = ov.stock_id
                    AND '2024-09-30 00:00:00' BETWEEN ss.t_date AND ss.term_date
                    AND ss.symbol not like '%%%%7' -- Exclude mini options
                )
            JOIN ivol.stock s
                ON (ss.stock_id = s.stock_id)
            WHERE
                s.type IN ('S', 'F')
        
[2026-08-24 09:18:37,416] [merqutil.db] [INFO] [56923] 1 rows selected in 0.027258124900981784 s
[2026-08-24 09:18:37,417] [merqutil.db] [DEBUG] [56923] : running sql

            SELECT
                rp.symbol, e.mic
            FROM ivol.root_property rp
            JOIN ivol.exchange e
                ON e.exchange_id = rp.exchange_id
            JOIN ivol.stock s
                ON s.stock_id = rp.stock_id
            WHERE rp.symbol in ('SPY')
                AND rp.t_date <= '2024-09-30 00:00:00' AND rp.term_date >= '2024-09-30 00:00:00'
                AND s.region_id = 1;
        
[2026-08-24 09:18:37,430] [merqutil.db] [INFO] [56923] 1 rows selected in 0.012352082878351212 s
[2026-08-24 09:18:37,503] [merq.merq_platform.impl.services.options.ivol_utils] [DEBUG] [56923] Created temp table temp_option_contract_keys with index
[2026-08-24 09:18:37,503] [merq.merq_platform.impl.services.options.ivol_utils] [DEBUG] [56923] Populating temp table with 1 option keys
[2026-08-24 09:18:37,543] [merq.merq_platform.impl.services.options.ivol_utils] [DEBUG] [56923] Inserted 1 keys into temp table in 1 batches
[2026-08-24 09:18:37,586] [merqutil.db] [DEBUG] [56923] materializing option contracts: : running sql
CREATE TEMP TABLE temp_option_contracts AS 
        SELECT
            ov.t_date,
            ov.expiration_date, ov.call_put, ov.strike, ov.root, e.mic,
            ov.stock_id, ov.root_id
        FROM ivol.option_value ov
        JOIN ivol.root_property rp
            ON rp.root_id = ov.root_id
            AND '2024-09-30 00:00:00' BETWEEN rp.t_date AND rp.term_date
        JOIN ivol.exchange e
            ON e.exchange_id = rp.exchange_id
        JOIN temp_option_contract_keys tok
            ON ov.expiration_date = tok.expiration_date
            AND ov.call_put = tok.call_put
            AND ov.strike = tok.strike
            AND ov.root = tok.root
            AND e.mic = tok.mic
        WHERE ov.t_date = '2024-09-30 00:00:00'
        UNION ALL
        SELECT
            ovn.t_date,
            ovn.expiration_date, ovn.call_put, ovn.strike, ovn.root, e.mic,
            ovn.stock_id, ovn.root_id
        FROM ivol.option_value_ns ovn
        JOIN ivol.root_property rp
            ON rp.root_id = ovn.root_id
            AND '2024-09-30 00:00:00' BETWEEN rp.t_date AND rp.term_date
        JOIN ivol.exchange e
            ON e.exchange_id = rp.exchange_id
        JOIN temp_option_contract_keys tok
            ON ovn.expiration_date = tok.expiration_date
            AND ovn.call_put = tok.call_put
            AND ovn.strike = tok.strike
            AND ovn.root = tok.root
            AND e.mic = tok.mic
        WHERE ovn.t_date = '2024-09-30 00:00:00'
    
[2026-08-24 09:18:37,629] [merqutil.db] [INFO] [56923] materializing option contracts: 1 rows created in 0.04364400007762015 s
[2026-08-24 09:18:37,713] [merqutil.db] [DEBUG] [56923] : running sql

            SELECT
                ov.root, ov.expiration_date, ov.call_put, ov.strike, ov.mic,
                replace(ss.symbol, '/', '.') as symbol
            FROM temp_option_contracts ov
            JOIN ivol.stock_symbol ss
                ON (ss.stock_id = ov.stock_id
                    AND '2024-09-30 00:00:00' BETWEEN ss.t_date AND ss.term_date
                    AND ss.symbol not like '%%%%7' -- Exclude mini options
                )
            JOIN ivol.stock s
                ON (ss.stock_id = s.stock_id)
            WHERE
                s.type IN ('I')
        
[2026-08-24 09:18:37,738] [merqutil.db] [INFO] [56923] 0 rows selected in 0.025100874947384 s
[2026-08-24 09:18:37,738] [merq.merq_platform.impl.services.options.ivol_utils] [DEBUG] [56923] Getting external id for <class 'merq.merq_platform.api.components.identifiers.merq_equity_id.MerqEquityListingId'> with 1 ids.
[2026-08-24 09:18:37,739] [merqutil.db] [DEBUG] [56923] : running sql

        SELECT
            REPLACE(ss.symbol, '/', '.') AS symbol,
            s.region_id,
            e.mic
        FROM ivol.stock_symbol ss
        JOIN ivol.stock s
            ON s.stock_id = ss.stock_id
        LEFT JOIN ivol.exchange e
            ON e.exchange_id = ss.exchange_id
        WHERE (replace(ss.symbol, '/', '.'), s.region_id) in (('SPY', 1)) AND
            '2024-10-01 00:00:00' between ss.t_date and ss.term_date
    
[2026-08-24 09:18:37,756] [merqutil.db] [INFO] [56923] 1 rows selected in 0.01698029087856412 s
[2026-08-24 09:18:37,756] [merq.merq_platform.impl.services.options.ivol_utils] [DEBUG] [56923] Getting stock ids for 1 merq_ids, effective date: 2024-10-01 00:00:00.
[2026-08-24 09:18:37,756] [merqutil.db] [DEBUG] [56923] : running sql

        SELECT
            MAX(ss.stock_id) AS stock_id,
            REPLACE(ss.symbol, '/', '.') AS symbol,
            e.mic
        FROM ivol.stock_symbol ss
        LEFT JOIN ivol.exchange e
            ON e.exchange_id = ss.exchange_id
        WHERE
            (REPLACE(ss.symbol, '/', '.'), COALESCE(e.mic, 'NA')) IN (('SPY', 'ARCX')) AND
            '2024-10-01 00:00:00' BETWEEN ss.t_date AND ss.term_date
        GROUP BY ss.symbol, e.mic
        HAVING COUNT(DISTINCT ss.stock_id) = 1
    
[2026-08-24 09:18:37,773] [merqutil.db] [INFO] [56923] 1 rows selected in 0.016881957883015275 s
[2026-08-24 09:18:37,773] [merq.merq_platform.impl.services.options.ivol_utils] [DEBUG] [56923] Found 1 symbol, mic pairs mapping to stock ids.
[2026-08-24 09:18:37,774] [merqutil.db] [DEBUG] [56923] : running sql

            SELECT ca.ex_date, ca.action_type, ca.stock_id
            FROM merq.corp_actions ca
            WHERE ca.ex_date = '2024-10-01 00:00:00' AND
                ca.action_type in ('dvd', 'spl', 'sdvd', 'sp', 'distr', 'rts') AND
                ca.stock_id in (627)
        
[2026-08-24 09:18:37,786] [merqutil.db] [INFO] [56923] 0 rows selected in 0.012252750108018517 s
[2026-08-24 09:18:37,786] [merqutil.db] [DEBUG] [56923] : running sql

        SELECT d.stock_id, d.last_dvd_date, d.last_dvd_amount, d.real_last_dvd_amount, d.dvd_ccy
        FROM ivol.dividend d
        WHERE d.last_dvd_date = '2024-10-01 00:00:00' AND
            d.stock_id in (627)
        
[2026-08-24 09:18:37,799] [merqutil.db] [INFO] [56923] 0 rows selected in 0.012710458133369684 s
[2026-08-24 09:18:37,800] [merqutil.db] [DEBUG] [56923] : running sql

            SELECT COUNT(*)
            FROM merq.corp_actions ca
            JOIN ivol.root_property rp
                ON (
                    rp.stock_id=ca.stock_id
                )
            WHERE (ca.ex_date='2024-09-30 00:00:00' OR ca.ex_date='2024-10-01 00:00:00')
                AND ca.action_type='rn'
                AND rp.action_type='RootRn'
                AND rp.t_date='2024-10-01 00:00:00'
                AND ca.stock_id IN (627);
        
[2026-08-24 09:18:37,814] [merqutil.db] [INFO] [56923] 1 rows selected in 0.013809666968882084 s
[2026-08-24 09:18:37,815] [merq.merq_platform.api.components.computation_pipeline.level_computers.standard_level_computer] [DEBUG] [56923] Equities contribution to index level: 1058.0154336579374
[2026-08-24 09:18:37,815] [merq.merq_platform.api.components.computation_pipeline.level_computers.standard_level_computer] [DEBUG] [56923] Options contribution to index level: -23.492604267990373
[2026-08-24 09:18:37,815] [merq.merq_platform.api.components.computation_pipeline.level_computers.standard_level_computer] [DEBUG] [56923] Cash contribution to index level: 19.23295624137677
[2026-08-24 09:18:37,816] [merqutil.db] [DEBUG] [56923] : running sql

            SELECT
                rp.symbol, e.mic
            FROM ivol.root_property rp
            JOIN ivol.exchange e
                ON e.exchange_id = rp.exchange_id
            JOIN ivol.stock s
                ON s.stock_id = rp.stock_id
            WHERE rp.symbol in ('SPY')
                AND rp.t_date <= '2024-10-31 00:00:00' AND rp.term_date >= '2024-10-01 00:00:00'
                AND s.region_id = 1;
        
[2026-08-24 09:18:37,828] [merqutil.db] [INFO] [56923] 1 rows selected in 0.012152250157669187 s
[2026-08-24 09:18:37,829] [merqutil.db] [DEBUG] [56923] : running sql

            SELECT
                ov.t_date,
                ov.root, ov.expiration_date, ov.strike, ov.call_put, e.mic,
                ov.open, ov.high, ov.low, ov.close,
                ov.bid, ov.ask, ov.final_price as price, ov.open_interest, ov.volume, ov.shift,
                ov.iv, ov.delta, ov.gamma, ov.theta, ov.vega, ov.rho, ov.is_interpolated, ov.status,
                s.currency
            FROM ivol.root_property rp
            JOIN ivol.exchange e
                ON e.exchange_id = rp.exchange_id
            JOIN merq.option_prices ov
                ON  (
                    ov.stock_id = rp.stock_id
                    AND ov.root_id = rp.root_id
                )
            JOIN ivol.stock s
                ON s.stock_id = rp.stock_id
            WHERE
                ov.t_date between '2024-10-01 00:00:00' and '2024-10-31 00:00:00'
                AND ov.t_date between rp.t_date and rp.term_date
                AND (ov.expiration_date, ov.call_put, ov.strike::numeric, rp.symbol, e.mic) IN (('2024-12-20 00:00:00', 'C', '585.0', 'SPY', 'XCBO'))
                AND rp.is_enabled = TRUE
            UNION ALL
            SELECT
                ovn.t_date, ovn.root, ovn.expiration_date, ovn.strike, ovn.call_put, e.mic,
                ovn.open, ovn.high, ovn.low, ovn.close,
                ovn.bid, ovn.ask, ovn.final_price as price, ovn.open_interest, ovn.volume, ovn.shift,
                ovn.iv, ovn.delta, ovn.gamma, ovn.theta, ovn.vega, ovn.rho, ovn.is_interpolated, ovn.status,
                s.currency
            FROM ivol.root_property rp
            JOIN ivol.exchange e
                ON e.exchange_id = rp.exchange_id
            JOIN merq.option_prices_ns ovn
                ON  (
                    ovn.stock_id = rp.stock_id
                    AND ovn.root_id = rp.root_id
                )
            JOIN ivol.stock s
                ON s.stock_id = rp.stock_id
            WHERE
                ovn.t_date between '2024-10-01 00:00:00' and '2024-10-31 00:00:00'
                AND ovn.t_date between rp.t_date and rp.term_date
                AND (ovn.expiration_date, ovn.call_put, ovn.strike::numeric, rp.symbol, e.mic) IN (('2024-12-20 00:00:00', 'C', '585.0', 'SPY', 'XCBO'))
                AND rp.is_enabled = FALSE;
        
[2026-08-24 09:18:38,221] [merqutil.db] [INFO] [56923] 23 rows selected in 0.39191887504421175 s
[2026-08-24 09:18:38,224] [merq.merq_platform.api.components.computation_pipeline.level_computers.standard_level_computer] [DEBUG] [56923] Equities contribution to index level: 1048.5372557978533
[2026-08-24 09:18:38,224] [merq.merq_platform.api.components.computation_pipeline.level_computers.standard_level_computer] [DEBUG] [56923] Options contribution to index level: -19.81381733591479
[2026-08-24 09:18:38,224] [merq.merq_platform.api.components.computation_pipeline.level_computers.standard_level_computer] [DEBUG] [56923] Cash contribution to index level: 19.23295624137677
[2026-08-24 09:18:38,224] [merq.merq_platform.api.indices.multi_asset.multi_asset_base_index] [INFO] [56923] Computed index level for 2024-10-01 00:00:00 as 1047.9563947033153
[2026-08-24 09:18:38,226] [merq.merq_platform.api.components.computation_pipeline.level_computers.standard_level_computer] [DEBUG] [56923] Equities contribution to index level: 1048.5372557978533
[2026-08-24 09:18:38,226] [merq.merq_platform.api.components.computation_pipeline.level_computers.standard_level_computer] [DEBUG] [56923] Options contribution to index level: -19.81381733591479
[2026-08-24 09:18:38,226] [merq.merq_platform.api.components.computation_pipeline.level_computers.standard_level_computer] [DEBUG] [56923] Cash contribution to index level: 19.23295624137677
[2026-08-24 09:18:38,242] [merq.util.timing_util] [INFO] [56923] Timings (total duration: 0:00:56):
[2026-08-24 09:18:38,242] [merq.util.timing_util] [INFO] [56923] 	2024-6: 0:00:07 (12.7%)
[2026-08-24 09:18:38,242] [merq.util.timing_util] [INFO] [56923] 	2024-7: 0:00:17 (29.8%)
[2026-08-24 09:18:38,242] [merq.util.timing_util] [INFO] [56923] 	2024-8: 0:00:16 (29.0%)
[2026-08-24 09:18:38,242] [merq.util.timing_util] [INFO] [56923] 	2024-9: 0:00:16 (28.4%)
WROTE /Users/luomengzhou/Projects/dev-put-harvesting/ft_aug_12_out/regression_20260824/branch
{
  "n_levels": 71,
  "first": "2024-06-21 00:00:00",
  "last": "2024-10-01 00:00:00",
  "last_level": 1047.9563947033153,
  "n_portfolio_rows": 210,
  "n_portfolio_days": 70
}
